Year,Duration,Rating,Votes,Genre_Adventure,Genre_Animation,Genre_Biography,Genre_Comedy,Genre_Crime,Genre_Documentary,Genre_Drama,Genre_Family,Genre_Fantasy,Genre_History,Genre_Horror,Genre_Music,Genre_Musical,Genre_Mystery,Genre_Romance,Genre_Sci-Fi,Genre_Sport,Genre_Thriller,Genre_Unknown,Genre_War
2019,109,7.0,8,0,0,0,0,0,0,1,0,0,0,0,0,0,0,0,0,0,0,0,0
2019,110,4.4,35,0,0,0,1,0,0,0,0,0,0,0,0,0,0,0,0,0,0,0,0
1997,147,4.7,827,0,0,0,1,0,0,0,0,0,0,0,0,0,0,0,0,0,0,0,0
2005,142,7.4,1086,0,0,0,0,0,0,1,0,0,0,0,0,0,0,0,0,0,0,0,0
2012,82,5.6,326,0,0,0,0,0,0,0,0,0,0,1,0,0,0,0,0,0,0,0,0
2014,116,4.0,11,0,0,0,0,0,0,0,0,0,0,0,0,0,0,0,0,0,0,0,0
2004,96,6.2,17,0,0,0,0,0,0,1,0,0,0,0,0,0,0,0,0,0,0,0,0
2016,120,5.9,59,0,0,0,0,0,0,0,0,0,0,1,0,0,0,0,0,0,0,0,0
1991,161,6.5,983,0,0,0,0,0,0,0,0,0,0,1,0,0,0,0,0,0,0,0,0
2012,166,5.7,512,0,0,0,1,0,0,0,0,0,0,0,0,0,0,0,0,0,0,0,0
2018,102,7.4,6619,0,0,0,1,0,0,0,0,0,0,0,0,0,0,0,0,0,0,0,0
2010,87,6.3,162,0,0,0,1,0,0,0,0,0,0,0,0,0,0,0,0,0,0,0,0
1958,132,7.2,72,0,0,0,0,1,0,0,0,0,0,0,0,0,0,0,0,0,0,0,0
2021,105,4.4,63,0,0,0,0,0,0,0,0,0,0,1,0,0,0,0,0,0,0,0,0
2017,116,6.6,26,0,0,0,1,0,0,0,0,0,0,0,0,0,0,0,0,0,0,0,0
2009,146,7.3,6329,0,0,0,0,0,0,1,0,0,0,0,0,0,0,0,0,0,0,0,0
2005,116,7.1,1002,0,0,0,0,0,0,1,0,0,0,0,0,0,0,0,0,0,0,0,0
1993,168,5.6,15,0,0,0,0,0,0,1,0,0,0,0,0,0,0,0,0,0,0,0,0
2002,158,6.9,1235,0,0,0,0,0,0,0,0,0,0,0,0,0,0,0,0,0,0,0,0
2014,126,3.5,10,0,0,0,0,0,0,0,0,0,0,0,0,0,0,0,0,0,0,0,0
1946,134,5.0,8,0,0,0,0,0,0,1,0,0,0,0,0,0,0,0,0,0,0,0,0
2004,94,4.5,16,0,0,0,0,0,0,1,0,0,0,0,0,0,0,0,0,0,0,0,0
2008,138,6.4,3100,0,0,0,0,0,0,0,0,0,0,1,0,0,0,0,0,0,0,0,0
2016,120,4.1,1559,0,0,0,0,0,0,0,0,0,0,1,0,0,0,0,0,0,0,0,0
2012,124,4.8,1811,0,0,0,0,0,0,1,0,0,0,0,0,0,0,0,0,0,0,0,0
2018,144,4.5,1069,0,0,0,0,0,0,0,0,0,0,1,0,0,0,0,0,0,0,0,0
1994,157,7.2,3223,0,0,0,0,0,0,0,0,0,0,0,0,0,0,0,0,0,0,0,0
2007,136,8.1,1892,0,0,0,0,0,0,0,0,0,0,0,0,0,0,0,0,0,0,0,0
2019,107,4.0,20,0,0,0,0,0,0,0,0,0,0,0,0,0,0,0,0,0,1,0,0
2017,113,5.5,106,0,0,0,1,0,0,0,0,0,0,0,0,0,0,0,0,0,0,0,0
2014,134,7.3,16,0,0,0,0,0,0,1,0,0,0,0,0,0,0,0,0,0,0,0,0
2013,134,5.6,14,0,0,0,1,0,0,0,0,0,0,0,0,0,0,0,0,0,0,0,0
2012,80,6.8,21,1,0,0,0,0,0,0,0,0,0,0,0,0,0,0,0,0,0,0,0
2003,122,5.0,33,0,0,0,0,0,0,0,0,0,0,0,0,0,0,0,0,0,0,0,0
2014,149,6.9,24034,0,0,0,1,0,0,0,0,0,0,0,0,0,0,0,0,0,0,0,0
2018,148,6.2,21938,0,0,0,0,0,0,0,0,0,0,0,0,0,0,0,0,0,0,0,0
1998,149,3.5,112,0,0,0,0,1,0,0,0,0,0,0,0,0,0,0,0,0,0,0,0
2017,130,6.1,94,0,0,0,1,0,0,0,0,0,0,0,0,0,0,0,0,0,0,0,0
2018,124,6.1,8,0,0,0,0,0,0,0,0,0,0,0,0,0,0,0,0,0,1,0,0
1979,121,7.7,52,0,0,0,0,0,0,1,0,0,0,0,0,0,0,0,0,0,0,0,0
2019,126,6.1,361,0,0,0,0,0,0,0,0,0,0,0,0,0,0,0,0,1,0,0,0
2002,188,5.1,642,0,0,1,0,0,0,0,0,0,0,0,0,0,0,0,0,0,0,0,0
1951,134,7.6,5,0,0,0,0,0,0,0,0,0,0,0,0,0,0,0,0,0,0,1,0
1956,134,6.6,7,0,0,0,0,0,0,0,0,0,0,0,0,0,0,0,0,0,0,1,0
2008,134,3.1,32,0,0,0,0,0,0,1,0,0,0,0,0,0,0,0,0,0,0,0,0
1974,115,6.9,194,0,0,0,0,0,0,1,0,0,0,0,0,0,0,0,0,0,0,0,0
2014,103,5.0,514,0,0,0,0,0,0,0,0,0,0,1,0,0,0,0,0,0,0,0,0
2012,114,3.3,165,0,0,0,1,0,0,0,0,0,0,0,0,0,0,0,0,0,0,0,0
2003,115,7.8,2322,0,0,0,0,1,0,0,0,0,0,0,0,0,0,0,0,0,0,0,0
2019,122,6.9,35,0,0,0,1,0,0,0,0,0,0,0,0,0,0,0,0,0,0,0,0
2009,170,8.4,357889,0,0,0,1,0,0,0,0,0,0,0,0,0,0,0,0,0,0,0,0
2009,134,5.2,23,0,0,0,0,0,0,1,0,0,0,0,0,0,0,0,0,0,0,0,0
2018,100,6.9,358,0,0,0,0,0,0,1,0,0,0,0,0,0,0,0,0,0,0,0,0
2015,99,4.3,6,1,0,0,0,0,0,0,0,0,0,0,0,0,0,0,0,0,0,0,0
2004,134,5.0,14,0,0,0,0,0,0,0,0,0,0,1,0,0,0,0,0,0,0,0,0
2016,134,4.8,26,0,0,0,0,0,0,0,0,0,0,0,0,0,0,0,0,0,1,0,0
2015,109,5.8,238,0,0,0,0,0,0,0,0,0,0,0,0,0,0,0,0,0,0,0,0
2009,134,4.6,9,0,0,0,0,0,0,0,0,0,0,0,0,0,0,0,0,0,1,0,0
2006,140,5.7,4373,0,0,0,1,0,0,0,0,0,0,0,0,0,0,0,0,0,0,0,0
1981,122,7.5,392,0,0,0,0,0,0,1,0,0,0,0,0,0,0,0,0,0,0,0,0
1974,134,6.7,128,0,0,0,0,0,0,0,0,0,0,0,0,0,0,0,0,0,0,0,0
2020,128,5.7,252,0,0,0,0,1,0,0,0,0,0,0,0,0,0,0,0,0,0,0,0
2019,93,5.6,93,0,0,0,0,0,0,1,0,0,0,0,0,0,0,0,0,0,0,0,0
1985,102,5.6,80,0,0,0,0,0,0,0,0,0,0,1,0,0,0,0,0,0,0,0,0
2013,125,3.6,1128,0,0,0,0,0,0,0,0,0,0,1,0,0,0,0,0,0,0,0,0
2019,145,6.3,6,0,0,0,0,0,0,0,0,0,0,1,0,0,0,0,0,0,0,0,0
2011,121,7.3,2548,0,0,0,0,0,0,1,0,0,0,0,0,0,0,0,0,0,0,0,0
2016,75,4.8,9,0,0,0,0,0,0,1,0,0,0,0,0,0,0,0,0,0,0,0,0
2009,134,3.9,14,0,0,0,0,0,0,1,0,0,0,0,0,0,0,0,0,0,0,0,0
2012,113,7.8,21,0,0,0,0,0,0,1,0,0,0,0,0,0,0,0,0,0,0,0,0
2012,111,5.7,75,0,0,0,0,0,0,0,0,0,0,0,0,0,0,0,0,0,1,0,0
1974,134,6.5,36,0,0,0,0,0,0,0,0,0,0,0,0,0,0,0,0,0,0,0,0
2007,134,6.5,82,0,0,0,1,0,0,0,0,0,0,0,0,0,0,0,0,0,0,0,0
2011,110,4.6,19,0,0,0,0,0,0,0,0,0,0,0,0,0,0,0,0,0,0,0,0
1967,134,5.4,5,0,0,0,0,0,0,0,0,0,0,0,0,0,0,0,0,0,0,1,0
2014,104,4.2,171,0,0,0,0,0,0,0,0,0,0,1,0,0,0,0,0,0,0,0,0
2007,92,6.2,31,0,0,0,0,0,0,1,0,0,0,0,0,0,0,0,0,0,0,0,0
2005,136,5.3,281,0,0,0,1,0,0,0,0,0,0,0,0,0,0,0,0,0,0,0,0
1988,126,5.0,7,0,0,0,0,0,0,0,0,0,0,0,0,0,0,0,0,0,0,0,0
1995,134,3.4,10,0,0,0,0,0,0,0,0,0,0,0,0,0,0,0,0,0,0,0,0
2016,115,5.7,398,0,0,0,0,1,0,0,0,0,0,0,0,0,0,0,0,0,0,0,0
2006,100,6.2,10,0,0,0,0,0,1,0,0,0,0,0,0,0,0,0,0,0,0,0,0
2011,137,6.1,5640,0,0,0,0,0,0,1,0,0,0,0,0,0,0,0,0,0,0,0,0
1987,127,4.1,34,0,0,0,0,0,0,1,0,0,0,0,0,0,0,0,0,0,0,0,0
2019,120,5.3,449,0,0,0,0,0,0,0,0,0,0,0,0,0,0,0,0,0,1,0,0
2019,130,5.3,249,0,0,0,0,0,0,0,0,0,0,0,0,0,0,0,0,0,0,0,0
2009,122,5.4,5459,0,0,0,0,0,0,0,0,0,0,0,0,0,0,0,0,0,0,0,0
2021,115,6.6,21,1,0,0,0,0,0,0,0,0,0,0,0,0,0,0,0,0,0,0,0
2003,119,4.7,66,0,0,0,0,0,0,0,0,0,0,0,0,0,1,0,0,0,0,0,0
2017,124,5.3,9,0,0,0,0,0,0,0,0,0,0,0,0,0,0,0,0,0,0,0,0
2009,135,7.3,2767,0,0,0,1,0,0,0,0,0,0,0,0,0,0,0,0,0,0,0,0
2019,128,7.4,1901,0,0,0,0,0,0,0,0,0,0,0,0,1,0,0,0,0,0,0,0
2005,90,4.8,38,0,0,0,0,1,0,0,0,0,0,0,0,0,0,0,0,0,0,0,0
2016,105,8.1,412,0,0,0,0,0,0,1,0,0,0,0,0,0,0,0,0,0,0,0,0
2017,145,6.3,10,0,0,0,0,0,0,1,0,0,0,0,0,0,0,0,0,0,0,0,0
2016,110,7.5,4637,0,0,0,0,0,0,1,0,0,0,0,0,0,0,0,0,0,0,0,0
2015,72,7.7,10,0,0,0,0,0,1,0,0,0,0,0,0,0,0,0,0,0,0,0,0
2005,150,6.8,179,0,0,0,0,0,0,0,0,0,0,1,0,0,0,0,0,0,0,0,0
2010,103,4.5,202,0,0,0,0,0,0,1,0,0,0,0,0,0,0,0,0,0,0,0,0
2016,151,3.0,4145,0,0,0,0,0,0,0,0,0,0,0,0,0,0,0,0,0,0,0,0
2020,109,6.3,181,0,0,0,1,0,0,0,0,0,0,0,0,0,0,0,0,0,0,0,0
2017,145,6.2,5227,0,0,0,0,0,0,0,0,0,0,0,0,0,0,0,0,0,0,0,0
2019,95,8.0,33,0,0,0,0,0,0,1,0,0,0,0,0,0,0,0,0,0,0,0,0
2013,127,7.3,17,0,0,0,0,0,0,1,0,0,0,0,0,0,0,0,0,0,0,0,0
1996,52,6.4,7,0,0,0,0,0,1,0,0,0,0,0,0,0,0,0,0,0,0,0,0
2013,140,6.0,80,0,0,0,0,0,0,0,0,0,0,0,0,0,0,1,0,0,0,0,0
2020,89,6.8,15,0,0,0,0,0,1,0,0,0,0,0,0,0,0,0,0,0,0,0,0
2016,112,3.1,142,0,0,0,0,0,0,0,0,0,0,0,0,0,0,0,0,0,1,0,0
2011,134,3.8,15,0,0,0,0,0,0,1,0,0,0,0,0,0,0,0,0,0,0,0,0
2005,143,3.8,627,0,0,0,0,0,0,1,0,0,0,0,0,0,0,0,0,0,0,0,0
2017,90,6.9,337,0,0,0,0,0,1,0,0,0,0,0,0,0,0,0,0,0,0,0,0
2019,104,7.9,24,0,0,0,0,0,0,1,0,0,0,0,0,0,0,0,0,0,0,0,0
2002,134,6.9,8,0,0,0,0,0,1,0,0,0,0,0,0,0,0,0,0,0,0,0,0
2008,104,8.1,75118,0,0,0,0,0,0,0,0,0,0,0,0,0,0,0,0,0,0,0,0
1999,177,5.5,1621,0,0,0,0,0,0,0,0,0,0,0,0,1,0,0,0,0,0,0,0
2018,121,8.0,249,0,0,0,0,0,0,1,0,0,0,0,0,0,0,0,0,0,0,0,0
2009,117,5.0,866,0,0,0,0,0,0,0,0,0,0,0,0,0,0,0,0,0,0,0,0
1973,148,7.2,348,0,0,0,0,0,0,0,0,0,0,0,0,0,0,0,0,0,0,0,0
1994,158,4.4,115,0,0,0,0,0,0,0,0,0,0,0,0,0,1,0,0,0,0,0,0
2017,123,2.7,339,0,0,0,0,0,0,0,0,0,0,0,0,0,0,0,0,0,0,0,0
2016,120,6.8,16,0,0,0,0,0,0,1,0,0,0,0,0,0,0,0,0,0,0,0,0
1999,134,4.9,28,0,0,0,0,0,0,0,0,0,0,0,0,0,0,0,0,0,0,0,0
2004,144,2.4,264,0,0,0,0,0,0,0,0,1,0,0,0,0,0,0,0,0,0,0,0
1968,170,5.5,21,0,0,0,1,0,0,0,0,0,0,0,0,0,0,0,0,0,0,0,0
1943,134,5.2,5,0,0,0,0,0,0,0,0,0,0,0,0,0,0,0,0,0,0,1,0
1953,134,5.0,5,0,0,0,0,0,0,1,0,0,0,0,0,0,0,0,0,0,0,0,0
1943,134,5.2,5,0,0,0,0,0,0,0,0,0,0,0,0,0,0,0,0,0,0,1,0
1986,134,5.5,6,0,0,0,0,0,0,0,0,0,0,0,0,0,0,0,0,0,0,0,0
2018,72,7.4,150,0,0,0,0,0,0,0,0,0,0,1,0,0,0,0,0,0,0,0,0
1982,105,5.5,28,0,0,0,0,0,0,0,0,0,0,0,0,0,0,0,0,0,0,0,0
1977,132,5.1,18,0,0,0,0,0,0,0,0,0,0,0,0,0,0,0,0,0,0,0,0
2019,107,7.6,69,0,0,0,0,0,0,1,0,0,0,0,0,0,0,0,0,0,0,0,0
1982,154,6.4,19,0,0,0,0,0,0,1,0,0,0,0,0,0,0,0,0,0,0,0,0
2013,157,5.4,568,0,0,0,0,0,0,0,0,0,0,0,0,0,0,0,0,0,0,0,0
1991,134,6.2,9,0,0,0,0,0,0,0,0,0,0,0,0,0,0,0,0,0,0,1,0
1950,115,6.7,9,0,0,0,0,0,0,1,0,0,0,0,0,0,0,0,0,0,0,0,0
1968,175,6.8,196,0,0,0,0,0,0,1,0,0,0,0,0,0,0,0,0,0,0,0,0
1993,153,6.5,97,0,0,0,0,0,0,0,0,0,0,0,0,0,0,0,0,0,0,0,0
1991,142,6.7,66,0,0,0,0,0,0,0,0,1,0,0,0,0,0,0,0,0,0,0,0
1969,168,6.2,149,0,0,0,0,0,0,1,0,0,0,0,0,0,0,0,0,0,0,0,0
1993,158,5.0,142,0,0,0,0,0,0,1,0,0,0,0,0,0,0,0,0,0,0,0,0
2009,78,7.6,62,0,0,0,0,0,0,1,0,0,0,0,0,0,0,0,0,0,0,0,0
1977,138,5.4,34,0,0,0,0,0,0,1,0,0,0,0,0,0,0,0,0,0,0,0,0
2016,145,4.2,266,0,0,0,0,0,0,0,0,0,0,1,0,0,0,0,0,0,0,0,0
1977,148,5.3,17,0,0,0,0,1,0,0,0,0,0,0,0,0,0,0,0,0,0,0,0
1948,138,7.4,357,0,0,0,0,0,0,0,0,0,0,0,0,1,0,0,0,0,0,0,0
1967,134,6.2,29,0,0,0,0,0,0,0,0,0,0,0,0,0,0,0,0,0,0,0,0
1994,139,4.6,227,0,0,0,0,0,0,0,0,0,0,0,0,0,0,0,0,0,0,0,0
1994,134,3.1,11,0,0,0,0,0,0,0,0,0,0,0,0,0,0,0,0,0,0,0,0
1994,133,4.1,13,0,0,0,0,0,0,0,0,0,0,0,0,0,0,0,0,0,0,0,0
1970,134,3.7,14,0,0,0,0,0,0,0,0,0,0,0,0,0,0,0,0,0,0,0,0
1986,134,4.1,42,0,0,0,0,0,0,0,0,0,0,0,0,0,0,0,0,0,0,0,0
1987,170,5.3,93,0,0,0,0,0,0,0,0,0,0,0,0,0,0,0,0,0,0,0,0
1990,134,4.2,22,0,0,0,0,0,0,0,0,0,0,0,0,0,0,0,0,0,0,0,0
1990,180,4.8,101,0,0,0,0,0,0,0,0,0,0,0,0,0,0,0,0,0,0,0,0
1993,137,4.8,21,0,0,0,0,0,0,0,0,0,0,0,0,0,0,0,0,0,0,0,0
1988,138,3.4,7,0,0,0,0,0,0,0,0,0,0,0,0,0,0,0,0,0,0,0,0
1991,134,5.7,7,0,0,0,0,0,0,1,0,0,0,0,0,0,0,0,0,0,0,0,0
1989,151,5.0,52,0,0,0,0,0,0,0,0,0,0,0,0,0,0,0,0,0,0,0,0
2011,134,3.6,23,0,0,0,0,0,0,1,0,0,0,0,0,0,0,0,0,0,0,0,0
1947,134,6.0,6,0,0,0,0,0,0,1,0,0,0,0,0,0,0,0,0,0,0,0,0
1988,134,4.8,30,0,0,0,1,0,0,0,0,0,0,0,0,0,0,0,0,0,0,0,0
2001,78,3.1,7,0,0,0,0,0,0,0,0,0,0,1,0,0,0,0,0,0,0,0,0
2009,117,5.0,381,0,0,0,1,0,0,0,0,0,0,0,0,0,0,0,0,0,0,0,0
2000,153,4.2,274,0,0,0,0,0,0,0,0,0,0,0,0,0,0,0,0,0,0,0,0
1982,134,4.8,8,0,0,0,0,0,0,1,0,0,0,0,0,0,0,0,0,0,0,0,0
1953,150,7.2,275,0,0,0,0,0,0,1,0,0,0,0,0,0,0,0,0,0,0,0,0
1971,134,6.4,10,0,0,0,0,0,0,0,0,0,0,0,0,0,0,0,0,0,1,0,0
1978,135,6.0,25,0,0,0,0,0,0,0,0,0,0,0,0,0,0,0,0,0,0,0,0
1993,149,6.0,448,0,0,0,0,0,0,1,0,0,0,0,0,0,0,0,0,0,0,0,0
1977,150,6.8,94,0,0,0,0,0,0,1,0,0,0,0,0,0,0,0,0,0,0,0,0
1944,134,3.2,5,0,0,0,0,0,0,1,0,0,0,0,0,0,0,0,0,0,0,0,0
1987,116,5.5,281,0,0,0,0,0,0,1,0,0,0,0,0,0,0,0,0,0,0,0,0
1947,134,4.1,8,0,0,0,1,0,0,0,0,0,0,0,0,0,0,0,0,0,0,0,0
1963,144,5.6,52,0,0,0,0,0,0,1,0,0,0,0,0,0,0,0,0,0,0,0,0
1935,134,6.0,5,0,0,0,0,0,0,0,0,0,0,0,0,0,0,0,0,0,0,1,0
2003,46,3.1,15,0,0,0,0,0,0,0,0,0,0,0,0,0,0,0,0,0,0,0,0
1990,164,4.7,586,0,0,0,0,0,0,0,0,0,0,0,0,0,0,0,0,0,0,0,0
1985,153,5.1,40,0,0,0,0,0,0,0,0,0,0,0,0,0,0,0,0,0,0,0,0
1993,134,5.6,29,0,0,0,0,0,0,0,0,0,0,0,0,0,0,0,0,0,0,0,0
1992,147,5.3,144,0,0,0,0,0,0,0,0,0,0,0,0,0,0,0,0,0,0,0,0
2001,134,4.7,23,0,0,0,0,0,0,0,0,0,0,0,0,0,0,0,0,0,0,0,0
2006,134,6.0,46,0,0,0,0,0,0,0,0,0,0,0,0,0,0,0,0,0,0,0,0
2006,134,5.7,17,0,0,0,0,0,0,0,0,0,0,0,0,0,0,0,0,0,0,0,0
1976,170,3.5,23,0,0,0,0,0,0,0,0,0,0,0,0,0,0,0,0,0,0,0,0
2000,134,5.8,8,0,0,0,0,0,0,0,0,0,0,0,0,0,0,0,0,0,0,0,0
2000,128,4.3,31,0,0,0,0,0,0,0,0,0,0,0,0,0,0,0,0,0,0,0,0
1991,123,3.1,14,0,0,0,0,0,0,0,0,0,0,0,0,0,0,0,0,0,0,0,0
1976,134,4.5,10,0,0,0,0,0,0,1,0,0,0,0,0,0,0,0,0,0,0,0,0
1984,157,5.8,65,0,0,0,0,0,0,0,0,0,0,0,0,0,0,0,0,0,0,0,0
1988,128,5.0,26,0,0,0,0,0,0,0,0,0,0,0,0,0,0,0,0,0,0,0,0
1990,132,3.3,15,0,0,0,0,0,0,0,0,0,0,0,0,0,0,0,0,0,0,0,0
1985,134,5.3,37,1,0,0,0,0,0,0,0,0,0,0,0,0,0,0,0,0,0,0,0
1984,137,5.6,79,0,0,0,0,0,0,0,0,0,0,0,0,0,0,0,0,0,0,0,0
1973,134,7.3,88,0,0,0,1,0,0,0,0,0,0,0,0,0,0,0,0,0,0,0,0
1993,134,3.8,14,0,0,0,0,0,0,0,0,0,0,0,0,0,0,0,0,0,0,0,0
1993,162,4.4,30,0,0,0,0,0,0,0,0,0,0,0,0,0,0,1,0,0,0,0,0
2007,137,6.2,2998,0,0,0,0,0,0,1,0,0,0,0,0,0,0,0,0,0,0,0,0
1968,121,6.7,14,0,0,0,0,0,0,1,0,0,0,0,0,0,0,0,0,0,0,0,0
1994,134,3.3,7,0,0,0,0,0,0,1,0,0,0,0,0,0,0,0,0,0,0,0,0
2000,134,4.4,5,0,0,0,0,0,0,0,0,0,0,0,0,0,0,0,0,0,0,0,0
1985,134,6.6,158,0,0,0,0,0,0,1,0,0,0,0,0,0,0,0,0,0,0,0,0
1986,164,7.1,1283,0,0,0,0,0,0,0,0,0,0,0,0,0,0,0,0,0,0,0,0
1988,148,5.2,78,0,0,0,0,0,0,0,0,0,0,0,0,0,0,0,0,0,0,0,0
1989,149,4.1,53,0,0,0,0,0,0,0,0,0,0,0,0,0,0,0,0,0,0,0,0
1989,120,5.0,21,0,0,0,0,0,0,0,0,0,0,0,0,0,0,0,0,0,0,0,0
1991,134,4.8,47,0,0,0,0,0,0,0,0,0,0,1,0,0,0,0,0,0,0,0,0
1975,134,5.5,29,0,0,0,0,0,0,0,0,0,0,0,0,0,0,0,0,0,0,0,0
1978,134,5.6,21,0,0,0,0,0,0,0,0,0,0,0,0,0,0,0,0,0,0,0,0
1958,134,6.4,16,0,0,0,1,0,0,0,0,0,0,0,0,0,0,0,0,0,0,0,0
1989,171,4.9,34,0,0,0,0,0,0,0,0,0,0,0,0,0,0,0,0,0,0,0,0
1977,134,4.8,18,0,0,0,0,0,0,0,0,0,0,0,0,0,0,0,0,0,0,0,0
1980,134,4.9,10,0,0,0,0,0,0,0,0,0,0,0,0,0,0,0,0,0,0,0,0
2002,134,2.5,16,0,0,0,0,0,0,0,0,0,0,0,0,0,0,0,0,0,0,0,0
1979,126,6.3,7,0,0,0,0,0,0,0,0,0,0,0,0,0,0,0,0,0,0,0,0
1966,153,6.9,122,0,0,0,0,0,0,1,0,0,0,0,0,0,0,0,0,0,0,0,0
1990,160,7.3,39,0,0,0,0,0,0,0,0,0,0,0,0,0,0,0,0,0,0,0,0
1997,138,2.8,17,0,0,0,0,0,0,0,0,0,0,0,0,0,0,0,0,0,0,0,0
1975,139,6.3,44,0,0,0,0,0,0,1,0,0,0,0,0,0,0,0,0,0,0,0,0
1980,144,7.9,887,0,0,0,0,1,0,0,0,0,0,0,0,0,0,0,0,0,0,0,0
2010,115,7.0,3464,0,0,0,0,0,0,0,0,0,0,0,0,0,0,0,0,0,0,0,0
1998,134,4.6,93,0,0,0,0,0,0,0,0,0,0,0,0,0,0,0,0,0,0,0,0
2012,116,5.4,26,0,0,0,0,0,0,0,0,0,0,0,0,0,0,0,1,0,0,0,0
2001,177,7.2,2192,0,0,0,0,0,0,0,0,0,0,0,0,0,0,0,0,0,0,0,0
2007,152,3.0,922,0,0,0,0,0,0,0,0,0,0,0,0,0,0,0,0,0,0,0,0
2018,107,7.7,72,0,0,0,0,0,0,1,0,0,0,0,0,0,0,0,0,0,0,0,0
2001,150,4.8,1238,0,0,0,1,0,0,0,0,0,0,0,0,0,0,0,0,0,0,0,0
2008,99,7.7,10862,0,0,0,0,0,0,0,0,0,0,0,0,0,0,0,0,0,0,0,0
1967,163,6.5,81,0,0,0,0,1,0,0,0,0,0,0,0,0,0,0,0,0,0,0,0
1982,143,6.4,53,0,0,0,0,0,0,0,0,0,0,0,0,0,0,0,0,0,0,0,0
2009,134,5.8,60,0,0,0,0,0,0,1,0,0,0,0,0,0,0,0,0,0,0,0,0
1984,130,6.4,37,0,0,0,0,0,0,1,0,0,0,0,0,0,0,0,0,0,0,0,0
1972,134,6.1,28,0,0,0,0,0,0,1,0,0,0,0,0,0,0,0,0,0,0,0,0
1956,134,2.8,5,0,0,0,0,0,0,0,0,0,0,0,0,0,0,1,0,0,0,0,0
1970,177,6.4,211,0,0,0,0,0,0,1,0,0,0,0,0,0,0,0,0,0,0,0,0
2004,149,5.7,2907,0,0,0,0,0,0,0,0,0,0,0,0,0,0,0,0,0,0,0,0
2003,160,5.6,102,0,0,0,0,0,0,1,0,0,0,0,0,0,0,0,0,0,0,0,0
1980,138,6.4,58,0,0,0,0,0,0,0,0,0,0,0,0,0,0,0,0,0,0,0,0
1960,134,4.9,8,0,0,0,0,0,0,1,0,0,0,0,0,0,0,0,0,0,0,0,0
1968,134,5.7,6,0,0,0,0,0,0,1,0,0,0,0,0,0,0,0,0,0,0,0,0
1975,133,8.1,1406,0,0,0,0,0,0,1,0,0,0,0,0,0,0,0,0,0,0,0,0
1964,134,6.0,8,0,0,0,0,0,0,0,0,0,0,0,0,0,0,0,0,0,0,0,0
1985,144,6.1,49,0,0,0,0,0,0,1,0,0,0,0,0,0,0,0,0,0,0,0,0
1952,136,7.4,30,0,0,0,0,0,0,1,0,0,0,0,0,0,0,0,0,0,0,0,0
1990,145,4.8,38,0,0,0,0,0,0,1,0,0,0,0,0,0,0,0,0,0,0,0,0
1959,134,6.6,31,0,0,0,0,0,0,0,0,0,0,0,1,0,0,0,0,0,0,0,0
1979,134,5.6,5,0,0,0,0,0,0,1,0,0,0,0,0,0,0,0,0,0,0,0,0
2019,94,6.6,15,0,0,0,0,0,0,1,0,0,0,0,0,0,0,0,0,0,0,0,0
1972,134,6.0,6,0,0,0,0,0,0,0,1,0,0,0,0,0,0,0,0,0,0,0,0
2004,134,7.4,15,0,0,0,0,0,0,0,0,0,0,0,0,0,0,0,0,0,0,0,0
1993,170,6.7,1898,0,0,0,0,0,0,0,0,0,0,0,0,0,0,0,0,0,0,0,0
1950,134,7.2,6,0,0,0,0,0,0,1,0,0,0,0,0,0,0,0,0,0,0,0,0
2002,165,7.4,12574,0,0,0,0,1,0,0,0,0,0,0,0,0,0,0,0,0,0,0,0
1972,154,6.4,28,0,0,0,0,0,0,1,0,0,0,0,0,0,0,0,0,0,0,0,0
1970,150,6.5,24,0,0,0,1,0,0,0,0,0,0,0,0,0,0,0,0,0,0,0,0
1964,134,6.2,15,0,0,0,0,0,0,1,0,0,0,0,0,0,0,0,0,0,0,0,0
1994,141,4.2,160,0,0,0,0,0,0,0,0,0,0,0,0,0,0,1,0,0,0,0,0
2009,140,5.1,584,0,0,0,1,0,0,0,0,0,0,0,0,0,0,0,0,0,0,0,0
1971,119,6.6,80,0,0,0,1,0,0,0,0,0,0,0,0,0,0,0,0,0,0,0,0
1976,145,5.7,32,0,0,0,0,0,0,1,0,0,0,0,0,0,0,0,0,0,0,0,0
1980,134,5.8,204,0,0,0,0,0,0,0,0,0,0,0,0,0,0,1,0,0,0,0,0
1986,134,5.7,49,0,0,0,0,0,0,1,0,0,0,0,0,0,0,0,0,0,0,0,0
1974,153,7.0,420,0,0,0,0,0,0,0,0,0,0,0,0,0,0,1,0,0,0,0,0
1977,115,6.3,27,0,0,0,0,0,0,0,0,0,0,0,0,0,0,0,0,0,0,0,0
2006,122,3.6,863,0,0,0,1,0,0,0,0,0,0,0,0,0,0,0,0,0,0,0,0
1964,128,6.3,39,0,0,0,0,0,0,1,0,0,0,0,0,0,0,0,0,0,0,0,0
2002,180,3.1,2366,0,0,0,0,0,0,0,0,0,0,0,0,0,0,0,0,0,0,0,0
1980,145,5.6,38,0,0,0,0,0,0,0,0,0,0,0,0,0,0,1,0,0,0,0,0
2009,134,6.0,10,0,0,0,0,0,0,1,0,0,0,0,0,0,0,0,0,0,0,0,0
1981,148,5.2,17,0,0,0,0,0,0,0,0,0,0,0,0,0,0,0,0,0,0,0,0
2003,145,4.5,273,0,0,0,0,0,0,0,0,0,0,0,0,0,0,0,0,0,0,0,0
1992,134,6.4,12,0,0,0,0,0,0,1,0,0,0,0,0,0,0,0,0,0,0,0,0
1985,125,6.1,44,0,0,0,0,0,0,0,0,0,0,0,0,0,0,0,0,0,0,0,0
1997,180,6.1,230,0,0,0,0,0,0,0,0,0,0,0,0,0,0,0,0,0,1,0,0
2011,164,6.2,5170,0,0,0,0,0,0,1,0,0,0,0,0,0,0,0,0,0,0,0,0
1951,134,6.8,40,0,0,0,0,0,0,0,0,0,0,0,0,0,0,1,0,0,0,0,0
1957,210,5.9,7,0,0,0,0,0,0,0,0,0,0,1,0,0,0,0,0,0,0,0,0
1974,129,6.7,13,0,0,0,0,0,0,1,0,0,0,0,0,0,0,0,0,0,0,0,0
1954,146,6.6,250,0,0,0,0,0,0,0,0,0,0,0,0,1,0,0,0,0,0,0,0
1962,156,6.6,67,0,0,0,0,0,0,0,1,0,0,0,0,0,0,0,0,0,0,0,0
2007,157,4.6,191,0,0,0,0,0,0,0,0,0,0,0,0,0,0,0,0,0,0,0,0
1999,175,5.4,1445,0,0,0,0,0,0,1,0,0,0,0,0,0,0,0,0,0,0,0,0
1953,134,5.1,13,0,0,0,0,0,0,0,0,0,0,0,0,0,0,1,0,0,0,0,0
1961,134,6.8,32,0,0,0,0,0,0,0,1,0,0,0,0,0,0,0,0,0,0,0,0
1981,134,5.8,107,0,0,0,0,0,0,0,0,0,0,0,0,0,0,1,0,0,0,0,0
1957,171,6.5,23,0,0,0,1,0,0,0,0,0,0,0,0,0,0,0,0,0,0,0,0
1980,123,5.3,199,0,0,0,0,0,0,1,0,0,0,0,0,0,0,0,0,0,0,0,0
2010,120,7.1,1259,0,0,0,0,0,0,1,0,0,0,0,0,0,0,0,0,0,0,0,0
1986,134,2.6,11,0,0,0,0,0,0,1,0,0,0,0,0,0,0,0,0,0,0,0,0
1993,134,5.2,299,0,0,0,0,0,0,1,0,0,0,0,0,0,0,0,0,0,0,0,0
1962,150,6.7,64,0,0,0,0,0,0,0,0,0,0,0,0,0,0,1,0,0,0,0,0
2001,160,3.8,403,0,0,0,0,0,0,0,0,0,0,0,0,0,0,0,0,0,0,0,0
2005,115,4.3,1569,0,0,0,0,0,0,1,0,0,0,0,0,0,0,0,0,0,0,0,0
1977,136,5.5,85,0,0,0,0,0,0,0,0,0,0,0,0,0,0,1,0,0,0,0,0
1995,134,6.2,13,0,0,0,1,0,0,0,0,0,0,0,0,0,0,0,0,0,0,0,0
1990,152,6.3,1661,0,0,0,0,0,0,0,0,0,0,0,0,1,0,0,0,0,0,0,0
2013,132,7.0,27357,0,0,0,0,0,0,1,0,0,0,0,0,0,0,0,0,0,0,0,0
2011,109,3.7,61,0,0,0,0,0,0,1,0,0,0,0,0,0,0,0,0,0,0,0,0
1968,146,7.3,203,0,0,0,0,0,0,1,0,0,0,0,0,0,0,0,0,0,0,0,0
2014,132,6.1,10,0,0,0,0,0,0,1,0,0,0,0,0,0,0,0,0,0,0,0,0
2018,105,5.2,8,0,0,0,0,0,0,0,0,0,0,0,0,0,0,0,0,0,0,0,0
2009,240,3.8,46,0,0,0,0,0,0,1,0,0,0,0,0,0,0,0,0,0,0,0,0
1984,145,4.8,12,0,0,0,0,0,0,1,0,0,0,0,0,0,0,0,0,0,0,0,0
1965,172,5.5,6,0,0,0,0,0,0,1,0,0,0,0,0,0,0,0,0,0,0,0,0
1992,88,6.8,56,1,0,0,0,0,0,0,0,0,0,0,0,0,0,0,0,0,0,0,0
1993,150,4.5,88,0,0,0,0,0,0,0,0,0,0,0,0,0,0,0,0,0,0,0,0
1966,161,7.2,32,0,0,0,0,0,0,1,0,0,0,0,0,0,0,0,0,0,0,0,0
1997,132,6.4,172,0,0,0,0,0,0,1,0,0,0,0,0,0,0,0,0,0,0,0,0
1996,113,3.9,99,0,0,0,0,0,0,0,0,0,0,0,0,0,0,0,0,0,0,0,0
1995,155,5.2,776,0,0,0,0,0,0,0,0,0,0,0,0,0,0,0,0,0,0,0,0
2006,167,4.4,2166,0,0,0,0,0,0,0,0,0,0,0,0,0,0,0,0,0,0,0,0
1979,139,4.5,16,0,0,0,0,0,0,0,0,0,0,0,0,0,0,0,0,0,0,0,0
1994,155,5.8,735,0,0,0,0,0,0,0,0,0,0,0,0,0,0,0,0,0,0,0,0
2006,107,4.2,79,0,0,0,0,1,0,0,0,0,0,0,0,0,0,0,0,0,0,0,0
2013,100,3.8,623,0,0,0,0,0,0,1,0,0,0,0,0,0,0,0,0,0,0,0,0
1998,153,6.4,170,0,0,0,1,0,0,0,0,0,0,0,0,0,0,0,0,0,0,0,0
1974,107,7.0,213,0,0,0,0,0,0,1,0,0,0,0,0,0,0,0,0,0,0,0,0
1956,146,5.1,7,0,0,0,0,0,0,0,0,0,0,0,0,0,0,1,0,0,0,0,0
1990,134,3.7,7,0,0,0,0,0,0,1,0,0,0,0,0,0,0,0,0,0,0,0,0
1964,128,6.1,14,0,0,0,0,0,0,0,0,0,0,0,0,0,0,0,0,0,0,0,0
1999,111,5.4,31,0,0,0,0,0,0,0,0,0,0,0,0,0,0,0,0,0,0,0,0
1966,170,6.6,109,0,0,0,0,0,0,0,0,0,0,0,0,1,0,0,0,0,0,0,0
2011,125,4.4,346,0,0,0,0,0,0,0,0,0,0,0,0,0,0,0,0,0,0,0,0
1995,147,5.0,35,0,0,0,0,0,0,0,0,0,0,0,0,0,0,0,0,0,0,0,0
1984,128,6.6,85,0,0,0,1,0,0,0,0,0,0,0,0,0,0,0,0,0,0,0,0
1957,133,7.6,80,0,0,0,0,0,0,1,0,0,0,0,0,0,0,0,0,0,0,0,0
2012,78,4.0,6,0,0,0,1,0,0,0,0,0,0,0,0,0,0,0,0,0,0,0,0
1995,125,4.8,32,0,0,0,0,0,0,0,0,0,0,0,0,0,0,0,0,0,0,0,0
2002,134,3.3,198,0,0,0,0,0,0,0,0,0,0,0,0,0,0,0,0,0,0,0,0
1977,134,4.8,24,0,0,0,0,0,0,0,0,0,0,0,0,0,1,0,0,0,0,0,0
1989,134,5.1,8,0,0,0,0,0,0,0,0,0,0,0,0,0,0,0,0,0,0,0,0
2004,129,7.8,8379,0,0,0,0,0,0,0,0,0,0,0,0,0,0,0,0,0,0,0,0
2015,106,5.8,1344,0,0,0,0,0,0,0,0,0,0,0,0,0,0,0,0,0,0,0,0
1994,127,4.0,6,0,0,0,0,0,0,1,0,0,0,0,0,0,0,0,0,0,0,0,0
2004,193,4.6,1494,0,0,0,0,0,0,0,0,0,0,0,0,0,0,0,0,0,0,0,0
2004,137,3.2,74,0,0,0,0,0,0,0,0,0,0,0,0,0,0,1,0,0,0,0,0
2013,160,6.3,6458,0,0,0,0,0,0,1,0,0,0,0,0,0,0,0,0,0,0,0,0
1980,136,6.4,189,0,0,0,0,0,0,0,0,0,0,0,0,0,0,0,0,0,0,0,0
1933,134,2.8,10,0,0,0,0,0,0,1,0,0,0,0,0,0,0,0,0,0,0,0,0
1955,140,4.8,21,0,0,0,0,0,0,0,0,0,0,0,0,0,0,0,0,0,0,0,0
1995,127,7.0,64,0,0,0,0,0,0,0,0,1,0,0,0,0,0,0,0,0,0,0,0
1977,135,5.4,10,0,0,0,0,0,0,0,0,0,0,0,0,0,0,0,0,0,0,0,0
1968,141,6.8,24,0,0,0,0,0,0,1,0,0,0,0,0,0,0,0,0,0,0,0,0
1957,134,7.1,10,0,0,0,0,0,0,1,0,0,0,0,0,0,0,0,0,0,0,0,0
1973,122,7.9,2665,0,0,0,0,0,0,1,0,0,0,0,0,0,0,0,0,0,0,0,0
1980,134,3.2,8,0,0,0,0,0,0,0,0,0,0,0,0,0,0,0,0,0,0,1,0
1991,140,7.0,326,0,0,0,0,1,0,0,0,0,0,0,0,0,0,0,0,0,0,0,0
1989,168,4.6,28,0,0,0,0,0,0,0,0,0,0,0,0,0,0,0,0,0,0,0,0
1970,154,6.7,70,0,0,0,0,0,0,1,0,0,0,0,0,0,0,0,0,0,0,0,0
1986,134,7.1,8,0,0,0,0,0,0,1,0,0,0,0,0,0,0,0,0,0,0,0,0
2011,134,7.0,6,0,0,0,0,0,0,1,0,0,0,0,0,0,0,0,0,0,0,0,0
1984,132,5.8,109,0,0,0,0,0,0,1,0,0,0,0,0,0,0,0,0,0,0,0,0
1943,134,3.1,7,0,0,0,0,0,0,0,0,0,0,0,0,0,0,0,0,0,0,1,0
2010,105,4.0,284,0,0,0,0,1,0,0,0,0,0,0,0,0,0,0,0,0,0,0,0
1973,96,6.8,213,0,0,0,0,1,0,0,0,0,0,0,0,0,0,0,0,0,0,0,0
1998,160,4.0,245,0,0,0,0,0,0,0,0,0,0,0,0,0,0,0,0,0,0,0,0
1983,134,6.7,25,0,0,0,0,0,0,1,0,0,0,0,0,0,0,0,0,0,0,0,0
1936,142,6.5,114,0,0,0,0,0,0,1,0,0,0,0,0,0,0,0,0,0,0,0,0
2009,108,5.0,677,0,0,0,0,0,0,0,0,0,0,0,0,0,0,0,0,0,0,0,0
2019,158,4.5,858,0,0,0,0,0,0,0,0,0,0,0,0,0,0,0,0,0,0,0,0
2014,144,3.3,3461,0,0,0,0,0,0,0,0,0,0,0,0,0,0,0,0,0,0,0,0
2010,129,4.2,5814,0,0,0,1,0,0,0,0,0,0,0,0,0,0,0,0,0,0,0,0
1948,134,6.2,5,0,0,0,0,0,0,0,0,0,0,0,0,0,0,0,0,0,0,1,0
2010,120,3.6,49,0,0,0,0,0,0,0,0,0,0,0,0,0,0,0,0,0,0,0,0
1958,139,6.9,36,0,0,0,0,0,0,1,0,0,0,0,0,0,0,0,0,0,0,0,0
1976,138,6.4,284,0,0,0,0,0,0,0,0,0,0,0,0,0,0,0,0,0,0,0,0
1989,134,5.5,6,0,0,0,0,0,0,1,0,0,0,0,0,0,0,0,0,0,0,0,0
1992,134,5.1,66,0,0,0,0,0,0,0,0,0,0,0,0,0,0,0,0,0,0,0,0
2006,134,5.3,11,0,0,0,0,0,0,0,0,0,0,0,0,0,0,0,0,0,0,0,0
1965,137,6.6,28,0,0,0,0,0,0,0,0,0,0,0,0,0,0,0,0,0,0,0,0
1954,126,6.7,13,0,0,0,1,0,0,0,0,0,0,0,0,0,0,0,0,0,0,0,0
1986,134,6.2,38,0,0,0,0,0,0,1,0,0,0,0,0,0,0,0,0,0,0,0,0
1971,134,4.9,21,0,0,0,0,0,0,1,0,0,0,0,0,0,0,0,0,0,0,0,0
2001,151,5.4,533,0,0,0,0,0,0,0,0,0,0,0,0,0,0,0,0,0,0,0,0
2007,88,4.7,11,0,0,0,0,0,0,1,0,0,0,0,0,0,0,0,0,0,0,0,0
2010,150,6.8,2393,0,0,0,0,0,0,0,0,0,0,0,0,0,0,0,0,0,0,0,0
1983,130,7.3,240,0,0,1,0,0,0,0,0,0,0,0,0,0,0,0,0,0,0,0,0
1955,150,5.0,8,0,0,0,0,0,0,1,0,0,0,0,0,0,0,0,0,0,0,0,0
1990,145,6.9,335,0,0,0,0,0,0,0,0,0,0,0,0,0,0,0,0,0,0,0,0
2010,134,3.3,51,0,0,0,1,0,0,0,0,0,0,0,0,0,0,0,0,0,0,0,0
2017,106,3.3,102,0,0,0,0,0,0,1,0,0,0,0,0,0,0,0,0,0,0,0,0
1983,122,5.5,76,0,0,0,0,0,0,1,0,0,0,0,0,0,0,0,0,0,0,0,0
2019,120,6.6,12,1,0,0,0,0,0,0,0,0,0,0,0,0,0,0,0,0,0,0,0
1978,151,4.7,7,1,0,0,0,0,0,0,0,0,0,0,0,0,0,0,0,0,0,0,0
1980,153,6.2,506,0,0,0,0,0,0,0,0,0,0,0,0,0,0,0,0,0,0,0,0
1985,135,4.6,140,0,0,0,0,0,0,0,0,0,0,0,0,0,0,0,0,0,0,0,0
2011,82,7.9,13,0,0,0,0,0,1,0,0,0,0,0,0,0,0,0,0,0,0,0,0
2016,158,5.8,21661,0,0,0,0,0,0,1,0,0,0,0,0,0,0,0,0,0,0,0,0
2004,152,4.6,1013,0,0,0,0,0,0,0,0,0,0,0,0,0,0,0,0,0,0,0,0
1997,153,4.5,1261,0,0,0,0,0,0,0,0,0,0,0,0,0,0,0,0,0,0,0,0
1986,134,6.6,18,1,0,0,0,0,0,0,0,0,0,0,0,0,0,0,0,0,0,0,0
1966,134,6.5,12,0,0,0,0,0,0,1,0,0,0,0,0,0,0,0,0,0,0,0,0
1951,168,7.8,57,0,0,0,0,0,0,1,0,0,0,0,0,0,0,0,0,0,0,0,0
2001,195,3.6,1025,0,0,0,0,0,0,1,0,0,0,0,0,0,0,0,0,0,0,0,0
1991,145,5.9,783,0,0,0,0,0,0,1,0,0,0,0,0,0,0,0,0,0,0,0,0
1950,121,7.1,19,0,0,0,1,0,0,0,0,0,0,0,0,0,0,0,0,0,0,0,0
2014,92,6.3,43,0,0,0,0,1,0,0,0,0,0,0,0,0,0,0,0,0,0,0,0
1983,161,6.4,152,0,0,0,0,0,0,1,0,0,0,0,0,0,0,0,0,0,0,0,0
1977,134,6.4,27,0,0,0,0,0,0,1,0,0,0,0,0,0,0,0,0,0,0,0,0
1972,153,6.6,30,1,0,0,0,0,0,0,0,0,0,0,0,0,0,0,0,0,0,0,0
1977,139,5.7,84,0,0,0,0,0,0,0,0,0,0,0,0,0,0,0,0,0,0,0,0
2012,157,5.2,7210,0,0,0,0,0,0,0,0,0,0,0,0,0,0,0,0,0,0,0,0
2007,134,4.0,281,0,0,0,0,0,0,0,0,0,0,0,0,0,0,1,0,0,0,0,0
1985,138,7.1,120,0,0,0,0,0,0,1,0,0,0,0,0,0,0,0,0,0,0,0,0
1988,153,5.1,29,0,0,0,0,0,0,0,0,0,0,0,0,0,0,0,0,0,0,0,0
1997,142,3.1,14,0,0,0,0,0,0,0,0,0,0,0,0,0,0,0,0,0,0,0,0
1990,161,5.6,26,0,0,0,0,0,0,0,0,0,0,0,0,0,0,0,0,0,0,0,0
1990,174,7.7,8500,0,0,0,0,0,0,0,0,0,0,0,0,0,0,0,0,0,0,0,0
2012,174,6.9,22895,0,0,0,0,0,0,0,0,0,0,0,0,0,0,0,0,0,0,0,0
1997,137,7.8,33,0,0,0,0,0,0,0,0,0,0,0,0,0,0,0,0,0,0,0,0
2004,134,4.5,108,0,0,0,0,0,0,0,0,0,0,0,0,0,0,0,0,0,0,0,0
1981,130,6.0,22,0,0,0,0,1,0,0,0,0,0,0,0,0,0,0,0,0,0,0,0
1973,134,7.3,9,0,0,0,0,0,0,1,0,0,0,0,0,0,0,0,0,0,0,0,0
1996,142,6.1,684,0,0,0,0,0,0,1,0,0,0,0,0,0,0,0,0,0,0,0,0
1997,123,3.6,53,0,0,0,0,0,0,0,0,0,0,0,0,0,0,0,0,0,0,0,0
2000,140,4.6,24,0,0,0,0,0,0,0,0,0,0,0,0,0,0,0,0,0,0,0,0
2002,126,4.6,361,0,0,0,0,0,0,1,0,0,0,0,0,0,0,0,0,0,0,0,0
1957,134,4.8,5,0,0,0,1,0,0,0,0,0,0,0,0,0,0,0,0,0,0,0,0
1980,124,6.2,19,0,0,0,0,0,0,0,0,0,0,0,0,1,0,0,0,0,0,0,0
2009,130,2.9,620,0,0,0,0,0,0,1,0,0,0,0,0,0,0,0,0,0,0,0,0
2019,81,7.2,213,0,0,0,1,0,0,0,0,0,0,0,0,0,0,0,0,0,0,0,0
1995,145,5.9,53,0,0,0,0,0,0,1,0,0,0,0,0,0,0,0,0,0,0,0,0
1979,103,4.1,10,0,0,0,0,0,0,0,0,0,0,0,0,0,0,0,0,0,0,0,0
1981,141,7.0,45,0,0,0,0,0,0,0,0,0,0,0,0,1,0,0,0,0,0,0,0
2006,122,7.0,1491,0,0,0,0,0,0,1,0,0,0,0,0,0,0,0,0,0,0,0,0
1979,144,5.7,38,0,0,0,0,0,0,1,0,0,0,0,0,0,0,0,0,0,0,0,0
2016,130,8.0,53897,0,0,0,0,0,0,1,0,0,0,0,0,0,0,0,0,0,0,0,0
2006,134,3.9,21,0,0,0,0,0,0,0,0,0,0,0,0,0,0,0,0,0,0,0,0
1986,134,6.3,36,0,0,0,0,0,0,1,0,0,0,0,0,0,0,0,0,0,0,0,0
2015,120,6.6,52,0,0,0,0,0,0,1,0,0,0,0,0,0,0,0,0,0,0,0,0
2003,134,3.7,7,0,0,0,0,0,0,0,0,0,0,0,0,0,0,0,0,0,1,0,0
2010,126,5.0,3953,0,0,0,1,0,0,0,0,0,0,0,0,0,0,0,0,0,0,0,0
1996,132,6.6,68,0,0,0,1,0,0,0,0,0,0,0,0,0,0,0,0,0,0,0,0
2009,125,4.1,7,0,0,0,0,0,0,0,0,0,0,0,0,0,0,0,0,0,0,0,0
1985,133,6.9,149,0,0,0,0,0,0,0,0,0,0,0,0,0,0,1,0,0,0,0,0
2004,160,6.6,9721,0,0,0,0,0,0,1,0,0,0,0,0,0,0,0,0,0,0,0,0
2018,157,5.3,4167,0,0,0,0,0,0,0,0,0,0,0,0,0,0,0,0,0,0,0,0
2012,152,4.4,1765,0,0,0,1,0,0,0,0,0,0,0,0,0,0,0,0,0,0,0,0
2012,116,4.2,520,0,0,0,1,0,0,0,0,0,0,0,0,0,0,0,0,0,0,0,0
2009,150,6.4,13194,0,0,0,0,0,0,0,0,0,0,0,0,0,0,0,0,0,0,0,0
2017,115,5.8,52,0,0,0,0,0,0,1,0,0,0,0,0,0,0,0,0,0,0,0,0
1974,139,6.5,174,0,0,0,0,0,0,1,0,0,0,0,0,0,0,0,0,0,0,0,0
1996,146,3.7,187,0,0,0,0,0,0,0,0,0,0,0,0,0,0,0,0,0,0,0,0
2021,142,6.7,4133,0,0,0,0,0,0,1,0,0,0,0,0,0,0,0,0,0,0,0,0
1992,134,4.7,11,0,0,0,0,0,0,1,0,0,0,0,0,0,0,0,0,0,0,0,0
1989,134,5.5,12,0,0,0,0,1,0,0,0,0,0,0,0,0,0,0,0,0,0,0,0
1958,134,6.1,11,0,0,0,1,0,0,0,0,0,0,0,0,0,0,0,0,0,0,0,0
2017,104,6.9,973,0,0,0,0,0,0,1,0,0,0,0,0,0,0,0,0,0,0,0,0
2001,165,6.4,8164,0,0,0,0,0,0,0,0,0,0,0,0,0,0,0,0,0,0,0,0
1998,134,2.7,9,0,0,0,0,0,0,0,0,0,0,1,0,0,0,0,0,0,0,0,0
1991,178,5.3,1214,0,0,0,0,0,0,0,0,0,0,0,0,0,0,0,0,0,0,0,0
1991,134,4.8,29,0,0,0,0,0,0,0,0,0,0,0,0,0,0,0,0,0,0,0,0
2004,125,5.0,39,0,0,0,0,0,0,0,0,0,0,0,0,0,0,0,0,0,0,0,0
2020,108,6.9,12429,0,0,0,0,0,0,0,0,0,0,0,0,0,0,0,0,0,0,0,0
2013,149,6.3,1857,0,0,0,0,0,0,1,0,0,0,0,0,0,0,0,0,0,0,0,0
1984,134,5.7,40,0,0,0,1,0,0,0,0,0,0,0,0,0,0,0,0,0,0,0,0
1966,134,7.4,5,0,0,0,1,0,0,0,0,0,0,0,0,0,0,0,0,0,0,0,0
1988,134,4.8,26,0,0,0,0,0,0,0,0,0,0,0,0,0,0,1,0,0,0,0,0
1965,136,6.6,32,0,0,0,0,0,0,1,0,0,0,0,0,0,0,0,0,0,0,0,0
1991,180,5.0,421,0,0,0,0,0,0,0,0,0,0,0,0,0,0,0,0,0,0,0,0
1979,139,7.7,38,0,0,0,0,0,0,1,0,0,0,0,0,0,0,0,0,0,0,0,0
2014,58,5.5,10,0,0,0,0,0,0,0,0,0,0,0,0,0,0,0,0,0,1,0,0
1995,160,7.0,4780,0,0,0,0,0,0,1,0,0,0,0,0,0,0,0,0,0,0,0,0
1999,165,5.6,11,0,0,0,0,0,0,0,0,0,0,0,0,0,0,1,0,0,0,0,0
1963,134,6.3,21,0,0,0,1,0,0,0,0,0,0,0,0,0,0,0,0,0,0,0,0
2002,146,5.1,881,0,0,0,1,0,0,0,0,0,0,0,0,0,0,0,0,0,0,0,0
1989,132,5.3,13,0,0,0,0,0,0,0,0,0,0,0,0,0,0,0,0,0,0,0,0
2001,184,5.8,1627,0,0,0,0,0,0,0,0,0,0,0,0,0,0,0,0,0,0,0,0
2006,135,4.8,1152,0,0,0,0,0,0,1,0,0,0,0,0,0,0,0,0,0,0,0,0
2017,127,3.6,417,0,0,0,0,1,0,0,0,0,0,0,0,0,0,0,0,0,0,0,0
1977,160,6.7,327,0,0,0,0,0,0,1,0,0,0,0,0,0,0,0,0,0,0,0,0
1952,144,5.9,15,1,0,0,0,0,0,0,0,0,0,0,0,0,0,0,0,0,0,0,0
2009,132,4.6,2839,0,0,0,0,0,0,0,0,0,0,0,0,0,0,0,0,0,0,0,0
1985,174,6.4,86,0,0,0,0,0,0,0,1,0,0,0,0,0,0,0,0,0,0,0,0
2006,123,3.8,1172,0,0,0,0,0,0,0,0,0,0,0,0,0,0,0,0,0,0,0,0
2019,136,6.9,7,0,0,0,1,0,0,0,0,0,0,0,0,0,0,0,0,0,0,0,0
1975,134,7.4,22,0,0,0,0,0,0,0,0,1,0,0,0,0,0,0,0,0,0,0,0
1973,124,6.8,8,0,0,0,0,0,0,1,0,0,0,0,0,0,0,0,0,0,0,0,0
1979,144,6.6,161,1,0,0,0,0,0,0,0,0,0,0,0,0,0,0,0,0,0,0,0
2001,145,3.7,737,0,0,0,1,0,0,0,0,0,0,0,0,0,0,0,0,0,0,0,0
1951,158,7.0,82,0,0,0,1,0,0,0,0,0,0,0,0,0,0,0,0,0,0,0,0
1971,134,6.0,6,0,0,0,0,0,0,1,0,0,0,0,0,0,0,0,0,0,0,0,0
1980,110,7.5,428,0,0,0,1,0,0,0,0,0,0,0,0,0,0,0,0,0,0,0,0
2019,100,5.5,349,0,0,0,0,0,0,1,0,0,0,0,0,0,0,0,0,0,0,0,0
2019,109,5.9,37,0,0,0,0,0,0,1,0,0,0,0,0,0,0,0,0,0,0,0,0
1966,154,6.4,14,1,0,0,0,0,0,0,0,0,0,0,0,0,0,0,0,0,0,0,0
1940,134,6.0,5,0,0,0,0,0,0,0,0,0,0,0,0,0,0,0,0,0,0,1,0
1954,145,6.2,46,0,0,0,0,0,0,0,0,0,0,0,0,0,0,0,0,0,0,0,0
2004,134,4.4,30,0,0,0,0,0,0,0,0,0,0,0,0,0,0,0,0,0,0,0,0
1932,134,3.4,5,0,0,0,0,0,0,0,0,0,0,0,0,0,0,0,0,0,0,1,0
1977,163,6.7,27,0,0,0,0,0,0,0,0,0,0,0,0,0,0,0,0,0,0,0,0
2017,120,6.5,137,0,0,0,0,0,0,1,0,0,0,0,0,0,0,0,0,0,0,0,0
1933,134,7.2,37,0,0,0,0,0,0,0,0,1,0,0,0,0,0,0,0,0,0,0,0
1953,135,6.3,11,0,0,0,0,0,0,0,0,1,0,0,0,0,0,0,0,0,0,0,0
2015,114,7.8,6402,0,0,1,0,0,0,0,0,0,0,0,0,0,0,0,0,0,0,0,0
2015,126,3.8,1513,0,0,0,1,0,0,0,0,0,0,0,0,0,0,0,0,0,0,0,0
2020,97,7.9,384,0,0,0,0,0,0,0,0,0,0,0,0,0,0,0,0,0,1,0,0
1984,128,4.8,31,0,0,0,0,0,0,0,0,0,0,0,0,0,0,0,0,0,0,0,0
2009,144,6.2,5786,0,0,0,0,0,0,0,0,0,0,0,0,0,0,0,0,0,0,0,0
2010,123,6.1,303,0,0,0,0,0,0,0,0,0,0,0,0,0,0,0,0,0,0,0,0
1997,149,4.3,7,0,0,0,1,0,0,0,0,0,0,0,0,0,0,0,0,0,0,0,0
1986,160,5.4,132,0,0,0,0,0,0,0,0,0,0,0,0,0,0,0,0,0,0,0,0
2015,133,3.7,1622,0,0,0,0,0,0,0,0,0,0,1,0,0,0,0,0,0,0,0,0
2009,134,5.8,907,0,0,0,1,0,0,0,0,0,0,0,0,0,0,0,0,0,0,0,0
2011,126,4.0,1295,0,0,0,1,0,0,0,0,0,0,0,0,0,0,0,0,0,0,0,0
1977,134,6.1,24,0,0,0,0,0,0,1,0,0,0,0,0,0,0,0,0,0,0,0,0
1994,140,4.7,552,0,0,0,0,0,0,0,0,0,0,0,0,0,0,0,0,0,0,0,0
1967,152,6.5,41,1,0,0,0,0,0,0,0,0,0,0,0,0,0,0,0,0,0,0,0
2016,137,6.6,23,0,0,0,0,0,0,0,0,0,0,0,0,0,0,0,0,0,0,0,0
1955,134,7.1,15,0,0,0,0,0,0,1,0,0,0,0,0,0,0,0,0,0,0,0,0
1975,153,7.0,232,0,0,0,0,0,0,1,0,0,0,0,0,0,0,0,0,0,0,0,0
1954,149,6.8,162,0,0,0,0,0,0,1,0,0,0,0,0,0,0,0,0,0,0,0,0
1958,148,6.6,38,0,0,0,0,0,0,0,0,0,0,0,0,1,0,0,0,0,0,0,0
1979,134,6.9,66,0,0,0,0,0,0,1,0,0,0,0,0,0,0,0,0,0,0,0,0
2005,134,5.6,17,0,0,0,1,0,0,0,0,0,0,0,0,0,0,0,0,0,0,0,0
1936,166,6.1,17,0,0,0,0,0,0,1,0,0,0,0,0,0,0,0,0,0,0,0,0
1948,134,8.0,39,0,0,0,0,0,0,1,0,0,0,0,0,0,0,0,0,0,0,0,0
1960,134,7.2,6,0,0,0,0,0,0,0,0,0,0,0,0,0,0,0,0,0,0,1,0
1972,143,8.2,1592,0,0,0,0,0,0,1,0,0,0,0,0,0,0,0,0,0,0,0,0
2020,143,4.4,25,0,0,0,0,0,0,1,0,0,0,0,0,0,0,0,0,0,0,0,0
1961,121,6.5,14,0,0,0,0,0,0,1,0,0,0,0,0,0,0,0,0,0,0,0,0
1978,133,4.9,16,0,0,0,0,0,0,0,0,0,0,0,0,0,0,0,0,0,0,0,0
1977,184,7.5,7336,0,0,0,0,0,0,0,0,0,0,0,0,0,0,0,0,0,0,0,0
2019,134,2.8,308,0,0,0,0,0,0,0,0,0,0,1,0,0,0,0,0,0,0,0,0
1990,134,3.1,18,0,0,0,0,0,0,0,0,0,0,1,0,0,0,0,0,0,0,0,0
1990,153,4.2,41,0,0,0,0,0,0,0,1,0,0,0,0,0,0,0,0,0,0,0,0
1980,134,5.3,6,0,0,0,1,0,0,0,0,0,0,0,0,0,0,0,0,0,0,0,0
1952,141,6.9,65,0,0,0,0,0,0,0,0,0,0,0,0,0,0,0,0,0,0,0,0
1985,134,5.8,11,0,0,0,0,0,0,0,0,0,0,0,0,0,0,1,0,0,0,0,0
2013,95,4.4,16,0,0,0,0,0,0,0,0,0,0,0,0,0,1,0,0,0,0,0,0
1985,134,5.4,19,0,0,0,0,0,0,1,0,0,0,0,0,0,0,0,0,0,0,0,0
2001,100,6.6,1585,0,0,0,1,0,0,0,0,0,0,0,0,0,0,0,0,0,0,0,0
1974,140,6.6,90,0,0,0,0,0,0,0,0,0,0,0,0,0,0,0,0,0,0,0,0
2016,134,5.5,12,0,0,0,1,0,0,0,0,0,0,0,0,0,0,0,0,0,0,0,0
1990,155,4.9,47,0,0,0,0,0,0,0,1,0,0,0,0,0,0,0,0,0,0,0,0
2014,110,5.4,347,0,0,0,1,0,0,0,0,0,0,0,0,0,0,0,0,0,0,0,0
2002,134,6.2,6,0,0,0,0,0,0,1,0,0,0,0,0,0,0,0,0,0,0,0,0
1986,135,6.2,11,0,0,0,0,0,0,1,0,0,0,0,0,0,0,0,0,0,0,0,0
2001,110,5.6,7,0,0,0,0,0,0,1,0,0,0,0,0,0,0,0,0,0,0,0,0
2021,117,8.1,871,0,0,0,1,0,0,0,0,0,0,0,0,0,0,0,0,0,0,0,0
2001,134,5.6,45,0,0,0,0,0,0,1,0,0,0,0,0,0,0,0,0,0,0,0,0
1966,119,6.6,194,0,0,0,0,0,0,0,0,0,0,0,0,1,0,0,0,0,0,0,0
1986,137,7.0,169,0,0,0,0,0,0,1,0,0,0,0,0,0,0,0,0,0,0,0,0
2005,102,7.3,856,0,0,0,0,0,0,1,0,0,0,0,0,0,0,0,0,0,0,0,0
2018,72,8.4,11,0,0,0,0,0,1,0,0,0,0,0,0,0,0,0,0,0,0,0,0
1967,168,6.9,328,0,0,0,0,0,0,0,0,0,0,0,0,1,0,0,0,0,0,0,0
1968,57,7.1,25,0,0,0,0,0,1,0,0,0,0,0,0,0,0,0,0,0,0,0,0
2016,96,8.7,1928,0,0,0,0,0,1,0,0,0,0,0,0,0,0,0,0,0,0,0,0
1992,134,6.1,29,0,0,0,0,0,0,0,0,0,0,0,0,0,0,0,0,0,0,0,0
2017,113,5.9,1636,0,0,0,0,0,0,1,0,0,0,0,0,0,0,0,0,0,0,0,0
1973,125,7.1,278,0,0,0,0,0,0,0,0,0,0,0,0,0,1,0,0,0,0,0,0
2008,134,3.4,251,0,0,0,0,0,0,1,0,0,0,0,0,0,0,0,0,0,0,0,0
1971,122,8.3,31937,0,0,0,0,0,0,1,0,0,0,0,0,0,0,0,0,0,0,0,0
1984,134,6.1,38,0,0,0,0,0,0,0,1,0,0,0,0,0,0,0,0,0,0,0,0
1952,176,7.6,85,0,0,1,0,0,0,0,0,0,0,0,0,0,0,0,0,0,0,0,0
1977,127,7.1,140,0,0,0,0,0,0,1,0,0,0,0,0,0,0,0,0,0,0,0,0
1985,134,7.0,19,0,0,0,0,0,0,1,0,0,0,0,0,0,0,0,0,0,0,0,0
1959,166,7.9,740,0,0,0,1,0,0,0,0,0,0,0,0,0,0,0,0,0,0,0,0
1993,171,4.8,429,0,0,0,1,0,0,0,0,0,0,0,0,0,0,0,0,0,0,0,0
1975,144,6.2,36,0,0,0,0,0,0,1,0,0,0,0,0,0,0,0,0,0,0,0,0
1999,169,5.0,636,0,0,0,1,0,0,0,0,0,0,0,0,0,0,0,0,0,0,0,0
1953,175,7.2,72,0,0,0,0,0,0,0,0,0,1,0,0,0,0,0,0,0,0,0,0
2016,93,5.4,54,0,0,0,0,1,0,0,0,0,0,0,0,0,0,0,0,0,0,0,0
2003,145,5.3,2359,0,0,0,0,0,0,1,0,0,0,0,0,0,0,0,0,0,0,0,0
1984,134,5.4,146,0,0,0,0,0,0,0,0,0,0,0,0,0,0,0,0,0,0,0,0
1949,148,7.2,498,0,0,0,0,0,0,0,0,0,0,0,0,1,0,0,0,0,0,0,0
1971,166,6.7,275,0,0,0,0,0,0,1,0,0,0,0,0,0,0,0,0,0,0,0,0
1994,167,4.4,402,0,0,0,0,0,0,0,0,0,0,0,0,0,0,0,0,0,0,0,0
1994,160,8.1,50810,0,0,0,0,0,0,0,0,0,0,0,0,0,0,0,0,0,0,0,0
1990,148,6.8,16,0,0,0,0,0,0,0,0,0,0,0,0,0,0,0,0,0,0,0,0
1993,134,6.2,9,0,0,0,0,0,0,0,0,0,0,0,0,0,0,0,0,0,0,0,0
1985,144,6.8,53,0,0,0,0,0,0,0,0,0,0,0,0,0,0,0,0,0,0,0,0
1983,155,6.1,666,0,0,0,0,0,0,0,0,0,0,0,0,0,0,0,0,0,0,0,0
1987,134,7.3,72,0,0,0,0,0,0,1,0,0,0,0,0,0,0,0,0,0,0,0,0
2018,139,8.2,77901,0,0,0,0,1,0,0,0,0,0,0,0,0,0,0,0,0,0,0,0
1990,134,6.0,8,0,0,0,0,0,0,0,0,0,0,0,0,0,0,0,0,0,0,0,0
1975,110,5.1,30,0,0,0,0,1,0,0,0,0,0,0,0,0,0,0,0,0,0,0,0
1994,134,4.0,6,0,0,0,0,0,0,1,0,0,0,0,0,0,0,0,0,0,0,0,0
1986,129,6.8,56,0,0,0,1,0,0,0,0,0,0,0,0,0,0,0,0,0,0,0,0
1984,152,5.5,13,0,0,0,0,0,0,1,0,0,0,0,0,0,0,0,0,0,0,0,0
1995,165,5.0,249,0,0,0,0,0,0,0,0,0,0,0,0,0,0,0,0,0,0,0,0
1992,176,6.4,297,0,0,0,0,0,0,0,0,0,0,0,0,0,0,0,0,0,0,0,0
2002,134,3.6,10,0,0,0,0,0,0,0,0,0,0,0,0,0,0,0,0,0,0,0,0
1996,127,4.3,30,0,0,0,0,0,0,0,0,0,0,0,0,0,0,0,0,0,0,0,0
1998,141,5.3,793,0,0,0,0,0,0,0,0,0,0,0,0,0,0,0,0,0,0,0,0
1986,134,5.8,39,1,0,0,0,0,0,0,0,0,0,0,0,0,0,0,0,0,0,0,0
1954,134,7.2,6,0,0,0,0,0,0,1,0,0,0,0,0,0,0,0,0,0,0,0,0
2011,114,6.3,84,0,0,0,0,0,0,0,0,0,0,0,0,0,0,0,0,0,0,0,0
1982,131,8.3,4924,0,0,0,1,0,0,0,0,0,0,0,0,0,0,0,0,0,0,0,0
2005,106,6.1,53,0,0,0,0,0,0,1,0,0,0,0,0,0,0,0,0,0,0,0,0
1995,116,4.4,167,0,0,0,0,0,0,0,0,0,0,0,0,0,0,0,0,0,0,0,0
2020,145,7.3,11700,0,0,0,1,0,0,0,0,0,0,0,0,0,0,0,0,0,0,0,0
2015,121,7.0,2749,0,0,0,1,0,0,0,0,0,0,0,0,0,0,0,0,0,0,0,0
2014,134,5.2,9,0,0,0,0,0,0,0,0,0,0,0,0,0,0,0,0,0,0,0,0
1960,153,6.1,28,0,0,0,0,0,0,0,0,0,0,0,0,0,0,0,0,0,0,0,0
1952,155,7.2,77,0,0,0,0,0,0,1,0,0,0,0,0,0,0,0,0,0,0,0,0
1973,127,7.1,40,0,0,0,0,0,0,1,0,0,0,0,0,0,0,0,0,0,0,0,0
1967,154,6.4,120,0,0,0,0,0,0,0,0,0,0,0,0,1,0,0,0,0,0,0,0
1968,134,5.9,7,0,0,0,0,0,0,0,0,0,0,0,0,0,0,0,0,0,0,0,0
1978,134,5.8,10,0,0,0,0,0,0,0,0,0,0,0,0,0,0,0,0,0,0,0,0
1987,136,5.3,12,0,0,0,0,0,0,0,0,0,0,0,0,0,0,0,0,0,1,0,0
1994,170,6.9,6093,0,0,0,0,0,0,1,0,0,0,0,0,0,0,0,0,0,0,0,0
2007,134,6.1,63,0,0,0,0,0,0,0,0,0,0,0,0,0,0,0,0,0,1,0,0
2005,134,2.5,52,0,0,0,0,0,0,1,0,0,0,0,0,0,0,0,0,0,0,0,0
1974,134,6.5,19,0,0,0,0,0,0,1,0,0,0,0,0,0,0,0,0,0,0,0,0
1969,152,5.6,48,0,0,0,0,0,0,0,0,0,0,0,0,0,0,1,0,0,0,0,0
2010,151,5.8,6416,0,0,0,1,0,0,0,0,0,0,0,0,0,0,0,0,0,0,0,0
2000,134,4.1,9,0,0,0,0,0,0,1,0,0,0,0,0,0,0,0,0,0,0,0,0
2005,110,3.9,71,0,0,0,0,0,0,0,0,0,0,1,0,0,0,0,0,0,0,0,0
1969,133,5.8,12,0,0,0,0,0,0,0,0,0,0,0,0,0,0,0,0,0,0,0,0
1978,134,6.9,40,0,0,0,0,0,0,1,0,0,0,0,0,0,0,0,0,0,0,0,0
2003,168,3.4,363,0,0,0,0,0,0,0,0,0,0,0,0,0,0,0,0,0,0,0,0
2009,143,4.8,324,0,0,0,0,0,0,0,0,0,0,0,0,0,0,0,0,0,0,0,0
1985,135,7.1,109,0,0,0,0,0,0,1,0,0,0,0,0,0,0,0,0,0,0,0,0
2006,151,4.1,366,0,0,1,0,0,0,0,0,0,0,0,0,0,0,0,0,0,0,0,0
1962,134,5.2,5,0,0,0,0,1,0,0,0,0,0,0,0,0,0,0,0,0,0,0,0
1968,172,7.2,325,0,0,0,0,0,0,0,0,0,0,0,0,0,0,0,0,0,0,0,0
2013,107,8.0,10673,0,0,0,1,0,0,0,0,0,0,0,0,0,0,0,0,0,0,0,0
1997,151,5.5,46,0,0,0,0,0,0,0,0,0,0,0,0,0,0,1,0,0,0,0,0
2013,129,6.5,1823,0,0,0,0,0,0,1,0,0,0,0,0,0,0,0,0,0,0,0,0
1974,131,8.0,1185,0,0,0,0,0,0,1,0,0,0,0,0,0,0,0,0,0,0,0,0
1986,149,7.5,398,0,0,0,0,0,0,0,0,0,0,0,0,0,0,0,0,0,0,0,0
1993,163,5.6,128,0,0,0,0,0,0,1,0,0,0,0,0,0,0,0,0,0,0,0,0
1946,122,7.3,63,0,0,0,0,0,0,1,0,0,0,0,0,0,0,0,0,0,0,0,0
1969,134,3.7,10,0,0,0,0,0,0,0,0,0,0,0,0,0,0,0,0,0,0,0,0
1982,153,7.0,5,0,0,0,0,0,0,1,0,0,0,0,0,0,0,0,0,0,0,0,0
1978,77,7.9,9,0,0,0,0,0,0,1,0,0,0,0,0,0,0,0,0,0,0,0,0
2016,142,4.9,43,0,0,1,0,0,0,0,0,0,0,0,0,0,0,0,0,0,0,0,0
2016,134,6.0,14,0,0,1,0,0,0,0,0,0,0,0,0,0,0,0,0,0,0,0,0
1972,134,6.7,40,0,0,0,0,0,0,1,0,0,0,0,0,0,0,0,0,0,0,0,0
1971,148,7.1,29,0,0,0,0,0,0,1,0,0,0,0,0,0,0,0,0,0,0,0,0
1992,164,7.7,1765,0,0,0,0,0,0,0,0,0,0,0,0,0,0,0,0,0,0,0,0
2002,134,3.1,139,0,0,0,0,0,0,0,0,0,0,0,0,0,0,0,0,0,0,0,0
1975,132,4.9,18,0,0,0,0,0,0,0,0,0,0,0,0,0,0,0,0,0,0,0,0
1995,134,3.5,11,0,0,0,0,0,0,0,0,0,0,0,0,0,0,1,0,0,0,0,0
1989,91,6.3,13,0,0,0,1,0,0,0,0,0,0,0,0,0,0,0,0,0,0,0,0
1982,134,7.4,94,0,0,0,0,0,0,1,0,0,0,0,0,0,0,0,0,0,0,0,0
1972,134,7.0,9,0,0,0,0,0,0,1,0,0,0,0,0,0,0,0,0,0,0,0,0
1972,125,6.3,19,0,0,0,0,0,0,1,0,0,0,0,0,0,0,0,0,0,0,0,0
2000,86,6.9,16,0,0,0,0,0,0,1,0,0,0,0,0,0,0,0,0,0,0,0,0
1948,134,6.9,44,0,0,0,0,0,0,0,0,0,0,0,0,0,0,1,0,0,0,0,0
1986,134,7.3,47,0,0,0,0,0,0,1,0,0,0,0,0,0,0,0,0,0,0,0,0
2006,154,6.6,9,0,0,0,0,0,0,0,0,0,1,0,0,0,0,0,0,0,0,0,0
1948,141,6.4,26,0,0,0,0,0,0,1,0,0,0,0,0,0,0,0,0,0,0,0,0
1973,150,4.5,44,0,0,0,0,0,0,1,0,0,0,0,0,0,0,0,0,0,0,0,0
1972,134,5.9,8,0,0,0,0,0,0,1,0,0,0,0,0,0,0,0,0,0,0,0,0
1968,120,7.3,94,0,0,0,0,1,0,0,0,0,0,0,0,0,0,0,0,0,0,0,0
1962,150,6.6,105,0,0,0,0,0,0,1,0,0,0,0,0,0,0,0,0,0,0,0,0
1978,134,6.5,15,0,0,0,0,0,0,1,0,0,0,0,0,0,0,0,0,0,0,0,0
2002,180,6.3,51,0,0,0,0,1,0,0,0,0,0,0,0,0,0,0,0,0,0,0,0
1969,145,7.2,26,0,0,0,0,0,0,1,0,0,0,0,0,0,0,0,0,0,0,0,0
2008,114,7.3,656,0,0,0,0,1,0,0,0,0,0,0,0,0,0,0,0,0,0,0,0
1991,160,5.5,109,0,0,0,0,0,0,1,0,0,0,0,0,0,0,0,0,0,0,0,0
2021,84,7.1,7,0,0,0,0,0,0,1,0,0,0,0,0,0,0,0,0,0,0,0,0
1994,136,4.4,124,0,0,0,0,0,0,0,0,0,0,0,0,0,0,0,0,0,0,0,0
2006,127,5.2,617,0,0,0,0,0,0,0,0,0,0,0,0,0,1,0,0,0,0,0,0
1993,134,3.3,19,0,0,0,0,0,0,0,0,0,0,0,0,0,0,0,0,0,0,0,0
1971,139,6.7,137,0,0,0,0,0,0,1,0,0,0,0,0,0,0,0,0,0,0,0,0
1986,134,6.4,175,0,0,0,1,0,0,0,0,0,0,0,0,0,0,0,0,0,0,0,0
2009,134,5.3,11,0,0,0,0,0,0,1,0,0,0,0,0,0,0,0,0,0,0,0,0
2003,90,3.4,11,0,0,0,0,1,0,0,0,0,0,0,0,0,0,0,0,0,0,0,0
1966,148,7.4,416,0,0,0,0,0,0,1,0,0,0,0,0,0,0,0,0,0,0,0,0
1972,125,6.6,115,0,0,0,0,0,0,1,0,0,0,0,0,0,0,0,0,0,0,0,0
1960,141,6.6,196,0,0,0,0,0,0,1,0,0,0,0,0,0,0,0,0,0,0,0,0
2006,113,6.7,376,0,0,0,0,0,0,1,0,0,0,0,0,0,0,0,0,0,0,0,0
1977,147,6.8,160,0,0,0,0,0,0,1,0,0,0,0,0,0,0,0,0,0,0,0,0
2007,144,6.6,904,0,0,0,0,0,0,1,0,0,0,0,0,0,0,0,0,0,0,0,0
2015,154,5.4,5733,0,0,1,0,0,0,0,0,0,0,0,0,0,0,0,0,0,0,0,0
1985,125,7.4,5,0,0,0,0,0,0,0,0,0,0,0,0,0,0,0,0,0,0,0,0
1993,137,5.7,6,0,0,0,0,0,0,0,0,0,0,0,0,0,0,0,0,0,0,0,0
2005,173,7.4,4384,0,0,0,0,0,0,0,0,0,0,0,0,0,0,0,0,0,0,0,0
2010,97,3.5,231,0,0,0,0,0,0,1,0,0,0,0,0,0,0,0,0,0,0,0,0
1982,134,5.8,8,0,0,0,0,0,0,1,0,0,0,0,0,0,0,0,0,0,0,0,0
1990,134,5.3,27,0,0,0,0,0,0,0,0,0,0,0,0,0,0,0,0,0,0,0,0
2007,110,6.2,164,0,0,0,0,0,0,1,0,0,0,0,0,0,0,0,0,0,0,0,0
2001,152,5.9,16,0,0,0,0,0,0,1,0,0,0,0,0,0,0,0,0,0,0,0,0
1982,134,5.7,22,0,0,0,0,0,0,1,0,0,0,0,0,0,0,0,0,0,0,0,0
1962,134,5.6,5,0,0,0,0,0,0,0,0,0,0,0,0,0,0,1,0,0,0,0,0
1972,134,6.3,108,0,0,0,0,0,0,0,0,0,0,0,0,0,0,0,0,0,0,0,0
1989,134,3.8,9,0,0,0,0,0,0,0,0,0,0,0,0,0,0,0,0,0,0,0,0
1960,134,4.6,5,0,0,0,0,0,0,1,0,0,0,0,0,0,0,0,0,0,0,0,0
1960,173,6.8,25,0,0,0,1,0,0,0,0,0,0,0,0,0,0,0,0,0,0,0,0
1978,134,5.7,15,0,0,0,0,0,0,0,0,0,0,0,0,0,0,0,0,0,0,0,0
2006,134,5.3,1921,0,0,0,1,0,0,0,0,0,0,0,0,0,0,0,0,0,0,0,0
1977,133,6.5,75,0,0,0,0,0,0,1,0,0,0,0,0,0,0,0,0,0,0,0,0
2007,173,6.0,2868,0,0,0,0,0,0,1,0,0,0,0,0,0,0,0,0,0,0,0,0
1987,134,6.0,27,0,0,0,0,0,0,1,0,0,0,0,0,0,0,0,0,0,0,0,0
1996,155,5.6,43,0,0,0,0,0,0,0,0,0,0,0,0,0,0,0,0,0,0,0,0
1975,120,6.2,13,0,0,0,0,1,0,0,0,0,0,0,0,0,0,0,0,0,0,0,0
1964,134,6.1,20,0,0,0,0,0,0,1,0,0,0,0,0,0,0,0,0,0,0,0,0
1980,123,6.8,164,0,0,0,0,0,0,1,0,0,0,0,0,0,0,0,0,0,0,0,0
1975,124,6.1,14,0,0,0,0,0,0,1,0,0,0,0,0,0,0,0,0,0,0,0,0
1972,128,6.8,71,0,0,0,0,0,0,0,0,0,0,0,0,0,0,0,0,0,0,0,0
1992,134,4.7,45,0,0,0,0,0,0,0,0,0,0,0,0,0,0,0,0,0,0,0,0
1949,134,6.3,7,0,0,0,0,1,0,0,0,0,0,0,0,0,0,0,0,0,0,0,0
1974,122,7.3,6,0,0,0,0,0,0,1,0,0,0,0,0,0,0,0,0,0,0,0,0
2000,134,4.8,6,0,0,0,0,0,0,0,0,0,0,0,0,0,0,0,0,0,1,0,0
1957,131,7.5,68,0,0,0,0,0,0,0,0,0,0,0,0,0,1,0,0,0,0,0,0
1982,134,6.0,13,0,0,0,0,0,0,0,0,0,0,0,0,0,0,0,0,0,1,0,0
1964,154,6.1,32,0,0,0,1,0,0,0,0,0,0,0,0,0,0,0,0,0,0,0,0
2012,74,3.1,75,0,1,0,0,0,0,0,0,0,0,0,0,0,0,0,0,0,0,0,0
1946,134,3.6,7,1,0,0,0,0,0,0,0,0,0,0,0,0,0,0,0,0,0,0,0
1969,169,7.6,1722,0,0,0,0,0,0,1,0,0,0,0,0,0,0,0,0,0,0,0,0
1994,90,6.5,50,0,0,0,0,0,0,1,0,0,0,0,0,0,0,0,0,0,0,0,0
2004,134,5.9,50,0,0,0,0,0,0,0,0,0,0,0,0,0,0,0,0,0,0,0,0
1974,134,6.2,11,0,0,0,0,0,0,1,0,0,0,0,0,0,0,0,0,0,0,0,0
1983,130,8.2,1599,0,0,0,0,1,0,0,0,0,0,0,0,0,0,0,0,0,0,0,0
1959,134,6.1,40,0,0,0,0,0,0,0,1,0,0,0,0,0,0,0,0,0,0,0,0
1985,154,7.2,866,0,0,0,0,0,0,0,0,0,0,0,0,0,0,0,0,0,0,0,0
2001,133,3.6,21,0,0,0,0,0,0,0,0,0,0,0,0,0,0,0,0,0,0,0,0
1976,134,7.5,62,0,0,0,0,0,0,1,0,0,0,0,0,0,0,0,0,0,0,0,0
1999,150,5.2,797,0,0,0,0,0,0,0,0,0,0,0,0,0,0,0,0,0,0,0,0
2019,107,4.3,1204,0,0,0,0,0,0,0,0,0,0,0,0,0,0,0,0,0,0,0,0
2012,96,6.8,1534,0,1,0,0,0,0,0,0,0,0,0,0,0,0,0,0,0,0,0,0
1953,130,6.8,19,0,0,0,0,0,0,1,0,0,0,0,0,0,0,0,0,0,0,0,0
2003,158,5.2,1096,0,0,0,0,0,0,1,0,0,0,0,0,0,0,0,0,0,0,0,0
1981,134,4.6,25,0,0,0,0,0,0,0,0,0,1,0,0,0,0,0,0,0,0,0,0
1996,153,4.3,1614,0,0,0,0,0,0,0,0,0,0,0,0,0,0,0,0,0,0,0,0
2010,126,5.3,9,0,0,0,0,0,0,1,0,0,0,0,0,0,0,0,0,0,0,0,0
1967,178,6.3,97,0,0,0,1,0,0,0,0,0,0,0,0,0,0,0,0,0,0,0,0
1983,144,6.2,74,0,0,0,0,0,0,1,0,0,0,0,0,0,0,0,0,0,0,0,0
1957,134,6.9,9,0,0,0,0,0,0,1,0,0,0,0,0,0,0,0,0,0,0,0,0
1982,138,7.9,1308,0,0,0,0,0,0,1,0,0,0,0,0,0,0,0,0,0,0,0,0
2019,130,8.2,25706,0,0,0,0,1,0,0,0,0,0,0,0,0,0,0,0,0,0,0,0
1978,118,6.9,137,0,0,0,0,0,0,1,0,0,0,0,0,0,0,0,0,0,0,0,0
1988,181,7.0,283,0,0,0,0,0,0,0,0,0,0,0,0,0,0,0,0,0,0,0,0
2006,135,4.4,307,0,0,0,0,0,0,0,0,0,0,0,0,0,0,0,0,0,0,0,0
1950,128,7.0,49,0,0,0,0,0,0,0,0,0,0,0,0,1,0,0,0,0,0,0,0
1965,177,7.1,243,0,0,0,0,0,0,1,0,0,0,0,0,0,0,0,0,0,0,0,0
2004,139,3.4,577,0,0,0,0,0,0,0,0,0,0,0,0,0,0,0,0,0,0,0,0
1984,134,6.4,12,0,0,0,0,0,0,1,0,0,0,0,0,0,0,0,0,0,0,0,0
2012,105,6.7,81,0,0,0,0,0,1,0,0,0,0,0,0,0,0,0,0,0,0,0,0
2018,90,4.9,542,0,0,0,0,0,0,1,0,0,0,0,0,0,0,0,0,0,0,0,0
2009,134,4.9,18,0,0,0,0,0,0,1,0,0,0,0,0,0,0,0,0,0,0,0,0
1984,142,6.3,44,0,0,0,0,0,0,1,0,0,0,0,0,0,0,0,0,0,0,0,0
1993,141,5.2,522,0,0,0,0,0,0,0,0,0,0,0,0,0,0,0,0,0,0,0,0
1982,134,5.8,107,0,0,0,0,0,0,0,0,0,0,0,0,0,0,0,0,0,0,0,0
1952,104,7.6,49,0,0,0,0,0,0,1,0,0,0,0,0,0,0,0,0,0,0,0,0
1943,134,5.9,7,0,0,0,0,0,0,0,0,0,0,0,0,0,0,0,0,0,0,1,0
2017,103,3.7,12,0,0,0,0,0,0,0,0,0,0,0,0,0,0,0,0,0,1,0,0
2010,86,4.8,8,0,0,0,0,0,0,0,0,0,0,0,0,0,0,0,0,0,0,0,0
2018,97,9.3,7,0,0,0,0,0,0,1,0,0,0,0,0,0,0,0,0,0,0,0,0
2001,180,6.5,13502,0,0,0,0,0,0,0,0,0,0,0,0,0,0,0,0,0,0,0,0
2011,70,6.6,10,0,1,0,0,0,0,0,0,0,0,0,0,0,0,0,0,0,0,0,0
1993,134,6.5,6,0,0,0,0,0,0,1,0,0,0,0,0,0,0,0,0,0,0,0,0
1991,134,6.6,8,0,0,0,0,0,0,1,0,0,0,0,0,0,0,0,0,0,0,0,0
1986,128,4.3,38,0,0,0,0,0,0,1,0,0,0,0,0,0,0,0,0,0,0,0,0
1962,145,7.5,257,0,0,0,0,0,0,1,0,0,0,0,0,0,0,0,0,0,0,0,0
1989,134,4.8,55,0,0,0,0,0,0,0,0,0,0,0,0,0,0,0,0,0,0,0,0
2000,109,7.3,645,0,0,0,0,0,0,1,0,0,0,0,0,0,0,0,0,0,0,0,0
2020,102,7.3,33,0,0,0,0,0,0,0,1,0,0,0,0,0,0,0,0,0,0,0,0
1992,134,6.8,65,0,0,0,0,0,0,0,0,0,0,0,0,0,0,0,0,0,0,0,0
2009,70,7.0,12,0,0,0,0,0,1,0,0,0,0,0,0,0,0,0,0,0,0,0,0
2012,120,5.4,86,0,0,0,1,0,0,0,0,0,0,0,0,0,0,0,0,0,0,0,0
2018,127,8.8,5,0,0,0,0,0,0,1,0,0,0,0,0,0,0,0,0,0,0,0,0
2020,120,4.3,204,0,0,0,0,0,0,0,0,0,0,0,0,0,0,0,0,0,1,0,0
2005,127,5.4,278,0,0,0,0,0,0,0,0,0,0,0,0,0,0,0,0,0,0,0,0
2007,300,5.6,1807,0,0,0,0,0,0,0,0,0,0,0,0,0,0,0,0,0,0,0,0
1990,165,2.9,36,0,0,0,0,1,0,0,0,0,0,0,0,0,0,0,0,0,0,0,0
1978,138,6.0,20,0,0,0,0,0,0,1,0,0,0,0,0,0,0,0,0,0,0,0,0
2020,135,5.9,7,0,0,0,1,0,0,0,0,0,0,0,0,0,0,0,0,0,0,0,0
2010,155,6.4,5383,0,0,0,1,0,0,0,0,0,0,0,0,0,0,0,0,0,0,0,0
2020,126,8.2,1763,0,0,0,0,0,0,1,0,0,0,0,0,0,0,0,0,0,0,0,0
1979,134,5.0,6,0,0,0,0,0,0,0,1,0,0,0,0,0,0,0,0,0,0,0,0
2013,171,6.9,138,0,0,1,0,0,0,0,0,0,0,0,0,0,0,0,0,0,0,0,0
1990,134,3.7,9,0,0,0,0,0,0,0,0,0,0,0,0,0,0,0,0,0,0,1,0
2012,134,4.2,9,0,0,0,0,0,0,0,0,0,0,0,0,0,0,0,0,0,1,0,0
1987,134,5.9,117,0,0,0,0,0,0,1,0,0,0,0,0,0,0,0,0,0,0,0,0
1968,142,5.3,25,0,0,0,1,0,0,0,0,0,0,0,0,0,0,0,0,0,0,0,0
1993,152,3.8,36,0,0,0,0,0,0,1,0,0,0,0,0,0,0,0,0,0,0,0,0
1998,160,4.3,583,0,0,0,1,0,0,0,0,0,0,0,0,0,0,0,0,0,0,0,0
1991,134,6.5,6,0,0,0,0,0,0,0,0,0,0,0,0,0,0,0,0,0,0,0,0
1996,134,7.0,32,0,0,0,0,0,0,0,0,0,0,0,0,0,0,1,0,0,0,0,0
1979,136,6.0,24,0,0,0,0,0,0,0,0,0,0,1,0,0,0,0,0,0,0,0,0
2007,142,4.2,36,0,0,0,1,0,0,0,0,0,0,0,0,0,0,0,0,0,0,0,0
2013,137,6.5,3985,0,0,0,0,0,0,0,0,0,0,0,0,0,0,0,0,0,0,0,0
1940,154,7.2,30,0,0,0,0,0,0,1,0,0,0,0,0,0,0,0,0,0,0,0,0
1953,134,4.9,14,0,0,0,0,0,0,0,0,0,0,0,0,0,0,0,0,0,0,0,0
1967,149,7.4,59,0,0,0,1,0,0,0,0,0,0,0,0,0,0,0,0,0,0,0,0
1996,134,5.5,10,0,0,0,0,1,0,0,0,0,0,0,0,0,0,0,0,0,0,0,0
1984,134,4.6,7,0,0,0,0,0,0,0,0,0,0,0,0,0,0,0,0,0,0,0,0
1988,149,4.2,16,0,0,0,0,0,0,1,0,0,0,0,0,0,0,0,0,0,0,0,0
1998,119,4.8,44,0,0,0,0,0,0,0,0,0,0,0,0,0,0,1,0,0,0,0,0
2016,97,5.9,355,0,0,0,0,1,0,0,0,0,0,0,0,0,0,0,0,0,0,0,0
2010,96,6.4,223,0,0,0,0,0,0,1,0,0,0,0,0,0,0,0,0,0,0,0,0
1997,127,4.5,976,0,0,0,0,0,0,0,0,0,0,0,0,0,0,0,0,0,0,0,0
1978,144,6.5,64,0,0,0,0,0,0,1,0,0,0,0,0,0,0,0,0,0,0,0,0
1987,156,5.7,58,1,0,0,0,0,0,0,0,0,0,0,0,0,0,0,0,0,0,0,0
2011,134,6.2,8,0,0,0,0,0,0,1,0,0,0,0,0,0,0,0,0,0,0,0,0
2001,134,4.1,9,0,0,0,0,0,0,0,0,0,0,0,0,0,0,0,0,0,0,0,0
1986,171,6.0,44,0,0,0,0,0,0,0,0,0,0,0,0,0,0,0,0,0,0,0,0
2017,70,6.0,27,0,0,0,0,0,0,1,0,0,0,0,0,0,0,0,0,0,0,0,0
1983,150,7.2,571,0,0,0,0,0,0,1,0,0,0,0,0,0,0,0,0,0,0,0,0
1951,193,7.9,3813,0,0,0,0,0,0,1,0,0,0,0,0,0,0,0,0,0,0,0,0
1990,149,5.9,150,0,0,0,0,0,0,1,0,0,0,0,0,0,0,0,0,0,0,0,0
1984,150,6.2,46,0,0,0,0,0,0,0,0,0,0,0,0,0,0,0,0,0,0,0,0
1985,134,4.9,76,0,0,0,0,0,0,1,0,0,0,0,0,0,0,0,0,0,0,0,0
1964,134,5.1,17,0,0,0,0,0,0,0,0,0,0,0,0,0,0,0,0,0,0,0,0
2002,158,6.2,7775,0,0,0,0,0,0,0,0,0,0,0,0,0,0,0,0,0,0,0,0
1990,134,4.9,9,0,0,0,0,0,0,0,0,0,0,0,0,0,0,0,0,0,0,0,0
2007,126,7.3,6737,0,0,0,0,0,0,0,0,0,0,0,0,0,0,0,0,0,0,0,0
2020,101,8.7,21,0,0,0,0,0,0,1,0,0,0,0,0,0,0,0,0,0,0,0,0
2016,131,3.6,5,0,0,0,0,0,0,0,0,0,0,0,0,0,0,1,0,0,0,0,0
2019,104,7.0,1979,0,0,0,1,0,0,0,0,0,0,0,0,0,0,0,0,0,0,0,0
1969,173,6.2,104,0,0,0,0,0,0,1,0,0,0,0,0,0,0,0,0,0,0,0,0
1982,131,5.1,34,0,0,0,0,0,0,0,0,0,0,0,0,0,0,1,0,0,0,0,0
1964,146,6.4,116,0,0,0,0,0,0,1,0,0,0,0,0,0,0,0,0,0,0,0,0
1991,152,6.2,40,0,0,0,0,0,0,0,0,0,0,0,0,0,0,1,0,0,0,0,0
2000,137,5.5,27,0,0,0,0,0,0,0,0,0,0,0,0,0,0,0,0,0,0,0,0
2001,102,7.6,432,0,0,0,0,0,1,0,0,0,0,0,0,0,0,0,0,0,0,0,0
1991,134,6.9,13,0,0,0,0,0,0,1,0,0,0,0,0,0,0,0,0,0,0,0,0
1955,163,7.2,136,0,0,0,0,0,0,0,0,0,0,0,0,0,0,0,0,0,0,0,0
1978,154,7.2,82,0,0,0,0,0,0,0,0,0,0,0,0,0,0,0,0,0,0,0,0
1990,153,5.0,52,0,0,0,0,0,0,0,0,0,0,0,0,0,0,0,0,0,0,0,0
1940,140,7.1,11,0,0,0,0,0,0,1,0,0,0,0,0,0,0,0,0,0,0,0,0
1974,134,5.0,6,0,0,0,0,0,0,1,0,0,0,0,0,0,0,0,0,0,0,0,0
2016,130,5.7,5328,0,0,1,0,0,0,0,0,0,0,0,0,0,0,0,0,0,0,0,0
2017,117,8.8,5,0,0,0,0,0,0,1,0,0,0,0,0,0,0,0,0,0,0,0,0
2012,95,6.4,3702,0,0,0,0,1,0,0,0,0,0,0,0,0,0,0,0,0,0,0,0
2017,125,2.1,419,0,0,0,0,0,0,1,0,0,0,0,0,0,0,0,0,0,0,0,0
2021,136,8.3,1877,0,0,0,0,0,0,1,0,0,0,0,0,0,0,0,0,0,0,0,0
2018,103,6.4,446,0,0,0,0,0,0,0,0,0,0,0,0,0,0,0,0,0,0,0,0
2009,180,5.1,302,0,0,0,0,0,0,0,0,0,0,0,0,0,0,0,0,0,0,0,0
2006,169,5.4,3157,0,0,0,0,0,0,1,0,0,0,0,0,0,0,0,0,0,0,0,0
1985,134,5.7,23,0,0,0,0,0,0,1,0,0,0,0,0,0,0,0,0,0,0,0,0
1954,134,6.8,20,0,0,0,0,0,0,1,0,0,0,0,0,0,0,0,0,0,0,0,0
1999,175,6.9,17279,0,0,0,0,0,0,0,0,0,0,0,0,0,0,0,0,0,0,0,0
2017,136,4.9,4454,0,0,0,0,0,0,0,0,0,0,0,0,0,0,0,0,0,0,0,0
2000,156,4.2,208,0,0,0,0,0,0,0,0,0,0,0,0,0,0,0,0,0,0,0,0
2016,133,5.2,7912,0,0,0,0,0,0,0,0,0,0,0,0,0,0,0,0,0,0,0,0
2018,137,4.8,9625,0,0,0,0,0,0,0,0,0,0,0,0,0,0,0,0,0,0,0,0
2020,143,2.1,10309,0,0,0,0,0,0,0,0,0,0,0,0,0,0,0,0,0,0,0,0
1993,134,3.3,7,0,0,0,0,0,0,0,0,0,0,0,0,0,0,0,0,0,0,0,0
1990,157,5.7,1390,0,0,0,0,0,0,0,0,0,0,0,0,0,0,0,0,0,0,0,0
2001,79,6.1,10,0,0,0,0,0,0,0,1,0,0,0,0,0,0,0,0,0,0,0,0
2017,127,7.3,16,0,0,0,0,0,0,1,0,0,0,0,0,0,0,0,0,0,0,0,0
2019,65,7.0,20,0,0,0,1,0,0,0,0,0,0,0,0,0,0,0,0,0,0,0,0
1973,134,5.8,11,0,0,0,0,0,0,1,0,0,0,0,0,0,0,0,0,0,0,0,0
1994,134,4.2,26,0,0,0,0,0,0,0,0,0,0,0,0,0,0,0,0,0,0,0,0
2015,138,6.2,356,0,0,0,1,0,0,0,0,0,0,0,0,0,0,0,0,0,0,0,0
1954,134,6.8,14,0,0,0,0,0,0,1,0,0,0,0,0,0,0,0,0,0,0,0,0
2003,134,5.0,8,0,0,0,0,0,0,0,0,0,0,0,0,0,0,0,0,0,1,0,0
1990,152,6.0,303,0,0,0,0,0,0,0,0,0,0,0,0,0,0,0,0,0,0,0,0
1955,130,6.4,28,0,0,0,1,0,0,0,0,0,0,0,0,0,0,0,0,0,0,0,0
2016,141,5.3,6423,0,0,0,0,0,0,0,0,0,0,0,0,0,0,0,0,0,0,0,0
2017,124,6.2,179,0,0,0,1,0,0,0,0,0,0,0,0,0,0,0,0,0,0,0,0
1957,133,7.2,37,0,0,0,0,1,0,0,0,0,0,0,0,0,0,0,0,0,0,0,0
1993,134,6.4,8,0,0,0,0,0,0,1,0,0,0,0,0,0,0,0,0,0,0,0,0
2018,48,6.1,271,0,0,0,0,0,0,1,0,0,0,0,0,0,0,0,0,0,0,0,0
2012,135,3.2,13,0,0,0,0,0,0,0,0,0,0,0,0,0,0,0,0,0,0,0,0
1986,148,6.4,165,0,0,0,1,0,0,0,0,0,0,0,0,0,0,0,0,0,0,0,0
2013,108,5.1,69,0,0,0,1,0,0,0,0,0,0,0,0,0,0,0,0,0,0,0,0
1962,145,6.8,116,0,0,0,0,0,0,0,0,0,0,0,0,0,1,0,0,0,0,0,0
1982,134,4.0,6,0,0,0,0,0,0,0,1,0,0,0,0,0,0,0,0,0,0,0,0
1953,140,7.3,93,0,0,0,0,0,0,0,0,0,0,0,0,0,0,0,0,0,0,0,0
1992,134,5.7,49,0,0,0,0,0,0,0,0,0,0,0,0,0,0,0,0,0,0,0,0
2003,180,3.2,344,0,0,0,0,0,0,0,0,0,0,0,0,0,1,0,0,0,0,0,0
2018,137,6.6,4831,0,0,0,0,1,0,0,0,0,0,0,0,0,0,0,0,0,0,0,0
1951,143,7.3,343,0,0,0,0,1,0,0,0,0,0,0,0,0,0,0,0,0,0,0,0
1968,141,6.4,60,0,0,0,0,1,0,0,0,0,0,0,0,0,0,0,0,0,0,0,0
1984,125,6.3,65,0,0,0,0,0,0,0,0,0,0,0,0,0,0,0,0,0,0,0,0
1995,183,6.5,2248,0,0,0,0,0,0,0,0,0,0,0,0,0,0,0,0,0,0,0,0
1993,175,7.7,26583,0,0,0,0,1,0,0,0,0,0,0,0,0,0,0,0,0,0,0,0
1972,133,7.5,6,1,0,0,0,0,0,0,0,0,0,0,0,0,0,0,0,0,0,0,0
2017,134,4.2,8,0,0,1,0,0,0,0,0,0,0,0,0,0,0,0,0,0,0,0,0
1960,134,6.8,16,0,0,0,0,0,0,1,0,0,0,0,0,0,0,0,0,0,0,0,0
1951,134,7.4,11,0,0,0,0,0,0,1,0,0,0,0,0,0,0,0,0,0,0,0,0
2014,113,6.7,83,0,0,0,1,0,0,0,0,0,0,0,0,0,0,0,0,0,0,0,0
1985,148,7.1,64,0,0,0,0,0,0,1,0,0,0,0,0,0,0,0,0,0,0,0,0
1950,142,7.3,72,0,0,0,0,0,0,1,0,0,0,0,0,0,0,0,0,0,0,0,0
1986,162,4.8,9,0,0,0,0,0,0,1,0,0,0,0,0,0,0,0,0,0,0,0,0
1972,134,5.9,9,0,0,0,0,0,0,1,0,0,0,0,0,0,0,0,0,0,0,0,0
1985,129,5.9,10,0,0,0,0,0,0,1,0,0,0,0,0,0,0,0,0,0,0,0,0
2017,122,6.9,1974,0,0,0,0,0,0,0,0,0,0,0,0,0,0,0,0,0,0,0,0
2015,159,8.0,53997,0,0,0,0,0,0,0,0,0,0,0,0,0,0,0,0,0,0,0,0
2008,99,2.7,71,0,0,0,1,0,0,0,0,0,0,0,0,0,0,0,0,0,0,0,0
2010,134,5.4,10,0,0,0,0,0,0,0,0,0,0,1,0,0,0,0,0,0,0,0,0
2009,134,4.9,34,0,0,0,1,0,0,0,0,0,0,0,0,0,0,0,0,0,0,0,0
2005,130,2.7,202,0,0,0,1,0,0,0,0,0,0,0,0,0,0,0,0,0,0,0,0
2008,152,6.1,10674,0,0,0,1,0,0,0,0,0,0,0,0,0,0,0,0,0,0,0,0
1970,133,6.3,31,0,0,0,0,0,0,0,0,0,0,0,0,0,0,0,0,0,0,0,0
1963,134,5.2,5,0,0,0,0,0,0,1,0,0,0,0,0,0,0,0,0,0,0,0,0
2017,120,8.2,9,0,0,0,0,0,0,1,0,0,0,0,0,0,0,0,0,0,0,0,0
1984,135,6.2,12,0,0,0,0,0,0,0,1,0,0,0,0,0,0,0,0,0,0,0,0
2003,118,3.3,6,0,0,0,0,0,0,0,0,0,0,0,0,0,0,0,0,0,1,0,0
2009,120,3.5,17,0,0,0,1,0,0,0,0,0,0,0,0,0,0,0,0,0,0,0,0
1961,134,6.2,5,0,0,0,0,0,0,0,0,0,0,0,0,0,0,0,0,0,0,0,0
1957,134,5.1,8,0,0,0,0,0,0,1,0,0,0,0,0,0,0,0,0,0,0,0,0
1998,134,6.2,45,0,0,0,0,0,0,1,0,0,0,0,0,0,0,0,0,0,0,0,0
1973,144,5.0,22,0,0,0,0,0,0,0,0,0,0,0,0,0,0,0,0,0,0,0,0
1951,146,6.7,34,0,0,0,0,0,0,0,0,0,0,0,0,0,0,0,0,0,0,0,0
1966,150,7.0,10,0,0,0,0,0,0,0,0,0,0,0,0,0,0,0,0,0,0,0,0
2000,166,4.9,1281,0,0,0,0,0,0,0,0,0,0,0,0,0,0,0,0,0,0,0,0
1978,136,6.7,62,0,0,0,0,0,0,1,0,0,0,0,0,0,0,0,0,0,0,0,0
1983,146,6.3,118,0,0,0,0,0,0,1,0,0,0,0,0,0,0,0,0,0,0,0,0
1999,146,3.6,1289,0,0,0,1,0,0,0,0,0,0,0,0,0,0,0,0,0,0,0,0
1989,138,6.0,66,0,0,0,0,0,0,1,0,0,0,0,0,0,0,0,0,0,0,0,0
1998,140,5.8,2787,0,0,0,0,0,0,0,0,0,0,0,0,0,0,0,0,0,0,0,0
2018,124,8.0,29518,0,0,0,1,0,0,0,0,0,0,0,0,0,0,0,0,0,0,0,0
2002,155,4.5,673,0,0,0,1,0,0,0,0,0,0,0,0,0,0,0,0,0,0,0,0
1974,134,6.7,37,0,0,0,0,0,0,1,0,0,0,0,0,0,0,0,0,0,0,0,0
1987,146,6.9,7,0,0,0,0,0,0,1,0,0,0,0,0,0,0,0,0,0,0,0,0
1993,130,5.4,14,0,0,0,0,0,0,1,0,0,0,0,0,0,0,0,0,0,0,0,0
1969,156,4.4,11,0,0,0,1,0,0,0,0,0,0,0,0,0,0,0,0,0,0,0,0
1945,122,5.4,9,0,0,0,0,0,0,1,0,0,0,0,0,0,0,0,0,0,0,0,0
1986,129,6.7,7,0,0,0,0,0,0,1,0,0,0,0,0,0,0,0,0,0,0,0,0
1974,112,6.2,13,0,0,0,0,0,0,0,0,0,0,0,0,0,0,0,0,0,1,0,0
2019,118,7.8,23890,0,0,0,0,1,0,0,0,0,0,0,0,0,0,0,0,0,0,0,0
1980,134,7.6,11,0,0,0,0,0,0,0,0,0,0,0,0,0,0,0,0,0,0,0,0
2015,134,7.4,22324,0,0,0,0,0,0,0,0,0,0,0,0,0,0,0,0,0,0,0,0
2014,123,4.7,123,0,0,0,0,0,0,1,0,0,0,0,0,0,0,0,0,0,0,0,0
1982,158,4.8,59,0,0,0,0,0,0,0,0,0,0,0,0,0,0,0,0,0,0,0,0
2010,142,6.0,6466,0,0,0,1,0,0,0,0,0,0,0,0,0,0,0,0,0,0,0,0
1998,119,2.5,25,0,0,0,0,0,0,0,0,0,0,0,0,0,0,0,0,0,0,0,0
2002,134,4.4,9,0,0,0,0,0,0,0,0,0,0,0,0,0,0,0,0,0,0,0,0
2016,83,4.3,30,0,0,0,1,0,0,0,0,0,0,0,0,0,0,0,0,0,0,0,0
2015,128,4.6,133,0,0,0,1,0,0,0,0,0,0,0,0,0,0,0,0,0,0,0,0
2020,134,6.9,7,0,0,0,0,0,0,0,0,0,0,0,0,0,0,1,0,0,0,0,0
2019,95,7.1,805,0,0,0,1,0,0,0,0,0,0,0,0,0,0,0,0,0,0,0,0
1991,134,5.5,6,0,0,0,0,0,0,0,0,0,0,0,0,0,0,0,0,0,0,0,0
1971,100,6.6,10,0,0,0,0,0,0,1,0,0,0,0,0,0,0,0,0,0,0,0,0
1971,134,5.9,19,0,0,0,0,1,0,0,0,0,0,0,0,0,0,0,0,0,0,0,0
2017,139,6.1,10865,0,0,0,1,0,0,0,0,0,0,0,0,0,0,0,0,0,0,0,0
1954,134,6.4,16,0,0,0,0,0,0,0,0,0,0,0,0,0,0,0,0,0,0,0,0
2013,103,5.9,14,0,0,0,0,0,0,1,0,0,0,0,0,0,0,0,0,0,0,0,0
1989,91,7.7,72,0,0,0,0,0,0,1,0,0,0,0,0,0,0,0,0,0,0,0,0
1982,144,6.4,66,0,0,0,0,0,0,0,0,0,0,0,0,0,0,0,0,0,0,0,0
1938,159,7.2,8,0,0,0,0,0,0,1,0,0,0,0,0,0,0,0,0,0,0,0,0
2003,181,7.4,15518,0,0,0,0,0,0,1,0,0,0,0,0,0,0,0,0,0,0,0,0
1952,134,6.5,11,1,0,0,0,0,0,0,0,0,0,0,0,0,0,0,0,0,0,0,0
1956,134,4.7,9,0,0,0,0,0,0,0,0,0,0,0,0,0,0,0,0,0,0,0,0
2019,137,5.5,6,0,0,0,0,0,0,1,0,0,0,0,0,0,0,0,0,0,0,0,0
1979,134,6.5,11,0,0,0,0,0,0,0,0,0,0,0,0,0,0,0,0,0,0,0,0
1990,145,4.7,63,0,0,0,0,0,0,0,1,0,0,0,0,0,0,0,0,0,0,0,0
1951,170,5.7,18,0,0,0,0,0,0,1,0,0,0,0,0,0,0,0,0,0,0,0,0
1966,139,7.1,93,0,0,0,0,0,0,1,0,0,0,0,0,0,0,0,0,0,0,0,0
1967,171,7.6,77,0,0,0,0,0,0,1,0,0,0,0,0,0,0,0,0,0,0,0,0
1968,160,7.1,54,0,0,0,0,0,0,0,0,0,0,0,0,0,1,0,0,0,0,0,0
2019,120,8.8,23,0,0,0,1,0,0,0,0,0,0,0,0,0,0,0,0,0,0,0,0
1941,156,6.0,10,0,0,0,0,0,0,1,0,0,0,0,0,0,0,0,0,0,0,0,0
1955,134,6.9,10,0,0,0,0,0,0,1,0,0,0,0,0,0,0,0,0,0,0,0,0
1967,167,6.5,69,0,0,0,1,0,0,0,0,0,0,0,0,0,0,0,0,0,0,0,0
1965,132,6.5,17,0,0,0,0,0,0,1,0,0,0,0,0,0,0,0,0,0,0,0,0
1985,147,6.3,16,0,0,0,0,0,0,1,0,0,0,0,0,0,0,0,0,0,0,0,0
1964,133,6.8,42,0,0,0,0,0,0,1,0,0,0,0,0,0,0,0,0,0,0,0,0
1989,134,6.3,81,0,0,0,1,0,0,0,0,0,0,0,0,0,0,0,0,0,0,0,0
1954,168,6.7,24,1,0,0,0,0,0,0,0,0,0,0,0,0,0,0,0,0,0,0,0
2020,125,7.3,3036,0,0,0,1,0,0,0,0,0,0,0,0,0,0,0,0,0,0,0,0
1952,165,7.4,343,0,0,0,0,0,0,1,0,0,0,0,0,0,0,0,0,0,0,0,0
2021,72,9.3,29,0,0,0,0,0,0,0,1,0,0,0,0,0,0,0,0,0,0,0,0
1976,134,6.5,104,0,0,0,0,0,0,1,0,0,0,0,0,0,0,0,0,0,0,0,0
2013,110,5.3,729,0,0,0,1,0,0,0,0,0,0,0,0,0,0,0,0,0,0,0,0
2015,158,7.2,32073,0,0,0,0,0,0,0,0,0,0,0,0,0,0,0,0,0,0,0,0
1956,134,6.6,7,0,0,0,0,0,0,0,0,1,0,0,0,0,0,0,0,0,0,0,0
1976,176,7.7,85,0,0,0,0,0,0,0,0,1,0,0,0,0,0,0,0,0,0,0,0
2015,163,8.0,78448,0,0,0,0,0,0,0,0,0,0,0,0,0,0,0,0,0,0,0,0
1996,163,2.7,113,0,0,0,0,0,0,0,0,0,0,0,0,0,0,0,0,0,0,0,0
2009,74,6.5,46,0,1,0,0,0,0,0,0,0,0,0,0,0,0,0,0,0,0,0,0
2015,68,4.2,13,0,1,0,0,0,0,0,0,0,0,0,0,0,0,0,0,0,0,0,0
2017,81,2.3,9,0,1,0,0,0,0,0,0,0,0,0,0,0,0,0,0,0,0,0,0
1956,132,6.1,7,0,0,0,0,0,0,0,0,0,0,0,0,0,0,0,0,0,0,1,0
1982,134,5.9,8,0,0,0,0,0,0,1,0,0,0,0,0,0,0,0,0,0,0,0,0
2019,133,7.3,12370,0,0,0,1,0,0,0,0,0,0,0,0,0,0,0,0,0,0,0,0
1975,134,5.4,7,1,0,0,0,0,0,0,0,0,0,0,0,0,0,0,0,0,0,0,0
1985,137,5.6,54,0,0,0,0,0,0,0,0,0,0,0,0,0,0,0,0,0,0,0,0
1971,137,6.8,16,0,0,0,0,0,0,1,0,0,0,0,0,0,0,0,0,0,0,0,0
1976,111,6.9,229,0,0,0,1,0,0,0,0,0,0,0,0,0,0,0,0,0,0,0,0
2012,117,8.1,24,0,0,0,0,0,0,1,0,0,0,0,0,0,0,0,0,0,0,0,0
2017,120,7.5,17,0,0,0,1,0,0,0,0,0,0,0,0,0,0,0,0,0,0,0,0
1993,134,5.7,21,0,0,0,0,0,0,0,0,0,0,0,0,0,0,1,0,0,0,0,0
1968,176,5.6,8,0,0,0,0,0,0,0,0,1,0,0,0,0,0,0,0,0,0,0,0
1992,142,4.3,179,0,0,0,0,0,0,0,0,0,0,0,0,0,0,0,0,0,0,0,0
2014,136,3.6,50,0,0,0,1,0,0,0,0,0,0,0,0,0,0,0,0,0,0,0,0
1996,134,4.9,193,0,0,0,0,0,0,0,0,0,0,0,0,0,0,0,0,0,0,0,0
1980,134,4.0,7,0,0,0,0,0,0,0,0,0,0,0,0,0,0,0,0,0,0,0,0
1968,136,6.0,13,0,0,0,0,1,0,0,0,0,0,0,0,0,0,0,0,0,0,0,0
2020,102,7.2,1533,0,0,0,0,0,0,0,0,0,0,0,0,0,0,1,0,0,0,0,0
2006,122,6.1,315,0,0,0,0,0,0,0,0,0,0,0,0,1,0,0,0,0,0,0,0
2009,128,3.2,24,0,0,0,0,0,0,1,0,0,0,0,0,0,0,0,0,0,0,0,0
1997,126,4.2,231,0,0,0,1,0,0,0,0,0,0,0,0,0,0,0,0,0,0,0,0
1973,141,6.7,73,0,0,0,0,0,0,1,0,0,0,0,0,0,0,0,0,0,0,0,0
1962,145,6.1,21,0,0,0,0,0,0,1,0,0,0,0,0,0,0,0,0,0,0,0,0
2010,139,7.2,15583,0,0,0,1,0,0,0,0,0,0,0,0,0,0,0,0,0,0,0,0
1990,145,5.1,298,0,0,0,0,0,0,0,0,0,0,0,0,0,0,0,0,0,0,0,0
1956,134,6.0,6,0,0,0,0,0,0,1,0,0,0,0,0,0,0,0,0,0,0,0,0
1998,154,4.8,1852,0,0,0,0,0,0,0,0,0,0,0,0,0,0,0,0,0,0,0,0
1969,159,7.2,85,0,0,0,0,0,0,1,0,0,0,0,0,0,0,0,0,0,0,0,0
1985,134,6.1,13,0,0,0,0,0,0,1,0,0,0,0,0,0,0,0,0,0,0,0,0
1983,124,7.1,36,0,0,0,0,0,0,1,0,0,0,0,0,0,0,0,0,0,0,0,0
1973,139,5.8,100,0,0,0,0,0,0,0,0,0,0,0,0,0,0,0,0,0,0,0,0
1992,126,7.9,7,0,0,0,0,0,0,0,1,0,0,0,0,0,0,0,0,0,0,0,0
1957,135,6.2,27,0,0,0,0,0,0,1,0,0,0,0,0,0,0,0,0,0,0,0,0
1978,134,4.5,26,0,0,0,0,0,0,0,0,0,0,0,0,0,0,0,0,0,0,0,0
1963,157,7.7,756,0,0,0,0,0,0,1,0,0,0,0,0,0,0,0,0,0,0,0,0
1996,134,4.3,66,0,0,0,0,0,0,0,0,0,0,0,0,0,0,1,0,0,0,0,0
1955,129,7.1,17,0,0,0,1,0,0,0,0,0,0,0,0,0,0,0,0,0,0,0,0
1980,152,6.1,47,0,0,0,0,0,0,0,0,0,0,0,0,0,0,0,0,0,0,0,0
1994,119,7.6,4518,0,0,1,0,0,0,0,0,0,0,0,0,0,0,0,0,0,0,0,0
2013,132,5.9,140,0,0,0,0,1,0,0,0,0,0,0,0,0,0,0,0,0,0,0,0
2014,153,5.6,22436,0,0,0,0,0,0,0,0,0,0,0,0,0,0,0,0,0,0,0,0
2015,135,4.5,1168,0,0,0,1,0,0,0,0,0,0,0,0,0,0,0,0,0,0,0,0
1991,145,5.1,100,0,0,0,0,0,0,1,0,0,0,0,0,0,0,0,0,0,0,0,0
2016,137,4.9,1105,0,0,0,0,0,0,0,0,0,0,0,0,0,0,0,0,0,0,0,0
2017,120,5.9,2603,0,0,0,0,0,0,0,0,0,0,0,0,0,0,0,0,0,0,0,0
1971,134,6.0,27,0,0,0,0,0,0,1,0,0,0,0,0,0,0,0,0,0,0,0,0
1972,134,5.4,48,0,0,0,0,0,0,1,0,0,0,0,0,0,0,0,0,0,0,0,0
2021,108,3.7,7,0,0,0,0,0,0,1,0,0,0,0,0,0,0,0,0,0,0,0,0
1950,148,6.0,6,0,0,0,0,0,0,1,0,0,0,0,0,0,0,0,0,0,0,0,0
1960,134,6.0,8,0,0,0,0,0,0,1,0,0,0,0,0,0,0,0,0,0,0,0,0
1955,129,6.2,18,0,0,0,0,0,0,0,0,0,0,0,0,1,0,0,0,0,0,0,0
2009,97,6.8,1166,0,0,0,1,0,0,0,0,0,0,0,0,0,0,0,0,0,0,0,0
2005,119,5.6,36,0,0,0,0,0,0,1,0,0,0,0,0,0,0,0,0,0,0,0,0
2004,155,5.9,661,0,0,0,0,0,0,0,0,0,0,0,0,0,0,0,0,0,0,0,0
2015,80,5.6,149,1,0,0,0,0,0,0,0,0,0,0,0,0,0,0,0,0,0,0,0
2012,151,8.1,77377,0,0,0,1,0,0,0,0,0,0,0,0,0,0,0,0,0,0,0,0
1949,134,6.1,18,0,0,0,0,0,0,1,0,0,0,0,0,0,0,0,0,0,0,0,0
1959,169,4.9,9,0,0,0,0,0,0,0,0,0,0,0,0,0,0,1,0,0,0,0,0
1973,134,5.9,8,0,0,0,0,0,0,0,0,0,0,0,0,0,0,1,0,0,0,0,0
2015,127,5.1,315,0,0,0,0,0,0,1,0,0,0,0,0,0,0,0,0,0,0,0,0
1976,140,6.0,84,0,0,0,0,0,0,0,0,0,0,0,0,0,0,0,0,0,0,0,0
1998,159,4.7,626,0,0,0,0,0,0,0,0,0,0,0,0,0,0,0,0,0,0,0,0
2019,89,7.3,1135,0,0,0,0,0,0,0,0,0,0,0,0,0,1,0,0,0,0,0,0
1949,171,7.7,596,0,0,0,0,0,0,1,0,0,0,0,0,0,0,0,0,0,0,0,0
1995,166,5.4,1193,0,0,0,0,0,0,0,0,0,0,0,0,0,0,0,0,0,0,0,0
1981,142,6.3,312,0,0,0,0,0,0,0,0,0,0,0,0,0,0,1,0,0,0,0,0
1960,142,6.9,117,0,0,0,0,0,0,1,0,0,0,0,0,0,0,0,0,0,0,0,0
1998,151,3.7,12,0,0,0,0,0,0,0,0,0,0,0,0,1,0,0,0,0,0,0,0
2006,150,5.9,503,0,0,0,0,0,0,1,0,0,0,0,0,0,0,0,0,0,0,0,0
2001,169,3.7,586,0,0,0,0,0,0,1,0,0,0,0,0,0,0,0,0,0,0,0,0
2000,134,6.5,21,0,0,0,1,0,0,0,0,0,0,0,0,0,0,0,0,0,0,0,0
2003,134,5.6,54,0,0,0,1,0,0,0,0,0,0,0,0,0,0,0,0,0,0,0,0
1942,146,6.8,21,0,0,0,0,0,0,1,0,0,0,0,0,0,0,0,0,0,0,0,0
1960,165,6.5,33,0,0,0,1,0,0,0,0,0,0,0,0,0,0,0,0,0,0,0,0
1956,150,7.1,32,0,0,0,0,0,0,1,0,0,0,0,0,0,0,0,0,0,0,0,0
1992,134,4.3,9,0,0,0,0,0,0,0,0,0,0,0,0,0,0,0,0,0,0,0,0
1981,139,6.8,133,0,0,0,0,0,0,1,0,0,0,0,0,0,0,0,0,0,0,0,0
2003,134,7.0,27,0,0,0,0,0,0,0,0,0,0,0,0,0,0,0,0,0,0,0,0
2019,146,7.2,10092,0,0,0,0,0,0,0,0,0,0,0,0,0,0,0,0,0,0,0,0
1979,112,7.5,1118,0,0,0,1,0,0,0,0,0,0,0,0,0,0,0,0,0,0,0,0
2019,131,2.8,101,0,0,0,0,0,0,0,0,0,0,0,0,0,0,0,0,0,0,0,1
2018,161,6.0,4685,0,0,0,0,0,0,1,0,0,0,0,0,0,0,0,0,0,0,0,0
1989,201,6.3,206,0,0,0,0,0,0,0,0,0,0,0,0,0,0,0,0,0,0,0,0
1961,134,6.2,12,0,0,0,0,0,0,1,0,0,0,0,0,0,0,0,0,0,0,0,0
2000,125,7.0,288,0,0,0,0,0,0,1,0,0,0,0,0,0,0,0,0,0,0,0,0
1972,130,8.0,3793,0,0,0,1,0,0,0,0,0,0,0,0,0,0,0,0,0,0,0,0
1950,138,6.9,36,0,0,0,0,0,0,1,0,0,0,0,0,0,0,0,0,0,0,0,0
2021,134,5.2,79,0,0,0,0,0,0,1,0,0,0,0,0,0,0,0,0,0,0,0,0
1985,134,7.0,11,1,0,0,0,0,0,0,0,0,0,0,0,0,0,0,0,0,0,0,0
1949,148,6.8,6,0,0,0,0,0,0,1,0,0,0,0,0,0,0,0,0,0,0,0,0
1982,120,7.3,481,0,0,0,0,0,0,1,0,0,0,0,0,0,0,0,0,0,0,0,0
2014,125,4.8,15,0,0,0,0,0,0,1,0,0,0,0,0,0,0,0,0,0,0,0,0
2004,134,5.9,15,0,0,0,0,0,0,1,0,0,0,0,0,0,0,0,0,0,0,0,0
1954,134,6.4,5,0,0,0,0,0,0,0,0,0,0,0,0,0,0,0,0,0,0,1,0
1983,134,4.9,7,0,0,0,0,0,0,0,0,0,0,0,0,0,0,0,0,0,0,0,0
2020,123,8.5,13,0,0,0,0,0,0,1,0,0,0,0,0,0,0,0,0,0,0,0,0
1979,134,6.6,7,0,0,0,0,0,0,1,0,0,0,0,0,0,0,0,0,0,0,0,0
2011,93,3.1,88,0,0,0,1,0,0,0,0,0,0,0,0,0,0,0,0,0,0,0,0
1993,135,4.8,8,0,0,0,0,0,0,0,0,0,0,0,0,0,0,0,0,0,0,0,0
1965,134,5.4,16,0,0,0,0,0,0,1,0,0,0,0,0,0,0,0,0,0,0,0,0
1959,134,6.1,7,0,0,0,0,1,0,0,0,0,0,0,0,0,0,0,0,0,0,0,0
1993,146,3.9,148,0,0,0,0,0,0,0,0,0,0,0,0,0,0,0,0,0,0,0,0
2019,134,5.8,37,0,0,0,0,0,0,0,0,0,0,0,0,0,1,0,0,0,0,0,0
2013,125,5.6,10,0,0,0,0,0,0,1,0,0,0,0,0,0,0,0,0,0,0,0,0
1962,158,7.1,341,0,0,0,0,0,0,0,0,0,0,0,0,0,0,0,0,0,1,0,0
1989,141,5.1,156,0,0,0,0,0,0,0,0,0,0,1,0,0,0,0,0,0,0,0,0
1972,134,5.3,10,0,0,0,0,0,0,0,0,0,0,1,0,0,0,0,0,0,0,0,0
2016,130,3.9,7185,0,0,0,1,0,0,0,0,0,0,0,0,0,0,0,0,0,0,0,0
1963,134,6.4,24,0,0,0,0,0,0,1,0,0,0,0,0,0,0,0,0,0,0,0,0
2017,128,5.6,2626,0,0,0,0,0,0,0,0,0,0,0,0,0,0,0,0,0,0,0,0
1991,134,5.4,17,0,0,0,0,0,0,0,0,0,0,0,0,0,0,0,0,0,0,0,0
2017,128,5.6,1873,0,0,0,1,0,0,0,0,0,0,0,0,0,0,0,0,0,0,0,0
2005,88,5.9,14,0,0,0,0,0,0,1,0,0,0,0,0,0,0,0,0,0,0,0,0
1946,134,6.4,8,0,0,0,0,0,0,0,0,0,0,0,0,0,0,0,0,0,0,1,0
1971,134,4.0,5,0,0,0,0,0,0,0,0,1,0,0,0,0,0,0,0,0,0,0,0
2016,120,2.8,439,0,0,0,0,0,0,1,0,0,0,0,0,0,0,0,0,0,0,0,0
1972,133,6.9,75,0,0,0,0,0,0,1,0,0,0,0,0,0,0,0,0,0,0,0,0
1983,121,3.7,27,0,0,0,0,0,0,1,0,0,0,0,0,0,0,0,0,0,0,0,0
1992,140,4.6,192,0,0,0,0,0,0,0,0,0,0,0,0,0,0,0,0,0,0,0,0
2002,134,2.9,16,0,0,0,0,1,0,0,0,0,0,0,0,0,0,0,0,0,0,0,0
2012,90,7.6,11,0,0,0,0,0,1,0,0,0,0,0,0,0,0,0,0,0,0,0,0
1982,142,7.0,386,0,0,0,0,0,0,1,0,0,0,0,0,0,0,0,0,0,0,0,0
1974,117,6.8,251,0,0,0,0,0,0,1,0,0,0,0,0,0,0,0,0,0,0,0,0
1999,126,4.4,32,0,0,0,0,0,0,1,0,0,0,0,0,0,0,0,0,0,0,0,0
1991,134,5.0,252,0,0,0,0,0,0,0,0,0,0,0,0,0,0,0,0,0,0,0,0
1964,158,7.3,39,0,0,0,0,0,0,1,0,0,0,0,0,0,0,0,0,0,0,0,0
2001,121,5.3,29,0,0,0,0,0,0,0,0,0,0,0,0,0,0,0,0,0,0,0,0
2010,134,7.7,30,0,0,0,0,0,0,1,0,0,0,0,0,0,0,0,0,0,0,0,0
2010,123,6.1,349,0,0,0,1,0,0,0,0,0,0,0,0,0,0,0,0,0,0,0,0
1985,156,6.2,42,0,0,0,0,0,0,1,0,0,0,0,0,0,0,0,0,0,0,0,0
1996,134,4.1,59,0,0,0,0,0,0,0,0,0,0,0,0,0,0,0,0,0,0,0,0
1950,134,6.7,17,0,0,0,0,0,0,1,0,0,0,0,0,0,0,0,0,0,0,0,0
1980,134,4.6,11,0,0,0,0,0,0,0,0,0,0,0,0,0,0,0,0,0,0,0,0
1980,147,6.8,32,0,0,0,0,0,0,0,0,0,0,0,0,0,0,0,0,0,0,0,0
1981,121,6.3,30,1,0,0,0,0,0,0,0,0,0,0,0,0,0,0,0,0,0,0,0
1978,139,5.4,114,0,0,0,0,0,0,0,0,0,0,0,0,0,0,0,0,0,0,0,0
2013,143,3.6,5355,0,0,0,0,0,0,0,0,0,0,0,0,0,0,0,0,0,0,0,0
1992,171,6.3,1956,0,0,0,0,0,0,1,0,0,0,0,0,0,0,0,0,0,0,0,0
1994,134,3.8,45,0,0,0,0,0,0,1,0,0,0,0,0,0,0,0,0,0,0,0,0
1983,162,6.6,532,0,0,0,0,0,0,0,1,0,0,0,0,0,0,0,0,0,0,0,0
1997,188,4.4,104,0,0,0,0,0,0,1,0,0,0,0,0,0,0,0,0,0,0,0,0
1994,166,4.8,44,0,0,0,0,0,0,0,0,0,0,0,0,0,0,0,0,0,0,0,0
1969,135,5.8,10,0,0,0,0,0,0,1,0,0,0,0,0,0,0,0,0,0,0,0,0
1964,145,6.8,31,0,0,0,1,0,0,0,0,0,0,0,0,0,0,0,0,0,0,0,0
2000,134,3.7,241,0,0,0,1,0,0,0,0,0,0,0,0,0,0,0,0,0,0,0,0
2014,78,7.2,40,0,0,0,0,0,0,1,0,0,0,0,0,0,0,0,0,0,0,0,0
1952,112,7.6,80,0,0,0,0,0,0,1,0,0,0,0,0,0,0,0,0,0,0,0,0
1995,144,5.1,104,0,0,0,0,0,0,1,0,0,0,0,0,0,0,0,0,0,0,0,0
2005,151,4.4,2393,0,0,0,0,0,0,1,0,0,0,0,0,0,0,0,0,0,0,0,0
1985,145,5.6,58,0,0,0,0,0,0,1,0,0,0,0,0,0,0,0,0,0,0,0,0
1992,172,4.9,75,0,0,0,0,0,0,0,0,0,0,0,0,0,0,1,0,0,0,0,0
2017,127,6.3,30,0,0,0,0,0,0,0,0,0,0,0,0,0,0,0,0,0,1,0,0
2014,119,5.5,3938,0,0,0,1,0,0,0,0,0,0,0,0,0,0,0,0,0,0,0,0
1960,160,5.2,35,0,0,0,0,0,0,0,0,0,0,0,0,1,0,0,0,0,0,0,0
2013,97,8.0,158,0,0,0,0,0,1,0,0,0,0,0,0,0,0,0,0,0,0,0,0
2015,99,6.7,7,0,0,0,0,1,0,0,0,0,0,0,0,0,0,0,0,0,0,0,0
2013,64,6.1,58,0,0,0,0,0,1,0,0,0,0,0,0,0,0,0,0,0,0,0,0
2017,120,7.0,2148,0,0,0,0,0,0,1,0,0,0,0,0,0,0,0,0,0,0,0,0
1982,137,7.3,70,0,0,0,0,0,0,1,0,0,0,0,0,0,0,0,0,0,0,0,0
2015,128,4.0,68,0,0,0,0,0,0,0,0,0,0,0,0,1,0,0,0,0,0,0,0
2015,118,5.2,963,0,0,0,0,0,0,0,0,0,0,0,0,0,0,0,0,0,0,0,0
2013,186,8.2,62636,0,0,1,0,0,0,0,0,0,0,0,0,0,0,0,0,0,0,0,0
2018,115,3.6,18,0,0,0,1,0,0,0,0,0,0,0,0,0,0,0,0,0,0,0,0
2014,134,6.7,32,0,0,0,0,0,0,0,0,0,0,1,0,0,0,0,0,0,0,0,0
1991,145,4.1,131,0,0,0,1,0,0,0,0,0,0,0,0,0,0,0,0,0,0,0,0
1957,165,6.7,47,0,0,0,0,0,0,1,0,0,0,0,0,0,0,0,0,0,0,0,0
1961,168,5.4,30,0,0,0,0,0,0,1,0,0,0,0,0,0,0,0,0,0,0,0,0
2018,107,8.3,84,0,0,0,1,0,0,0,0,0,0,0,0,0,0,0,0,0,0,0,0
1938,134,6.3,9,0,0,0,0,0,0,1,0,0,0,0,0,0,0,0,0,0,0,0,0
2013,89,2.5,26,0,0,0,0,0,0,0,0,0,0,0,0,0,0,0,0,0,1,0,0
1956,101,6.0,21,0,0,0,0,0,0,0,0,0,0,0,0,0,0,0,0,0,0,0,0
2006,157,6.5,11651,0,0,0,1,0,0,0,0,0,0,0,0,0,0,0,0,0,0,0,0
1978,134,6.8,8,0,0,0,0,0,0,1,0,0,0,0,0,0,0,0,0,0,0,0,0
2002,134,3.2,6,0,0,0,0,0,0,1,0,0,0,0,0,0,0,0,0,0,0,0,0
2001,113,4.6,18,0,0,0,0,0,0,0,0,0,0,0,0,0,0,0,0,0,0,0,0
2005,158,5.6,227,0,0,0,0,0,0,0,0,0,0,0,0,0,0,0,0,0,0,0,0
2005,160,6.1,57,0,1,0,0,0,0,0,0,0,0,0,0,0,0,0,0,0,0,0,0
1985,134,5.9,43,0,0,0,1,0,0,0,0,0,0,0,0,0,0,0,0,0,0,0,0
2001,81,6.5,14,0,0,0,0,0,0,0,1,0,0,0,0,0,0,0,0,0,0,0,0
1986,147,4.3,169,0,0,0,0,0,0,1,0,0,0,0,0,0,0,0,0,0,0,0,0
1970,136,8.7,10,0,0,0,0,0,0,1,0,0,0,0,0,0,0,0,0,0,0,0,0
1985,138,6.0,10,0,0,0,0,0,0,0,0,0,0,0,0,0,0,0,0,0,0,0,0
1994,136,4.4,68,0,0,0,0,0,0,1,0,0,0,0,0,0,0,0,0,0,0,0,0
1997,147,5.1,353,0,0,0,0,0,0,0,0,0,0,0,0,0,0,0,0,0,0,0,0
1969,151,4.9,24,0,0,0,0,0,0,1,0,0,0,0,0,0,0,0,0,0,0,0,0
1970,134,5.7,18,0,0,0,0,0,0,0,0,0,0,0,0,0,0,0,0,0,0,0,0
1997,172,3.8,24,0,0,0,0,0,0,0,0,0,0,0,0,0,0,0,0,0,0,0,0
1972,131,5.7,37,0,0,0,0,0,0,0,0,0,0,0,0,0,0,0,0,0,0,0,0
2000,118,3.2,9,0,0,0,0,0,0,0,0,0,0,0,0,0,0,0,0,0,0,0,0
1959,136,6.0,5,0,0,0,0,0,0,1,0,0,0,0,0,0,0,0,0,0,0,0,0
1956,164,5.8,15,0,0,0,0,0,0,1,0,0,0,0,0,0,0,0,0,0,0,0,0
2001,133,4.6,29,0,0,0,0,0,0,0,0,0,0,0,0,0,0,0,0,0,0,0,0
1994,162,7.8,533,0,0,0,0,0,0,0,0,0,0,0,0,0,0,0,0,0,0,0,0
1996,145,5.3,35,0,0,0,0,0,0,1,0,0,0,0,0,0,0,0,0,0,0,0,0
1961,134,7.4,7,0,0,0,0,0,0,1,0,0,0,0,0,0,0,0,0,0,0,0,0
1947,134,5.3,7,1,0,0,0,0,0,0,0,0,0,0,0,0,0,0,0,0,0,0,0
1932,134,5.5,6,0,0,0,0,0,0,1,0,0,0,0,0,0,0,0,0,0,0,0,0
1980,154,7.1,19,0,0,1,0,0,0,0,0,0,0,0,0,0,0,0,0,0,0,0,0
1979,140,7.5,13,1,0,0,0,0,0,0,0,0,0,0,0,0,0,0,0,0,0,0,0
1976,138,4.6,11,0,0,0,0,0,0,1,0,0,0,0,0,0,0,0,0,0,0,0,0
1989,134,3.3,108,0,0,0,0,0,0,0,0,0,0,0,0,0,0,0,0,0,0,0,0
2001,156,4.6,35,0,0,0,0,0,0,0,1,0,0,0,0,0,0,0,0,0,0,0,0
2017,83,6.2,11,0,0,0,0,0,0,1,0,0,0,0,0,0,0,0,0,0,0,0,0
2017,84,5.5,15,0,0,0,0,0,0,0,0,0,0,1,0,0,0,0,0,0,0,0,0
2017,115,5.1,34,0,0,0,1,0,0,0,0,0,0,0,0,0,0,0,0,0,0,0,0
2020,131,6.0,287,0,0,0,1,0,0,0,0,0,0,0,0,0,0,0,0,0,0,0,0
1976,135,6.2,24,0,0,0,0,0,0,1,0,0,0,0,0,0,0,0,0,0,0,0,0
2017,120,6.8,58,0,0,0,1,0,0,0,0,0,0,0,0,0,0,0,0,0,0,0,0
2019,150,4.9,22598,0,0,0,0,0,0,0,0,0,0,0,0,0,0,0,0,0,0,0,0
2002,160,5.7,13,0,0,0,0,0,0,0,0,0,0,0,0,0,0,0,0,0,0,0,0
1942,170,6.6,9,1,0,0,0,0,0,0,0,0,0,0,0,0,0,0,0,0,0,0,0
1932,134,6.1,12,0,0,0,0,0,0,0,0,0,0,0,0,0,0,0,0,0,0,1,0
1963,134,6.1,24,0,0,0,1,0,0,0,0,0,0,0,0,0,0,0,0,0,0,0,0
1981,134,6.0,5,1,0,0,0,0,0,0,0,0,0,0,0,0,0,0,0,0,0,0,0
2017,74,6.8,132,0,0,0,0,0,0,1,0,0,0,0,0,0,0,0,0,0,0,0,0
1985,128,5.8,48,0,0,0,0,0,0,0,0,0,0,0,0,0,0,0,0,0,0,0,0
2018,154,7.6,7479,0,0,0,0,0,0,0,0,0,0,0,0,0,0,0,0,0,0,0,0
1984,134,6.9,35,0,0,0,0,0,0,1,0,0,0,0,0,0,0,0,0,0,0,0,0
2010,114,4.3,76,0,0,0,0,0,0,0,0,0,0,0,0,0,0,0,0,0,0,0,0
1981,135,6.6,114,0,0,0,1,0,0,0,0,0,0,0,0,0,0,0,0,0,0,0,0
2018,134,6.4,5,0,0,0,1,0,0,0,0,0,0,0,0,0,0,0,0,0,0,0,0
1998,105,4.3,6,0,0,0,0,0,0,0,0,0,0,1,0,0,0,0,0,0,0,0,0
1988,113,3.4,8,0,0,0,0,0,0,0,0,0,0,1,0,0,0,0,0,0,0,0,0
2003,95,4.9,24,0,0,0,0,0,0,0,0,0,0,1,0,0,0,0,0,0,0,0,0
2000,134,6.5,8,0,0,0,0,0,0,0,0,0,0,1,0,0,0,0,0,0,0,0,0
1982,142,6.4,18,0,0,0,0,0,0,0,0,0,0,0,0,0,0,1,0,0,0,0,0
1965,157,6.2,40,0,0,0,1,0,0,0,0,0,0,0,0,0,0,0,0,0,0,0,0
1973,134,4.4,8,0,0,0,0,0,0,1,0,0,0,0,0,0,0,0,0,0,0,0,0
2007,95,7.6,11444,0,0,0,1,0,0,0,0,0,0,0,0,0,0,0,0,0,0,0,0
2011,129,4.7,1302,0,0,0,1,0,0,0,0,0,0,0,0,0,0,0,0,0,0,0,0
2017,134,6.8,15,0,0,0,1,0,0,0,0,0,0,0,0,0,0,0,0,0,0,0,0
1935,143,6.2,9,0,0,0,0,0,0,1,0,0,0,0,0,0,0,0,0,0,0,0,0
2011,157,6.1,673,0,0,0,0,1,0,0,0,0,0,0,0,0,0,0,0,0,0,0,0
1996,134,4.2,32,0,0,0,0,0,0,0,0,0,0,0,0,0,0,0,0,0,0,0,0
2016,122,5.9,74,0,0,0,1,0,0,0,0,0,0,0,0,0,0,0,0,0,0,0,0
2012,100,4.9,9,0,0,0,0,0,0,1,0,0,0,0,0,0,0,0,0,0,0,0,0
1978,134,6.3,28,0,0,0,0,0,0,0,0,0,0,0,0,0,0,0,0,0,0,0,0
2004,134,6.3,19,0,0,0,1,0,0,0,0,0,0,0,0,0,0,0,0,0,0,0,0
2018,128,7.0,1257,0,0,0,0,0,0,1,0,0,0,0,0,0,0,0,0,0,0,0,0
1984,165,4.8,12,0,0,0,0,0,0,0,0,0,0,0,0,0,0,0,0,0,0,0,0
2001,109,5.0,23,0,0,0,0,0,0,0,0,0,0,0,0,0,0,0,0,0,0,0,0
1958,174,7.1,143,0,0,0,0,0,0,1,0,0,0,0,0,0,0,0,0,0,0,0,0
1993,134,5.0,23,0,0,0,0,0,0,0,0,0,0,0,0,0,0,0,0,0,0,0,0
1978,134,6.6,5,0,0,0,0,0,0,0,0,0,0,0,0,0,0,0,0,0,0,0,0
1984,134,6.2,5,0,0,0,0,0,0,1,0,0,0,0,0,0,0,0,0,0,0,0,0
2007,159,7.3,22777,0,0,0,1,0,0,0,0,0,0,0,0,0,0,0,0,0,0,0,0
1933,134,6.0,6,0,0,0,1,0,0,0,0,0,0,0,0,0,0,0,0,0,0,0,0
2017,136,5.3,1755,0,0,0,0,0,0,0,0,0,0,0,0,0,0,0,0,0,0,0,0
2003,113,6.5,3476,0,0,0,0,0,0,0,0,0,0,1,0,0,0,0,0,0,0,0,0
2010,133,5.8,96,0,1,0,0,0,0,0,0,0,0,0,0,0,0,0,0,0,0,0,0
1997,134,3.8,13,0,0,0,1,0,0,0,0,0,0,0,0,0,0,0,0,0,0,0,0
1965,145,6.5,106,0,0,0,1,0,0,0,0,0,0,0,0,0,0,0,0,0,0,0,0
1999,85,4.0,9,0,0,0,0,0,0,0,0,0,0,1,0,0,0,0,0,0,0,0,0
2003,134,3.4,8,0,0,0,0,0,0,0,0,0,0,1,0,0,0,0,0,0,0,0,0
2000,134,3.2,8,0,0,0,0,0,0,0,0,0,0,1,0,0,0,0,0,0,0,0,0
2012,85,2.5,513,0,0,0,0,0,0,0,0,0,0,1,0,0,0,0,0,0,0,0,0
2020,114,5.4,4236,0,0,0,0,0,0,0,0,0,0,1,0,0,0,0,0,0,0,0,0
2014,155,6.6,5030,0,0,0,1,0,0,0,0,0,0,0,0,0,0,0,0,0,0,0,0
2008,150,6.3,8460,0,0,0,1,0,0,0,0,0,0,0,0,0,0,0,0,0,0,0,0
1963,129,6.5,60,1,0,0,0,0,0,0,0,0,0,0,0,0,0,0,0,0,0,0,0
2000,134,2.4,5,0,0,0,0,0,0,0,0,0,0,1,0,0,0,0,0,0,0,0,0
1999,100,7.1,367,0,0,0,0,0,0,1,0,0,0,0,0,0,0,0,0,0,0,0,0
2014,96,7.2,1968,0,0,0,0,0,0,1,0,0,0,0,0,0,0,0,0,0,0,0,0
2011,89,8.0,58,0,0,0,0,0,1,0,0,0,0,0,0,0,0,0,0,0,0,0,0
2018,93,7.8,147,0,0,0,0,0,0,1,0,0,0,0,0,0,0,0,0,0,0,0,0
2016,140,6.7,403,0,0,0,0,0,0,1,0,0,0,0,0,0,0,0,0,0,0,0,0
2008,134,4.0,113,0,0,0,0,0,0,1,0,0,0,0,0,0,0,0,0,0,0,0,0
1989,153,4.6,119,0,0,0,0,0,0,0,0,0,0,0,0,0,0,0,0,0,0,0,0
2011,114,5.6,2782,0,0,0,0,0,0,0,0,0,0,0,0,0,0,0,0,0,0,0,0
1977,142,7.4,585,0,0,0,0,0,0,1,0,0,0,0,0,0,0,0,0,0,0,0,0
1969,96,7.5,400,0,0,0,1,0,0,0,0,0,0,0,0,0,0,0,0,0,0,0,0
2000,160,5.0,2807,0,0,0,0,0,0,0,0,0,0,0,0,0,0,0,0,0,0,0,0
1974,144,6.5,54,0,0,0,0,0,0,1,0,0,0,0,0,0,0,0,0,0,0,0,0
1937,141,7.0,23,0,0,0,0,0,0,1,0,0,0,0,0,0,0,0,0,0,0,0,0
2007,128,3.8,781,0,0,0,0,0,0,0,0,0,0,0,0,0,0,0,0,0,0,0,0
1987,134,5.0,6,0,0,0,0,0,0,0,0,0,0,0,0,0,0,0,0,0,0,0,0
2012,74,6.4,22,0,0,0,0,0,0,1,0,0,0,0,0,0,0,0,0,0,0,0,0
1971,134,3.6,13,0,0,0,0,0,0,0,0,0,0,0,0,0,0,0,0,0,0,0,0
2008,92,7.1,36,0,0,0,0,0,1,0,0,0,0,0,0,0,0,0,0,0,0,0,0
1989,134,6.6,19,0,0,0,0,0,0,0,0,0,0,0,0,0,0,0,0,0,0,0,0
2000,140,4.4,34,0,0,0,0,0,0,0,0,0,0,0,0,0,0,0,0,0,0,0,0
1982,113,7.5,53,0,0,0,0,0,0,0,0,0,0,0,0,0,0,0,0,0,0,0,0
1989,148,4.5,41,0,0,0,0,0,0,0,0,0,0,0,0,0,0,0,0,0,0,0,0
2009,137,6.2,11078,0,0,0,1,0,0,0,0,0,0,0,0,0,0,0,0,0,0,0,0
2018,138,6.9,26,0,0,0,0,0,0,1,0,0,0,0,0,0,0,0,0,0,0,0,0
1963,154,5.7,31,0,0,0,0,0,0,1,0,0,0,0,0,0,0,0,0,0,0,0,0
2011,133,3.8,255,0,0,0,0,0,0,0,0,0,0,0,0,0,0,0,0,0,0,0,0
1980,131,6.0,17,0,0,0,0,0,0,1,0,0,0,0,0,0,0,0,0,0,0,0,0
2013,131,4.5,22,0,0,0,1,0,0,0,0,0,0,0,0,0,0,0,0,0,0,0,0
1979,134,6.7,25,0,0,0,0,0,0,1,0,0,0,0,0,0,0,0,0,0,0,0,0
1999,134,7.0,148,1,0,0,0,0,0,0,0,0,0,0,0,0,0,0,0,0,0,0,0
1972,134,2.8,10,0,0,0,0,0,0,0,0,0,0,0,0,0,0,0,0,0,0,0,0
1984,139,5.1,18,0,0,0,1,0,0,0,0,0,0,0,0,0,0,0,0,0,0,0,0
2001,115,3.9,8,0,0,0,0,0,0,0,0,0,0,0,0,0,0,0,0,0,0,0,0
1960,134,5.7,12,0,0,0,0,0,0,1,0,0,0,0,0,0,0,0,0,0,0,0,0
2017,91,7.6,882,0,0,0,0,0,0,1,0,0,0,0,0,0,0,0,0,0,0,0,0
1966,139,5.9,33,0,0,0,0,0,0,1,0,0,0,0,0,0,0,0,0,0,0,0,0
1954,145,6.2,51,0,0,0,0,0,0,1,0,0,0,0,0,0,0,0,0,0,0,0,0
2010,100,4.3,7,0,1,0,0,0,0,0,0,0,0,0,0,0,0,0,0,0,0,0,0
1950,134,7.1,15,0,0,0,0,0,0,1,0,0,0,0,0,0,0,0,0,0,0,0,0
1983,134,5.8,5,0,0,0,0,0,0,1,0,0,0,0,0,0,0,0,0,0,0,0,0
2017,82,5.5,11,1,0,0,0,0,0,0,0,0,0,0,0,0,0,0,0,0,0,0,0
2019,100,7.1,27,0,0,0,0,0,0,1,0,0,0,0,0,0,0,0,0,0,0,0,0
2012,116,4.1,365,0,0,0,0,0,0,0,0,0,0,0,0,0,0,1,0,0,0,0,0
1966,126,6.9,45,0,0,0,1,0,0,0,0,0,0,0,0,0,0,0,0,0,0,0,0
1988,149,5.8,857,0,0,0,1,0,0,0,0,0,0,0,0,0,0,0,0,0,0,0,0
1999,159,5.7,5464,0,0,0,1,0,0,0,0,0,0,0,0,0,0,0,0,0,0,0,0
2000,134,5.7,63,0,0,0,0,0,0,0,0,0,0,0,0,0,0,1,0,0,0,0,0
1981,156,7.0,206,0,0,0,1,0,0,0,0,0,0,0,0,0,0,0,0,0,0,0,0
2005,122,8.2,33782,0,0,0,0,0,0,1,0,0,0,0,0,0,0,0,0,0,0,0,0
2008,134,6.2,570,0,0,0,0,1,0,0,0,0,0,0,0,0,0,0,0,0,0,0,0
1959,154,6.7,25,0,0,0,0,0,0,0,0,0,0,0,0,0,0,0,0,0,0,0,0
1981,134,4.9,26,0,0,0,0,0,0,0,0,0,0,0,0,0,0,0,0,0,0,0,0
2004,143,8.5,19493,0,0,0,0,0,0,0,0,0,0,0,0,0,0,0,0,0,0,0,0
2015,105,7.4,23,0,0,0,0,0,0,1,0,0,0,0,0,0,0,0,0,0,0,0,0
1971,83,6.6,24,0,0,0,0,0,0,1,0,0,0,0,0,0,0,0,0,0,0,0,0
2021,134,5.0,46,0,0,0,0,0,0,0,0,0,0,0,0,0,0,0,0,0,1,0,0
2020,120,8.6,38,0,0,0,0,0,0,0,0,0,0,0,0,0,0,0,0,0,1,0,0
2019,152,5.4,43,0,0,0,0,0,0,0,0,0,0,0,0,0,0,0,0,0,0,0,0
1973,145,6.7,199,0,0,0,0,0,0,1,0,0,0,0,0,0,0,0,0,0,0,0,0
2005,126,4.1,618,0,0,0,0,0,0,0,0,0,0,0,0,0,0,0,0,0,0,0,0
2018,138,7.1,9671,0,0,0,1,0,0,0,0,0,0,0,0,0,0,0,0,0,0,0,0
2019,107,6.2,933,0,0,0,0,0,0,0,0,0,0,0,0,0,0,0,0,0,0,0,0
2012,109,5.0,981,0,0,0,0,0,0,0,0,0,0,0,0,0,0,0,0,0,0,0,0
2015,134,6.3,6,0,0,0,0,0,0,1,0,0,0,0,0,0,0,0,0,0,0,0,0
2013,134,7.2,35,0,0,0,0,0,0,1,0,0,0,0,0,0,0,0,0,0,0,0,0
2009,119,3.7,4674,0,0,0,0,0,0,0,0,0,0,0,0,0,0,0,0,0,0,0,0
2017,134,5.7,51,0,0,0,0,0,0,1,0,0,0,0,0,0,0,0,0,0,0,0,0
2009,114,6.5,201,0,0,0,0,0,0,0,0,0,0,0,0,0,1,0,0,0,0,0,0
2013,137,7.7,3446,1,0,0,0,0,0,0,0,0,0,0,0,0,0,0,0,0,0,0,0
1963,135,6.5,112,0,0,0,0,0,0,0,0,0,0,0,0,0,0,1,0,0,0,0,0
2005,137,6.6,5950,0,0,0,1,0,0,0,0,0,0,0,0,0,0,0,0,0,0,0,0
1973,168,7.1,1776,0,0,0,1,0,0,0,0,0,0,0,0,0,0,0,0,0,0,0,0
2014,121,5.5,2189,0,0,0,1,0,0,0,0,0,0,0,0,0,0,0,0,0,0,0,0
2005,125,4.8,37,0,0,0,0,0,0,0,0,0,0,0,0,0,0,1,0,0,0,0,0
2011,130,4.7,23602,0,0,0,0,0,0,0,0,0,0,0,0,0,0,0,0,0,0,0,0
2010,117,8.2,6,0,0,0,0,0,0,0,0,0,1,0,0,0,0,0,0,0,0,0,0
2017,85,6.3,24,0,0,0,0,0,0,1,0,0,0,0,0,0,0,0,0,0,0,0,0
2012,155,5.5,8367,0,0,0,0,0,0,0,0,0,0,0,0,0,0,0,0,0,0,0,0
1992,164,6.1,760,0,0,0,0,0,0,0,0,0,0,0,0,0,0,0,0,0,0,0,0
2006,134,4.7,28,0,0,0,0,1,0,0,0,0,0,0,0,0,0,0,0,0,0,0,0
2016,150,7.9,20,0,0,1,0,0,0,0,0,0,0,0,0,0,0,0,0,0,0,0,0
2016,125,6.0,257,0,0,0,0,0,0,1,0,0,0,0,0,0,0,0,0,0,0,0,0
2014,124,4.8,12,0,0,0,0,0,0,0,0,0,0,0,0,0,0,0,0,0,1,0,0
2011,81,6.1,115,0,0,0,0,0,1,0,0,0,0,0,0,0,0,0,0,0,0,0,0
2009,103,5.2,85,0,0,0,0,0,0,0,0,0,0,0,0,0,0,0,0,0,0,0,0
2011,117,8.2,70,0,0,0,0,0,1,0,0,0,0,0,0,0,0,0,0,0,0,0,0
1993,153,6.4,25,0,0,0,0,0,0,0,0,0,0,0,0,0,0,0,0,0,0,0,0
1960,154,7.0,154,0,0,0,0,0,0,1,0,0,0,0,0,0,0,0,0,0,0,0,0
2019,104,4.5,381,0,0,0,1,0,0,0,0,0,0,0,0,0,0,0,0,0,0,0,0
1980,164,6.9,83,0,0,0,1,0,0,0,0,0,0,0,0,0,0,0,0,0,0,0,0
1998,105,6.5,557,0,0,0,1,0,0,0,0,0,0,0,0,0,0,0,0,0,0,0,0
1981,134,5.6,5,0,0,0,0,0,0,0,0,0,0,0,0,0,0,0,0,0,0,0,0
1962,134,7.0,16,0,0,0,0,1,0,0,0,0,0,0,0,0,0,0,0,0,0,0,0
1992,134,5.4,9,0,0,0,0,0,0,0,0,0,0,0,0,0,0,0,0,0,0,0,0
2019,97,6.0,480,0,1,0,0,0,0,0,0,0,0,0,0,0,0,0,0,0,0,0,0
2013,127,6.7,5124,0,0,0,0,0,0,1,0,0,0,0,0,0,0,0,0,0,0,0,0
2008,120,4.6,417,0,0,0,1,0,0,0,0,0,0,0,0,0,0,0,0,0,0,0,0
1972,132,6.8,1106,0,0,0,0,0,0,0,0,0,0,0,0,0,0,0,0,0,0,0,0
2015,149,5.6,5685,0,0,0,0,0,0,0,0,0,0,0,0,0,0,0,0,0,0,0,0
1985,134,4.9,27,0,0,0,0,0,0,0,0,0,0,0,0,0,0,0,0,0,0,0,0
2001,174,5.1,1584,0,0,0,0,0,0,1,0,0,0,0,0,0,0,0,0,0,0,0,0
2003,100,2.3,1361,0,0,0,0,1,0,0,0,0,0,0,0,0,0,0,0,0,0,0,0
2001,137,4.2,10,0,0,0,0,0,0,0,0,0,0,0,0,0,0,0,0,0,0,0,0
1967,134,6.8,31,0,0,0,0,1,0,0,0,0,0,0,0,0,0,0,0,0,0,0,0
1954,90,8.0,780,0,0,0,1,0,0,0,0,0,0,0,0,0,0,0,0,0,0,0,0
1997,176,7.9,14399,0,0,0,0,0,0,0,0,0,0,0,0,0,0,0,0,0,0,0,0
2003,134,5.1,83,0,0,0,0,0,0,0,0,0,0,0,0,0,0,0,0,0,0,0,0
2002,107,2.9,7,0,0,0,0,0,0,0,0,0,0,0,0,0,0,0,0,0,0,0,0
2021,134,9.0,7,0,0,0,0,0,1,0,0,0,0,0,0,0,0,0,0,0,0,0,0
2013,143,5.1,10583,0,0,0,0,0,0,0,0,0,0,0,0,0,0,0,0,0,0,0,0
2021,115,6.4,10,1,0,0,0,0,0,0,0,0,0,0,0,0,0,0,0,0,0,0,0
1965,136,7.5,13,0,0,0,0,0,0,1,0,0,0,0,0,0,0,0,0,0,0,0,0
1984,134,6.2,126,0,0,0,0,0,0,0,0,0,0,0,0,0,0,0,0,0,0,0,0
1961,137,7.6,60,0,0,0,0,0,0,1,0,0,0,0,0,0,0,0,0,0,0,0,0
1993,134,4.4,8,0,0,0,0,0,0,0,0,0,0,0,0,0,0,1,0,0,0,0,0
2018,68,6.9,19,0,0,0,0,0,1,0,0,0,0,0,0,0,0,0,0,0,0,0,0
2013,134,5.5,43,0,0,0,1,0,0,0,0,0,0,0,0,0,0,0,0,0,0,0,0
1994,134,5.1,38,0,0,0,0,1,0,0,0,0,0,0,0,0,0,0,0,0,0,0,0
1968,157,6.9,366,0,0,0,1,0,0,0,0,0,0,0,0,0,0,0,0,0,0,0,0
1991,134,7.3,50,0,0,0,0,0,0,1,0,0,0,0,0,0,0,0,0,0,0,0,0
2010,118,5.2,4033,0,0,0,1,0,0,0,0,0,0,0,0,0,0,0,0,0,0,0,0
2011,101,5.7,2237,0,0,0,1,0,0,0,0,0,0,0,0,0,0,0,0,0,0,0,0
2015,82,6.3,33,0,0,0,0,0,1,0,0,0,0,0,0,0,0,0,0,0,0,0,0
2020,134,9.6,48,0,0,0,0,0,0,1,0,0,0,0,0,0,0,0,0,0,0,0,0
2004,122,6.2,20125,0,0,0,1,0,0,0,0,0,0,0,0,0,0,0,0,0,0,0,0
2016,134,7.5,8,0,0,0,0,0,0,1,0,0,0,0,0,0,0,0,0,0,0,0,0
2018,139,3.9,554,0,0,0,0,0,0,0,0,0,0,0,0,0,0,0,0,0,0,0,0
2015,156,6.5,12018,0,0,0,0,0,0,0,0,0,0,0,0,0,0,0,0,0,0,0,0
2001,114,7.6,17,0,0,0,0,0,0,1,0,0,0,0,0,0,0,0,0,0,0,0,0
2011,116,7.3,456,0,0,0,0,0,0,1,0,0,0,0,0,0,0,0,0,0,0,0,0
2017,89,7.2,6,1,0,0,0,0,0,0,0,0,0,0,0,0,0,0,0,0,0,0,0
2016,114,6.7,2346,0,0,0,0,1,0,0,0,0,0,0,0,0,0,0,0,0,0,0,0
2007,93,2.6,356,0,0,0,1,0,0,0,0,0,0,0,0,0,0,0,0,0,0,0,0
1971,138,7.0,244,0,0,0,0,0,0,0,0,0,0,0,0,1,0,0,0,0,0,0,0
2017,70,6.7,33,0,0,0,0,0,0,0,0,0,0,0,0,0,0,0,0,0,0,1,0
2016,112,7.6,1393,0,0,1,0,0,0,0,0,0,0,0,0,0,0,0,0,0,0,0,0
1966,145,7.4,78,0,0,0,1,0,0,0,0,0,0,0,0,0,0,0,0,0,0,0,0
2000,175,5.4,633,0,0,0,0,0,0,0,0,0,0,0,0,0,0,0,0,0,0,0,0
2020,94,6.6,10143,0,0,0,0,0,0,1,0,0,0,0,0,0,0,0,0,0,0,0,0
2018,95,6.8,323,0,0,0,0,0,0,1,0,0,0,0,0,0,0,0,0,0,0,0,0
2014,119,7.8,25,0,0,0,1,0,0,0,0,0,0,0,0,0,0,0,0,0,0,0,0
2013,134,4.8,17,0,0,0,0,0,0,0,0,0,0,0,0,0,0,0,0,0,0,0,0
1976,124,6.9,75,0,0,0,0,0,0,0,0,0,0,0,0,0,0,0,0,0,0,0,0
2005,137,3.6,49,0,0,0,0,0,0,0,0,0,0,0,0,0,0,0,0,0,0,0,0
2013,138,5.0,3787,0,0,0,0,0,0,0,0,0,0,0,0,0,0,0,0,0,0,0,0
1993,134,5.7,138,0,0,0,0,0,0,0,0,0,0,0,0,0,0,0,0,0,0,0,0
1981,134,6.6,106,0,0,0,0,0,0,0,0,0,0,0,0,0,0,0,0,0,0,0,0
2012,126,6.0,982,0,0,0,1,0,0,0,0,0,0,0,0,0,0,0,0,0,0,0,0
2010,124,6.1,616,0,0,0,0,0,0,1,0,0,0,0,0,0,0,0,0,0,0,0,0
2015,130,4.8,41,0,0,0,1,0,0,0,0,0,0,0,0,0,0,0,0,0,0,0,0
1976,134,6.6,56,0,0,0,1,0,0,0,0,0,0,0,0,0,0,0,0,0,0,0,0
1972,134,5.7,6,0,0,0,0,0,0,1,0,0,0,0,0,0,0,0,0,0,0,0,0
2020,98,6.8,82,0,0,0,0,0,0,1,0,0,0,0,0,0,0,0,0,0,0,0,0
2005,170,6.2,6550,0,0,0,1,0,0,0,0,0,0,0,0,0,0,0,0,0,0,0,0
1962,134,6.1,8,0,0,0,0,0,0,0,0,0,0,0,0,0,0,1,0,0,0,0,0
1951,134,6.4,8,0,0,0,0,0,0,1,0,0,0,0,0,0,0,0,0,0,0,0,0
2005,78,6.1,16,0,0,0,1,0,0,0,0,0,0,0,0,0,0,0,0,0,0,0,0
2020,48,8.1,29,0,0,0,0,0,0,1,0,0,0,0,0,0,0,0,0,0,0,0,0
2019,137,5.4,890,0,0,0,0,0,0,1,0,0,0,0,0,0,0,0,0,0,0,0,0
2008,127,5.4,1037,0,0,0,1,0,0,0,0,0,0,0,0,0,0,0,0,0,0,0,0
2005,95,4.1,66,0,0,0,0,0,0,1,0,0,0,0,0,0,0,0,0,0,0,0,0
1956,146,7.3,647,0,0,0,0,0,0,0,0,0,0,0,0,0,0,0,0,0,0,0,0
1990,134,4.7,65,0,0,0,0,0,0,0,0,0,0,0,0,0,0,0,0,0,0,0,0
1967,123,5.8,17,0,0,0,0,0,0,0,0,0,0,0,0,0,0,0,0,0,0,0,0
2019,95,3.4,175,0,0,0,0,0,0,1,0,0,0,0,0,0,0,0,0,0,0,0,0
2013,120,4.5,6,0,0,0,0,0,0,1,0,0,0,0,0,0,0,0,0,0,0,0,0
2003,128,5.7,480,0,0,0,0,0,0,0,0,0,0,0,0,0,0,0,0,0,0,0,0
2015,131,4.2,862,0,0,0,0,0,0,1,0,0,0,0,0,0,0,0,0,0,0,0,0
2000,176,6.8,2236,0,0,0,0,0,0,0,0,0,0,0,0,0,0,0,0,0,0,0,0
2017,126,5.6,36,0,0,0,1,0,0,0,0,0,0,0,0,0,0,0,0,0,0,0,0
1974,134,6.6,24,0,0,0,0,0,0,1,0,0,0,0,0,0,0,0,0,0,0,0,0
2007,90,4.2,141,0,0,0,0,0,0,1,0,0,0,0,0,0,0,0,0,0,0,0,0
1984,134,3.2,5,0,0,0,0,0,0,0,0,0,0,0,0,0,0,0,0,0,0,0,0
1986,134,6.5,13,0,0,0,0,0,0,1,0,0,0,0,0,0,0,0,0,0,0,0,0
1991,150,7.0,212,0,0,0,0,0,0,0,0,0,0,0,0,0,0,0,0,0,0,0,0
2020,77,7.7,11,0,1,0,0,0,0,0,0,0,0,0,0,0,0,0,0,0,0,0,0
1986,150,7.0,13,0,0,0,0,0,0,0,0,0,0,0,0,0,0,0,0,0,0,0,0
1971,161,6.8,260,0,0,0,0,0,0,0,0,0,0,0,0,0,0,0,0,0,0,0,0
2009,110,7.2,42,0,0,0,0,0,0,1,0,0,0,0,0,0,0,0,0,0,0,0,0
2019,119,5.7,2589,0,0,0,0,0,0,1,0,0,0,0,0,0,0,0,0,0,0,0,0
2011,69,6.2,5,0,0,0,0,0,1,0,0,0,0,0,0,0,0,0,0,0,0,0,0
2007,137,3.4,1859,0,0,0,0,0,0,0,0,0,0,0,0,0,0,0,0,0,0,0,0
2009,154,4.1,8102,0,0,0,0,0,0,0,0,0,0,0,0,0,0,0,0,0,0,0,0
2015,83,7.9,31,0,0,0,0,0,1,0,0,0,0,0,0,0,0,0,0,0,0,0,0
2012,164,7.8,162,0,0,0,0,0,1,0,0,0,0,0,0,0,0,0,0,0,0,0,0
2001,165,3.5,122,0,0,0,0,0,0,1,0,0,0,0,0,0,0,0,0,0,0,0,0
1964,134,5.2,21,0,0,0,0,0,0,0,0,0,0,0,0,1,0,0,0,0,0,0,0
1996,151,5.5,2676,0,0,0,0,0,0,1,0,0,0,0,0,0,0,0,0,0,0,0,0
2005,140,3.9,74,0,0,0,0,0,0,1,0,0,0,0,0,0,0,0,0,0,0,0,0
1989,155,6.8,1489,0,0,0,0,0,0,0,0,0,0,0,0,0,0,0,0,0,0,0,0
2003,117,5.8,17,0,0,0,0,0,0,0,0,0,0,0,0,0,0,0,0,0,0,0,0
2012,120,6.1,474,0,0,0,1,0,0,0,0,0,0,0,0,0,0,0,0,0,0,0,0
1977,134,5.8,5,0,0,0,0,0,0,0,0,0,0,0,0,0,0,0,0,0,0,0,0
1989,134,4.3,11,0,0,0,0,0,0,0,0,0,0,0,0,0,0,0,0,0,0,1,0
1994,155,4.0,603,0,0,0,0,0,0,0,0,0,0,0,0,0,0,0,0,0,0,0,0
1977,136,7.7,26,0,0,0,0,0,0,1,0,0,0,0,0,0,0,0,0,0,0,0,0
2012,131,4.1,393,0,0,0,1,0,0,0,0,0,0,0,0,0,0,0,0,0,0,0,0
1985,137,4.5,8,0,0,0,0,0,0,0,0,0,0,0,0,0,0,0,0,0,0,0,0
2016,134,8.6,656,0,1,0,0,0,0,0,0,0,0,0,0,0,0,0,0,0,0,0,0
2014,119,5.9,38,0,0,0,0,0,0,1,0,0,0,0,0,0,0,0,0,0,0,0,0
1977,161,5.8,213,0,0,0,0,0,0,0,0,0,0,0,0,0,0,0,0,0,0,0,0
1959,134,7.2,12,0,0,0,1,0,0,0,0,0,0,0,0,0,0,0,0,0,0,0,0
1997,155,7.4,12575,0,0,0,1,0,0,0,0,0,0,0,0,0,0,0,0,0,0,0,0
1971,134,5.8,10,0,0,0,0,0,0,1,0,0,0,0,0,0,0,0,0,0,0,0,0
1993,134,6.3,12,0,0,0,0,0,0,1,0,0,0,0,0,0,0,0,0,0,0,0,0
2019,49,7.9,11,0,0,0,0,0,0,1,0,0,0,0,0,0,0,0,0,0,0,0,0
2004,92,4.7,24,0,0,0,1,0,0,0,0,0,0,0,0,0,0,0,0,0,0,0,0
2007,118,5.6,1214,0,0,0,1,0,0,0,0,0,0,0,0,0,0,0,0,0,0,0,0
1975,134,6.0,39,0,0,0,0,0,0,1,0,0,0,0,0,0,0,0,0,0,0,0,0
2007,153,8.2,75790,0,0,0,0,0,0,1,0,0,0,0,0,0,0,0,0,0,0,0,0
2005,134,3.9,7,0,0,0,0,0,0,1,0,0,0,0,0,0,0,0,0,0,0,0,0
1977,138,5.6,27,0,0,0,0,0,0,0,0,0,0,0,0,0,0,0,0,0,0,0,0
1981,140,6.8,141,0,0,0,0,0,0,0,0,0,0,0,0,0,0,0,0,0,0,0,0
2013,134,6.4,19,0,0,0,0,0,0,0,0,0,0,0,0,0,0,0,0,0,0,0,0
2012,120,4.2,28,0,0,0,0,0,0,0,0,0,0,0,0,0,0,0,0,0,0,0,0
2012,152,6.8,3089,0,0,0,0,0,0,0,0,0,0,0,0,0,0,0,0,0,0,0,0
1978,130,6.4,40,0,0,0,0,0,0,0,0,0,0,0,0,0,0,0,0,0,0,0,0
1958,134,6.0,8,0,0,0,0,0,0,0,0,0,0,0,0,0,0,0,0,0,0,0,0
2014,111,3.8,101,0,0,0,1,0,0,0,0,0,0,0,0,0,0,0,0,0,0,0,0
2009,138,4.6,292,0,0,0,0,0,0,0,0,0,0,0,0,0,0,0,0,0,0,0,0
2009,134,6.3,26,0,0,0,0,0,0,1,0,0,0,0,0,0,0,0,0,0,0,0,0
2015,127,4.9,45,0,0,0,1,0,0,0,0,0,0,0,0,0,0,0,0,0,0,0,0
2000,136,4.7,3128,0,0,0,1,0,0,0,0,0,0,0,0,0,0,0,0,0,0,0,0
2012,115,6.1,47,0,0,0,1,0,0,0,0,0,0,0,0,0,0,0,0,0,0,0,0
1977,128,7.0,66,0,0,0,1,0,0,0,0,0,0,0,0,0,0,0,0,0,0,0,0
2011,60,6.1,346,0,0,0,1,0,0,0,0,0,0,0,0,0,0,0,0,0,0,0,0
1973,134,5.6,7,0,0,0,0,0,0,0,0,0,0,0,0,0,0,0,0,0,0,0,0
1969,134,5.6,5,0,0,0,0,0,0,0,0,0,0,0,0,0,0,0,0,0,0,0,0
2003,150,8.6,336,0,0,0,0,0,1,0,0,0,0,0,0,0,0,0,0,0,0,0,0
2016,130,6.5,676,0,0,0,0,0,0,1,0,0,0,0,0,0,0,0,0,0,0,0,0
2012,95,5.9,185,0,0,0,1,0,0,0,0,0,0,0,0,0,0,0,0,0,0,0,0
2011,155,6.8,3081,0,0,0,1,0,0,0,0,0,0,0,0,0,0,0,0,0,0,0,0
2002,140,4.4,522,0,0,0,0,0,0,0,0,0,0,0,0,0,0,0,0,0,0,0,0
2011,134,4.1,44,0,0,0,1,0,0,0,0,0,0,0,0,0,0,0,0,0,0,0,0
2005,134,6.3,7,0,0,0,1,0,0,0,0,0,0,0,0,0,0,0,0,0,0,0,0
1977,150,6.0,39,0,0,0,0,0,0,0,0,0,0,0,0,0,0,0,0,0,0,0,0
2003,167,6.6,14779,0,0,0,0,0,0,1,0,0,0,0,0,0,0,0,0,0,0,0,0
1976,100,5.7,54,0,0,0,0,0,0,0,0,0,0,0,0,0,0,1,0,0,0,0,0
1940,134,7.1,8,0,0,0,0,0,0,0,0,0,0,0,0,0,0,0,0,0,0,1,0
1958,173,8.0,1514,0,0,0,1,0,0,0,0,0,0,0,0,0,0,0,0,0,0,0,0
1982,134,6.3,11,0,0,0,0,0,0,1,0,0,0,0,0,0,0,0,0,0,0,0,0
2020,111,7.0,5866,0,0,0,1,0,0,0,0,0,0,0,0,0,0,0,0,0,0,0,0
1992,171,6.6,5846,0,0,0,1,0,0,0,0,0,0,0,0,0,0,0,0,0,0,0,0
1982,134,5.8,5,0,0,0,0,0,0,0,0,0,0,0,0,0,0,0,0,0,0,0,0
1980,134,5.3,24,0,0,0,0,0,0,0,0,0,0,0,0,0,0,0,0,0,0,0,0
1979,134,8.6,5,0,0,0,0,0,0,0,0,0,0,0,0,0,0,0,0,0,0,0,0
2003,108,7.0,2108,0,0,0,0,0,0,1,0,0,0,0,0,0,0,0,0,0,0,0,0
1986,136,7.5,1580,0,0,0,1,0,0,0,0,0,0,0,0,0,0,0,0,0,0,0,0
2008,105,4.0,529,0,0,0,0,0,0,0,0,0,0,0,0,0,0,0,0,0,0,0,0
1957,134,5.5,8,0,0,0,0,0,0,1,0,0,0,0,0,0,0,0,0,0,0,0,0
2000,134,3.6,7,0,0,0,0,0,0,0,0,0,0,0,0,0,0,0,0,0,0,0,0
2000,140,4.3,519,0,0,0,0,0,0,0,0,0,0,0,0,0,0,0,0,0,0,0,0
2019,147,5.5,521,0,0,0,0,0,0,0,0,0,0,0,0,0,0,0,0,0,0,0,0
2005,134,4.7,10,0,0,0,0,0,0,0,0,0,0,0,0,0,0,0,0,0,0,0,0
2010,122,4.7,2805,0,0,0,1,0,0,0,0,0,0,0,0,0,0,0,0,0,0,0,0
2008,134,4.0,24,0,0,0,0,0,0,1,0,0,0,0,0,0,0,0,0,0,0,0,0
1959,149,6.8,13,0,0,0,0,0,0,1,0,0,0,0,0,0,0,0,0,0,0,0,0
1965,154,6.4,24,0,0,0,0,1,0,0,0,0,0,0,0,0,0,0,0,0,0,0,0
2005,116,6.8,52,0,0,0,0,0,0,1,0,0,0,0,0,0,0,0,0,0,0,0,0
2006,169,6.7,35,0,0,0,0,0,0,0,0,0,0,0,0,0,0,1,0,0,0,0,0
1967,150,5.0,20,1,0,0,0,0,0,0,0,0,0,0,0,0,0,0,0,0,0,0,0
2005,120,4.7,54,0,0,0,0,0,0,0,0,0,0,0,0,0,0,1,0,0,0,0,0
1969,137,4.8,16,0,0,0,0,0,0,1,0,0,0,0,0,0,0,0,0,0,0,0,0
1998,134,5.7,42,0,0,0,0,0,0,0,0,0,0,0,0,0,0,0,0,0,0,0,0
1999,129,4.6,9,0,0,0,0,0,0,0,0,0,0,1,0,0,0,0,0,0,0,0,0
1967,166,6.7,43,0,0,0,0,0,0,1,0,0,0,0,0,0,0,0,0,0,0,0,0
1975,140,6.3,10,0,0,0,0,0,0,0,0,0,0,0,0,0,0,0,0,0,0,1,0
1977,134,5.8,42,0,0,0,0,0,0,0,0,0,0,0,0,0,0,0,0,0,0,0,0
1934,128,6.6,5,0,0,0,0,0,0,0,0,0,0,0,0,0,0,0,0,0,0,1,0
1989,186,6.8,1657,0,0,0,0,0,0,1,0,0,0,0,0,0,0,0,0,0,0,0,0
2001,150,7.6,2486,0,0,0,0,1,0,0,0,0,0,0,0,0,0,0,0,0,0,0,0
1954,134,5.6,9,0,0,0,0,0,0,1,0,0,0,0,0,0,0,0,0,0,0,0,0
1948,207,6.9,39,0,0,0,0,0,0,1,0,0,0,0,0,0,0,0,0,0,0,0,0
1993,152,4.0,676,0,0,0,1,0,0,0,0,0,0,0,0,0,0,0,0,0,0,0,0
2007,136,4.3,26,0,0,0,0,0,0,0,0,0,0,0,0,0,0,0,0,0,0,0,0
1935,136,4.1,11,1,0,0,0,0,0,0,0,0,0,0,0,0,0,0,0,0,0,0,0
1947,134,5.4,17,0,0,0,0,0,0,1,0,0,0,0,0,0,0,0,0,0,0,0,0
1984,109,8.3,39,0,0,0,0,0,0,1,0,0,0,0,0,0,0,0,0,0,0,0,0
2002,136,6.9,70,0,0,0,0,0,0,0,0,0,0,0,0,0,0,1,0,0,0,0,0
1957,135,7.1,20,0,0,0,0,0,0,0,0,0,0,0,0,0,0,0,0,0,0,0,0
1980,147,8.1,60,0,0,0,0,0,0,1,0,0,0,0,0,0,0,0,0,0,0,0,0
2016,134,6.6,17,0,0,0,0,0,0,0,0,0,1,0,0,0,0,0,0,0,0,0,0
1964,134,6.6,21,1,0,0,0,0,0,0,0,0,0,0,0,0,0,0,0,0,0,0,0
1961,136,6.7,24,0,0,0,0,0,0,1,0,0,0,0,0,0,0,0,0,0,0,0,0
1955,118,5.6,11,0,0,0,0,0,0,0,0,0,0,0,0,0,0,0,0,0,0,0,0
1977,134,5.2,28,0,0,0,0,0,0,1,0,0,0,0,0,0,0,0,0,0,0,0,0
1975,156,8.0,44,0,0,0,0,0,0,1,0,0,0,0,0,0,0,0,0,0,0,0,0
1988,134,5.6,47,0,0,0,0,0,0,0,0,0,0,0,0,0,0,0,0,0,0,0,0
1976,159,6.5,176,0,0,0,0,0,0,0,0,0,0,0,0,0,0,0,0,0,0,0,0
2004,140,5.3,336,0,0,0,0,0,0,0,0,0,0,0,0,0,0,0,0,0,0,0,0
2011,134,6.3,97,0,0,0,0,0,0,1,0,0,0,0,0,0,0,0,0,0,0,0,0
1973,134,6.5,11,0,0,0,0,0,0,1,0,0,0,0,0,0,0,0,0,0,0,0,0
1974,100,7.1,58,0,0,0,0,0,0,1,0,0,0,0,0,0,0,0,0,0,0,0,0
2015,102,4.5,159,0,0,0,0,0,0,0,0,0,0,0,0,0,0,0,0,0,1,0,0
2010,103,4.9,87,0,0,0,0,0,0,0,0,0,0,0,0,0,0,0,0,0,0,0,0
2013,121,5.4,4981,0,0,0,1,0,0,0,0,0,0,0,0,0,0,0,0,0,0,0,0
1981,145,8.0,2328,0,0,0,1,0,0,0,0,0,0,0,0,0,0,0,0,0,0,0,0
1983,130,5.9,7,0,0,0,1,0,0,0,0,0,0,0,0,0,0,0,0,0,0,0,0
1988,134,6.2,10,1,0,0,0,0,0,0,0,0,0,0,0,0,0,0,0,0,0,0,0
1961,134,6.7,15,0,0,1,0,0,0,0,0,0,0,0,0,0,0,0,0,0,0,0,0
1974,134,6.6,5,0,0,0,0,0,0,0,0,0,0,0,0,0,0,0,0,0,0,0,0
2011,150,1.7,624,0,0,0,0,0,0,0,0,0,0,0,0,0,0,0,0,0,0,0,0
2017,123,6.8,15,0,0,0,0,0,0,1,0,0,0,0,0,0,0,0,0,0,0,0,0
1994,154,3.9,25,0,0,0,0,0,0,0,0,0,0,0,0,0,0,0,0,0,0,0,0
2014,88,6.5,299,0,0,0,0,0,0,1,0,0,0,0,0,0,0,0,0,0,0,0,0
2018,85,6.4,82,0,0,0,0,0,0,1,0,0,0,0,0,0,0,0,0,0,0,0,0
2007,140,6.8,4997,0,0,0,1,0,0,0,0,0,0,0,0,0,0,0,0,0,0,0,0
2008,134,4.4,16,0,1,0,0,0,0,0,0,0,0,0,0,0,0,0,0,0,0,0,0
2021,98,9.1,123,0,0,0,0,0,1,0,0,0,0,0,0,0,0,0,0,0,0,0,0
1994,134,5.9,75,0,0,0,0,0,0,0,0,0,0,0,0,0,0,0,0,0,0,0,0
2017,133,5.7,2229,0,0,0,1,0,0,0,0,0,0,0,0,0,0,0,0,0,0,0,0
2015,106,5.8,22,0,0,0,0,0,0,0,0,0,0,0,0,0,0,0,0,0,1,0,0
1999,134,6.6,32,0,0,0,0,0,0,1,0,0,0,0,0,0,0,0,0,0,0,0,0
2005,136,3.8,140,0,0,0,0,0,0,0,0,0,0,0,0,0,0,0,0,0,1,0,0
1981,140,6.1,53,0,0,0,0,0,0,1,0,0,0,0,0,0,0,0,0,0,0,0,0
1992,102,7.5,86,0,0,0,0,0,0,1,0,0,0,0,0,0,0,0,0,0,0,0,0
2013,134,5.1,8,0,0,0,0,0,0,0,0,0,0,0,0,0,0,1,0,0,0,0,0
1965,140,7.7,475,0,0,0,0,0,0,1,0,0,0,0,0,0,0,0,0,0,0,0,0
2013,141,6.0,50307,0,0,0,0,0,0,0,0,0,0,0,0,0,0,0,0,0,0,0,0
1970,135,6.2,27,0,0,0,0,0,0,1,0,0,0,0,0,0,0,0,0,0,0,0,0
2005,102,3.1,45,0,0,0,0,0,0,0,0,0,0,0,0,0,0,0,0,0,1,0,0
1981,141,7.6,81,0,0,0,0,0,0,0,0,0,0,0,0,0,0,0,0,0,0,0,0
1977,146,6.8,74,0,0,0,0,0,0,0,0,0,0,0,0,0,0,0,0,0,0,0,0
1987,134,6.5,13,0,0,0,1,0,0,0,0,0,0,0,0,0,0,0,0,0,0,0,0
2002,134,6.3,187,0,0,0,0,0,0,0,0,0,0,0,0,0,0,0,0,0,0,0,0
2020,136,6.8,15830,0,0,0,1,0,0,0,0,0,0,0,0,0,0,0,0,0,0,0,0
1960,112,7.4,201,0,0,0,0,0,0,0,0,0,0,0,0,1,0,0,0,0,0,0,0
1973,134,6.5,6,0,0,0,0,0,0,0,0,0,0,0,0,0,0,0,0,0,0,0,0
2020,120,5.1,25070,0,0,1,0,0,0,0,0,0,0,0,0,0,0,0,0,0,0,0,0
2019,90,6.3,954,0,0,0,0,0,0,1,0,0,0,0,0,0,0,0,0,0,0,0,0
1952,170,8.3,39,0,0,0,0,0,0,1,0,0,0,0,0,0,0,0,0,0,0,0,0
1961,144,7.1,42,0,0,0,0,0,0,1,0,0,0,0,0,0,0,0,0,0,0,0,0
1943,134,3.2,5,0,0,0,0,0,0,0,0,0,0,0,0,0,0,0,0,0,0,1,0
2019,143,8.3,38581,0,0,0,1,0,0,0,0,0,0,0,0,0,0,0,0,0,0,0,0
2012,134,6.9,154,0,0,0,1,0,0,0,0,0,0,0,0,0,0,0,0,0,0,0,0
2007,97,4.6,94,0,0,0,0,0,0,0,0,0,0,1,0,0,0,0,0,0,0,0,0
1956,134,6.1,9,0,0,0,1,0,0,0,0,0,0,0,0,0,0,0,0,0,0,0,0
2019,134,6.9,31,0,0,0,0,0,0,1,0,0,0,0,0,0,0,0,0,0,0,0,0
1966,134,6.7,15,0,0,0,1,0,0,0,0,0,0,0,0,0,0,0,0,0,0,0,0
2012,88,5.7,145,0,1,0,0,0,0,0,0,0,0,0,0,0,0,0,0,0,0,0,0
2013,130,6.2,142,0,1,0,0,0,0,0,0,0,0,0,0,0,0,0,0,0,0,0,0
2016,97,5.5,117,0,1,0,0,0,0,0,0,0,0,0,0,0,0,0,0,0,0,0,0
2013,65,6.5,22,0,1,0,0,0,0,0,0,0,0,0,0,0,0,0,0,0,0,0,0
2019,97,5.2,119,0,1,0,0,0,0,0,0,0,0,0,0,0,0,0,0,0,0,0,0
2015,134,5.8,11,0,1,0,0,0,0,0,0,0,0,0,0,0,0,0,0,0,0,0,0
1998,103,5.7,155,1,0,0,0,0,0,0,0,0,0,0,0,0,0,0,0,0,0,0,0
1996,141,3.7,11,0,0,0,0,0,0,1,0,0,0,0,0,0,0,0,0,0,0,0,0
1961,140,5.5,24,0,0,0,1,0,0,0,0,0,0,0,0,0,0,0,0,0,0,0,0
1974,134,5.9,17,0,0,0,0,1,0,0,0,0,0,0,0,0,0,0,0,0,0,0,0
1996,151,4.7,239,0,0,0,1,0,0,0,0,0,0,0,0,0,0,0,0,0,0,0,0
1959,155,6.6,35,0,0,0,0,0,0,1,0,0,0,0,0,0,0,0,0,0,0,0,0
1994,134,5.7,22,0,0,0,0,0,0,1,0,0,0,0,0,0,0,0,0,0,0,0,0
1971,137,6.1,67,0,0,0,0,0,0,1,0,0,0,0,0,0,0,0,0,0,0,0,0
1965,134,7.1,17,0,0,0,0,0,0,1,0,0,0,0,0,0,0,0,0,0,0,0,0
1976,123,8.3,3868,0,0,0,1,0,0,0,0,0,0,0,0,0,0,0,0,0,0,0,0
1967,175,6.7,39,0,0,0,0,0,0,1,0,0,0,0,0,0,0,0,0,0,0,0,0
1973,134,7.0,82,0,0,0,0,0,0,0,0,0,0,0,0,0,0,0,0,0,0,0,0
2001,127,4.6,86,0,0,0,0,0,0,1,0,0,0,0,0,0,0,0,0,0,0,0,0
2016,94,8.4,79,1,0,0,0,0,0,0,0,0,0,0,0,0,0,0,0,0,0,0,0
2019,127,5.3,30,0,0,0,0,0,0,1,0,0,0,0,0,0,0,0,0,0,0,0,0
2005,90,5.6,524,0,0,0,1,0,0,0,0,0,0,0,0,0,0,0,0,0,0,0,0
2018,112,6.4,12,0,0,0,1,0,0,0,0,0,0,0,0,0,0,0,0,0,0,0,0
2016,110,7.2,15,0,0,0,0,0,0,1,0,0,0,0,0,0,0,0,0,0,0,0,0
2008,74,7.4,80,0,0,0,0,0,1,0,0,0,0,0,0,0,0,0,0,0,0,0,0
2014,160,6.7,879,0,0,0,0,0,0,1,0,0,0,0,0,0,0,0,0,0,0,0,0
2011,135,7.5,7296,0,0,0,1,0,0,0,0,0,0,0,0,0,0,0,0,0,0,0,0
2000,134,7.4,15,0,0,0,0,0,0,1,0,0,0,0,0,0,0,0,0,0,0,0,0
1998,175,6.6,1430,0,0,0,0,0,0,0,0,0,0,0,0,0,0,0,0,0,0,0,0
1962,151,7.1,201,0,0,0,1,0,0,0,0,0,0,0,0,0,0,0,0,0,0,0,0
2015,116,6.8,62,0,0,0,0,0,0,0,0,0,0,0,0,0,0,1,0,0,0,0,0
2006,155,4.6,189,0,0,0,0,0,0,1,0,0,0,0,0,0,0,0,0,0,0,0,0
1971,134,4.6,9,0,0,0,0,0,0,1,0,0,0,0,0,0,0,0,0,0,0,0,0
2006,150,4.0,51,0,0,0,0,0,0,0,0,0,0,0,0,0,0,0,0,0,0,0,0
2009,115,6.0,191,0,0,0,1,0,0,0,0,0,0,0,0,0,0,0,0,0,0,0,0
2020,80,7.8,4063,0,0,0,0,0,0,1,0,0,0,0,0,0,0,0,0,0,0,0,0
2016,135,6.8,5,0,0,0,0,0,0,1,0,0,0,0,0,0,0,0,0,0,0,0,0
2019,90,6.5,941,0,0,0,0,0,0,1,0,0,0,0,0,0,0,0,0,0,0,0,0
1969,134,6.7,48,0,0,0,0,0,0,1,0,0,0,0,0,0,0,0,0,0,0,0,0
1943,134,4.0,6,0,0,0,0,0,0,0,0,0,0,0,0,0,0,0,0,0,0,1,0
1959,134,7.2,38,0,0,0,0,0,0,1,0,0,0,0,0,0,0,0,0,0,0,0,0
1981,134,8.0,6,0,0,0,0,0,0,1,0,0,0,0,0,0,0,0,0,0,0,0,0
1976,105,7.5,618,0,0,0,0,0,0,1,0,0,0,0,0,0,0,0,0,0,0,0,0
2011,120,3.9,134,0,0,0,0,0,0,1,0,0,0,0,0,0,0,0,0,0,0,0,0
1964,134,7.4,80,0,0,0,1,0,0,0,0,0,0,0,0,0,0,0,0,0,0,0,0
2012,105,7.3,1558,0,0,0,0,0,0,0,0,0,0,0,0,0,0,0,0,0,0,0,0
1947,134,7.7,19,0,0,0,0,0,0,0,0,0,0,0,0,0,0,0,0,0,0,1,0
2005,160,4.8,1906,0,0,0,0,1,0,0,0,0,0,0,0,0,0,0,0,0,0,0,0
2020,114,5.8,4826,0,0,0,0,0,0,1,0,0,0,0,0,0,0,0,0,0,0,0,0
2000,85,7.4,7,0,0,0,0,0,0,0,1,0,0,0,0,0,0,0,0,0,0,0,0
2015,134,6.4,8,0,0,0,0,0,0,1,0,0,0,0,0,0,0,0,0,0,0,0,0
2019,100,6.5,4293,0,0,0,1,0,0,0,0,0,0,0,0,0,0,0,0,0,0,0,0
1993,137,6.9,53,0,0,0,0,0,0,0,0,0,0,0,0,0,0,0,0,0,0,0,0
2015,107,4.7,22,0,0,0,1,0,0,0,0,0,0,0,0,0,0,0,0,0,0,0,0
1954,127,6.1,24,0,0,0,0,0,0,0,0,0,0,0,0,0,0,0,0,0,0,0,0
1974,134,6.7,23,0,0,0,0,1,0,0,0,0,0,0,0,0,0,0,0,0,0,0,0
2013,99,6.5,225,0,0,0,1,0,0,0,0,0,0,0,0,0,0,0,0,0,0,0,0
1978,134,5.1,8,0,0,0,0,0,0,0,0,0,0,0,0,0,0,0,0,0,0,0,0
1978,134,6.4,34,0,0,0,0,0,0,0,0,0,0,0,0,0,0,0,0,0,0,0,0
2002,145,4.2,1124,0,0,0,0,0,0,0,0,0,0,0,0,0,0,0,0,0,0,0,0
1974,139,6.5,146,0,0,0,0,0,0,0,0,0,0,0,0,0,0,0,0,0,0,0,0
1990,142,4.5,14,0,0,0,1,0,0,0,0,0,0,0,0,0,0,0,0,0,0,0,0
1983,134,5.6,29,0,0,0,0,1,0,0,0,0,0,0,0,0,0,0,0,0,0,0,0
1977,138,5.8,44,0,0,0,0,0,0,0,0,0,0,0,0,0,0,0,0,0,0,0,0
1956,158,7.7,475,0,0,0,1,0,0,0,0,0,0,0,0,0,0,0,0,0,0,0,0
2003,135,4.8,837,0,0,0,1,0,0,0,0,0,0,0,0,0,0,0,0,0,0,0,0
1972,115,5.0,5,0,0,0,0,0,0,0,0,0,0,0,0,0,0,0,0,0,0,0,0
2001,160,5.4,4464,0,0,0,1,0,0,0,0,0,0,0,0,0,0,0,0,0,0,0,0
1975,165,7.0,136,0,0,0,1,0,0,0,0,0,0,0,0,0,0,0,0,0,0,0,0
1982,149,5.3,39,0,0,0,1,0,0,0,0,0,0,0,0,0,0,0,0,0,0,0,0
2002,134,6.3,20,0,0,0,0,0,0,0,0,0,0,0,0,0,0,0,0,0,0,0,0
1980,135,7.1,16,0,0,0,0,0,0,0,0,0,0,0,0,0,0,0,0,0,0,0,0
1975,124,7.4,84,0,0,0,0,0,0,0,0,1,0,0,0,0,0,0,0,0,0,0,0
2004,134,5.0,29,0,0,0,0,0,0,0,0,0,0,0,0,1,0,0,0,0,0,0,0
2003,99,3.1,102,0,0,0,0,0,0,0,0,1,0,0,0,0,0,0,0,0,0,0,0
2004,90,7.1,10,0,0,0,0,0,0,0,1,0,0,0,0,0,0,0,0,0,0,0,0
2020,108,6.1,7,0,0,0,0,0,0,1,0,0,0,0,0,0,0,0,0,0,0,0,0
2019,95,6.8,85,0,0,0,1,0,0,0,0,0,0,0,0,0,0,0,0,0,0,0,0
1974,135,5.3,22,0,0,0,0,0,0,1,0,0,0,0,0,0,0,0,0,0,0,0,0
2020,85,5.8,19,0,0,0,0,0,0,0,1,0,0,0,0,0,0,0,0,0,0,0,0
2016,120,5.9,22,0,0,0,0,0,0,1,0,0,0,0,0,0,0,0,0,0,0,0,0
1997,98,4.9,10,0,0,0,0,0,0,0,0,0,0,1,0,0,0,0,0,0,0,0,0
2005,134,7.8,25,0,0,0,0,0,0,0,0,0,0,1,0,0,0,0,0,0,0,0,0
2016,100,2.4,142,0,0,0,0,0,0,0,0,0,0,1,0,0,0,0,0,0,0,0,0
1980,134,5.3,31,0,0,0,0,0,0,0,0,0,0,0,0,0,0,0,0,0,0,0,0
2006,164,6.8,9171,0,0,0,1,0,0,0,0,0,0,0,0,0,0,0,0,0,0,0,0
1975,146,8.3,11923,0,0,0,1,0,0,0,0,0,0,0,0,0,0,0,0,0,0,0,0
2003,164,5.4,112,0,0,0,1,0,0,0,0,0,0,0,0,0,0,0,0,0,0,0,0
1997,134,4.3,17,0,0,0,0,1,0,0,0,0,0,0,0,0,0,0,0,0,0,0,0
2003,143,3.7,463,0,0,0,0,0,0,0,0,0,0,0,0,0,0,0,0,0,0,0,0
2015,113,6.7,9,0,0,0,0,0,0,0,0,1,0,0,0,0,0,0,0,0,0,0,0
1979,134,6.6,33,0,0,0,0,0,1,0,0,0,0,0,0,0,0,0,0,0,0,0,0
1959,134,4.8,5,0,0,0,0,0,0,0,0,0,0,0,0,0,0,0,0,0,0,0,0
2014,126,7.4,4828,0,0,0,0,0,0,1,0,0,0,0,0,0,0,0,0,0,0,0,0
2010,145,6.8,355,0,0,0,0,1,0,0,0,0,0,0,0,0,0,0,0,0,0,0,0
2020,98,5.8,5084,0,0,0,0,0,0,0,0,0,0,0,0,0,0,0,0,0,0,0,0
2005,134,4.7,53,0,0,0,0,0,0,1,0,0,0,0,0,0,0,0,0,0,0,0,0
1989,165,2.3,126,0,0,0,0,0,0,0,0,0,0,0,0,0,0,0,0,0,0,0,0
2010,127,3.5,317,0,0,0,0,0,0,1,0,0,0,0,0,0,0,0,0,0,0,0,0
2020,52,2.0,228,0,0,0,0,0,0,0,0,0,0,0,0,0,0,0,0,0,0,0,0
2013,137,7.3,433,0,0,0,0,0,0,1,0,0,0,0,0,0,0,0,0,0,0,0,0
2016,125,6.9,17,0,0,0,0,0,0,0,0,0,0,0,0,0,0,0,0,0,0,0,0
2015,48,8.0,6,0,0,0,0,0,1,0,0,0,0,0,0,0,0,0,0,0,0,0,0
1963,134,5.4,10,0,0,0,0,0,0,0,0,0,0,0,0,0,0,0,0,0,0,0,0
2012,146,6.3,13486,0,0,0,1,0,0,0,0,0,0,0,0,0,0,0,0,0,0,0,0
2019,134,6.9,7,0,0,0,0,0,0,1,0,0,0,0,0,0,0,0,0,0,0,0,0
2015,90,5.9,101,0,0,0,0,0,0,1,0,0,0,0,0,0,0,0,0,0,0,0,0
2009,134,6.4,8,0,0,0,0,0,0,1,0,0,0,0,0,0,0,0,0,0,0,0,0
1960,134,6.4,26,0,0,0,0,0,0,1,0,0,0,0,0,0,0,0,0,0,0,0,0
1978,134,6.2,9,0,0,0,0,0,0,0,0,0,0,0,0,0,0,1,0,0,0,0,0
2018,134,8.7,21,0,0,0,1,0,0,0,0,0,0,0,0,0,0,0,0,0,0,0,0
2008,132,7.0,1827,0,0,1,0,0,0,0,0,0,0,0,0,0,0,0,0,0,0,0,0
2006,92,5.6,58,0,0,0,0,0,0,1,0,0,0,0,0,0,0,0,0,0,0,0,0
2020,117,7.7,1662,0,0,0,1,0,0,0,0,0,0,0,0,0,0,0,0,0,0,0,0
1981,134,5.1,19,0,0,0,0,0,0,0,0,0,0,0,0,0,0,0,0,0,0,0,0
1988,149,4.2,171,0,0,0,0,0,0,0,0,0,0,0,0,0,0,0,0,0,0,0,0
2013,124,6.2,4757,0,0,0,0,0,0,0,0,0,0,0,0,0,0,0,0,0,0,0,0
2017,144,5.3,3015,0,0,0,0,0,0,0,0,0,0,0,0,0,0,0,0,0,0,0,0
2019,133,5.7,2425,0,0,0,0,0,0,0,0,0,0,0,0,0,0,0,0,0,0,0,0
2002,142,7.9,14795,0,0,0,0,0,0,0,0,0,0,0,0,0,0,0,0,0,0,0,0
1974,155,7.1,668,0,0,0,0,0,0,1,0,0,0,0,0,0,0,0,0,0,0,0,0
1986,140,6.5,15,0,0,0,0,0,0,1,0,0,0,0,0,0,0,0,0,0,0,0,0
2021,92,9.0,223,0,0,0,0,0,0,1,0,0,0,0,0,0,0,0,0,0,0,0,0
2008,117,4.0,230,0,0,0,0,0,0,0,0,0,0,0,0,0,0,0,0,0,0,0,0
2020,104,6.2,191,0,0,0,0,0,0,0,0,0,0,1,0,0,0,0,0,0,0,0,0
2009,104,5.4,282,0,0,0,1,0,0,0,0,0,0,0,0,0,0,0,0,0,0,0,0
1983,177,6.6,2123,0,0,0,0,0,0,0,0,0,0,0,0,0,0,0,0,0,0,0,0
1995,143,6.6,4843,0,0,0,0,0,0,0,0,0,0,0,0,0,0,0,0,0,0,0,0
1991,146,6.7,678,0,0,0,0,0,0,0,0,0,0,0,0,0,0,0,0,0,0,0,0
2020,134,2.9,56232,0,0,0,0,0,0,0,0,0,0,0,0,0,0,0,0,0,0,0,0
2006,142,6.5,1957,0,0,0,0,0,0,1,0,0,0,0,0,0,0,0,0,0,0,0,0
1992,161,4.8,787,0,0,0,0,0,0,0,0,0,0,0,0,0,0,0,0,0,0,0,0
2014,116,7.7,4338,0,0,0,0,0,0,1,0,0,0,0,0,0,0,0,0,0,0,0,0
2020,120,6.8,179,0,0,0,0,0,0,1,0,0,0,0,0,0,0,0,0,0,0,0,0
2000,140,5.3,105,0,0,0,0,0,0,0,0,0,0,0,0,0,0,0,0,0,1,0,0
2015,134,5.1,46,0,0,0,1,0,0,0,0,0,0,0,0,0,0,0,0,0,0,0,0
2011,163,5.6,4059,0,0,0,0,0,0,0,0,0,0,0,0,0,0,0,0,0,0,0,0
2016,108,6.2,119,0,0,0,0,0,0,1,0,0,0,0,0,0,0,0,0,0,0,0,0
2014,134,3.1,1308,0,0,0,0,0,0,0,0,0,0,0,0,0,0,0,0,0,0,0,0
1994,123,5.7,450,0,0,0,0,0,0,0,0,0,0,0,0,0,0,0,0,0,0,0,0
2010,121,5.1,1965,0,0,0,0,0,0,0,0,0,0,0,0,0,0,0,0,0,0,0,0
2016,84,7.3,23,0,0,0,0,0,0,0,0,0,0,0,0,0,1,0,0,0,0,0,0
1992,119,6.9,54,0,0,0,0,0,0,1,0,0,0,0,0,0,0,0,0,0,0,0,0
2011,86,6.1,100,0,0,0,0,0,0,1,0,0,0,0,0,0,0,0,0,0,0,0,0
2019,130,8.3,29,0,0,1,0,0,0,0,0,0,0,0,0,0,0,0,0,0,0,0,0
2005,107,6.8,1188,0,0,0,0,1,0,0,0,0,0,0,0,0,0,0,0,0,0,0,0
2021,91,4.4,218,0,0,0,0,0,0,0,0,0,0,0,0,0,0,0,0,0,0,0,0
1997,138,4.6,30,0,0,0,0,0,0,1,0,0,0,0,0,0,0,0,0,0,0,0,0
1966,171,6.2,20,0,0,0,0,0,0,0,0,0,0,0,0,0,0,0,0,0,0,0,0
1953,139,6.5,32,0,0,0,0,0,0,1,0,0,0,0,0,0,0,0,0,0,0,0,0
1952,149,7.0,159,0,0,0,0,0,0,1,0,0,0,0,0,0,0,0,0,0,0,0,0
1973,146,7.0,438,0,0,0,0,0,0,1,0,0,0,0,0,0,0,0,0,0,0,0,0
2002,134,7.0,25,0,0,0,0,0,0,0,0,0,0,0,0,0,0,0,0,0,0,0,0
1999,152,4.8,670,0,0,0,0,0,0,0,0,0,0,0,0,0,0,0,0,0,0,0,0
1975,134,5.6,8,0,0,0,0,0,0,0,0,0,0,0,0,0,0,0,0,0,0,0,0
1964,128,6.0,21,0,0,0,1,0,0,0,0,0,0,0,0,0,0,0,0,0,0,0,0
2012,130,3.9,75,0,0,0,1,0,0,0,0,0,0,0,0,0,0,0,0,0,0,0,0
1973,134,6.0,6,0,0,0,0,0,0,1,0,0,0,0,0,0,0,0,0,0,0,0,0
1996,134,3.6,17,0,0,0,0,0,0,0,0,0,0,0,0,0,0,0,0,0,0,0,0
2005,163,3.1,115,0,0,0,0,0,0,0,0,0,0,0,0,0,0,0,0,0,0,0,0
2018,140,5.1,257,0,0,0,0,0,0,1,0,0,0,0,0,0,0,0,0,0,0,0,0
1981,134,5.0,32,0,0,0,0,0,0,1,0,0,0,0,0,0,0,0,0,0,0,0,0
1989,134,5.4,73,0,0,0,0,0,0,0,0,0,0,0,0,0,0,0,0,0,0,0,0
1997,145,4.5,571,0,0,0,0,0,0,0,0,0,0,0,0,0,0,0,0,0,0,0,0
2019,89,7.1,22,0,0,0,0,0,0,1,0,0,0,0,0,0,0,0,0,0,0,0,0
2014,118,6.1,5500,0,0,0,1,0,0,0,0,0,0,0,0,0,0,0,0,0,0,0,0
1998,134,4.4,10,0,0,0,0,0,0,0,0,0,0,1,0,0,0,0,0,0,0,0,0
2010,115,6.3,146,0,0,0,1,0,0,0,0,0,0,0,0,0,0,0,0,0,0,0,0
2018,134,4.2,18,0,0,0,0,0,0,0,0,0,0,0,0,0,0,0,0,0,0,0,0
2010,126,6.2,30194,0,0,0,0,0,0,0,0,0,0,0,0,0,0,0,0,0,0,0,0
2012,120,4.8,16920,0,0,0,0,0,0,0,0,0,0,0,0,0,0,0,0,0,0,0,0
2019,160,3.0,15817,0,0,0,0,0,0,0,0,0,0,0,0,0,0,0,0,0,0,0,0
1987,158,6.5,270,0,0,0,0,0,0,0,0,0,0,0,0,0,0,0,0,0,0,0,0
2000,134,5.1,9,0,0,0,0,0,0,0,0,0,0,0,0,0,0,0,0,0,0,0,0
1979,137,5.0,24,0,0,0,0,0,0,0,0,0,0,0,0,0,0,0,0,0,0,0,0
1999,133,4.8,30,0,0,0,0,0,0,0,0,0,0,0,0,0,0,0,0,0,0,0,0
1987,134,5.5,51,0,0,0,0,0,0,0,0,0,0,0,0,0,0,0,0,0,0,0,0
1980,154,7.2,191,0,0,0,1,0,0,0,0,0,0,0,0,0,0,0,0,0,0,0,0
2017,134,6.4,1886,0,0,0,0,0,0,0,0,0,0,0,0,0,0,0,0,0,0,0,0
2009,102,3.8,362,0,0,0,1,0,0,0,0,0,0,0,0,0,0,0,0,0,0,0,0
2017,97,7.7,40,0,0,0,0,0,0,1,0,0,0,0,0,0,0,0,0,0,0,0,0
1975,118,4.9,7,0,0,0,0,0,0,1,0,0,0,0,0,0,0,0,0,0,0,0,0
2015,120,6.2,180,0,0,0,0,0,0,0,0,0,0,0,0,0,0,0,0,0,0,0,0
1998,145,7.4,285,0,0,0,0,0,0,1,0,0,0,0,0,0,0,0,0,0,0,0,0
1950,149,6.3,15,0,0,0,0,0,0,1,0,0,0,0,0,0,0,0,0,0,0,0,0
1999,155,5.5,189,0,0,0,0,0,0,1,0,0,0,0,0,0,0,0,0,0,0,0,0
2007,134,5.9,14,0,0,0,0,1,0,0,0,0,0,0,0,0,0,0,0,0,0,0,0
1986,161,5.3,50,0,0,0,0,0,0,0,0,0,0,0,0,0,0,0,0,0,0,0,0
1981,134,5.7,58,0,0,0,0,0,0,0,0,0,0,1,0,0,0,0,0,0,0,0,0
1988,134,7.1,76,0,0,0,0,0,0,1,0,0,0,0,0,0,0,0,0,0,0,0,0
1987,134,5.2,72,0,0,0,0,0,0,0,0,0,0,1,0,0,0,0,0,0,0,0,0
1955,134,6.8,6,0,0,0,0,0,0,0,0,0,0,0,0,0,0,0,0,0,0,1,0
1978,134,5.4,15,0,0,0,0,0,0,0,0,0,0,0,0,0,0,0,0,0,0,0,0
1977,127,4.7,7,0,0,0,0,0,0,0,0,0,0,0,0,0,0,0,0,0,0,0,0
2000,93,3.9,7,0,0,0,0,0,0,0,0,0,0,0,0,0,0,0,0,0,0,0,0
1987,134,5.5,31,0,0,0,0,0,0,0,0,0,0,0,0,0,0,0,0,0,0,0,0
2000,120,3.8,5,0,0,0,0,0,0,0,0,0,0,0,0,0,0,0,0,0,0,0,0
1966,134,6.4,10,0,0,0,0,0,0,0,0,0,0,0,0,0,0,0,0,0,0,0,0
1991,134,7.5,33,0,0,0,0,0,0,0,0,0,0,0,0,0,0,0,0,0,0,0,0
2000,134,5.0,17,1,0,0,0,0,0,0,0,0,0,0,0,0,0,0,0,0,0,0,0
2001,134,4.9,7,0,0,0,0,0,0,0,0,0,0,0,0,0,0,0,0,0,0,0,0
1993,160,4.9,105,0,0,0,0,0,0,0,0,0,0,0,0,0,0,0,0,0,0,0,0
2011,108,3.3,980,1,0,0,0,0,0,0,0,0,0,0,0,0,0,0,0,0,0,0,0
1978,110,7.0,52,0,0,0,1,0,0,0,0,0,0,0,0,0,0,0,0,0,0,0,0
2011,122,4.0,406,0,0,0,1,0,0,0,0,0,0,0,0,0,0,0,0,0,0,0,0
2001,134,5.5,88,0,0,0,0,0,0,1,0,0,0,0,0,0,0,0,0,0,0,0,0
1993,175,7.8,3185,0,0,0,0,1,0,0,0,0,0,0,0,0,0,0,0,0,0,0,0
1985,106,6.7,127,0,0,0,0,0,0,1,0,0,0,0,0,0,0,0,0,0,0,0,0
1989,134,4.9,19,0,0,0,0,0,0,0,0,0,0,0,0,0,0,0,0,0,0,0,0
2003,134,4.7,12,0,0,0,0,0,0,0,0,0,0,0,0,0,0,0,0,0,0,0,0
1987,153,6.1,267,0,0,0,0,0,0,0,0,0,0,0,0,0,0,0,0,0,0,0,0
1997,85,6.6,128,0,0,0,0,0,0,1,0,0,0,0,0,0,0,0,0,0,0,0,0
1995,124,2.6,25,0,0,0,0,0,0,0,1,0,0,0,0,0,0,0,0,0,0,0,0
1991,150,3.9,613,0,0,0,0,0,0,0,0,0,0,0,0,0,0,0,0,0,0,0,0
1998,153,3.7,24,0,0,0,0,0,0,0,0,0,0,0,0,0,0,0,0,0,0,0,0
2016,161,8.4,165074,0,0,0,0,0,0,0,0,0,0,0,0,0,0,0,0,0,0,0,0
2005,134,4.7,6,0,0,0,0,0,0,0,0,0,0,0,0,0,0,0,0,0,0,0,0
2002,134,6.8,53,0,0,0,0,1,0,0,0,0,0,0,0,0,0,0,0,0,0,0,0
2012,130,3.9,847,0,0,0,0,0,0,0,0,1,0,0,0,0,0,0,0,0,0,0,0
2019,108,5.7,19,0,0,0,0,0,0,0,0,0,0,1,0,0,0,0,0,0,0,0,0
2005,103,7.0,65,0,0,0,0,0,0,1,0,0,0,0,0,0,0,0,0,0,0,0,0
2018,85,8.3,9,0,0,0,0,0,0,1,0,0,0,0,0,0,0,0,0,0,0,0,0
1996,105,5.4,506,0,0,0,0,0,0,0,0,0,0,0,0,0,0,0,0,0,0,0,0
1987,134,2.6,13,0,0,0,0,0,0,0,0,0,0,0,0,0,0,0,0,0,0,0,0
1964,134,5.6,10,0,0,0,0,0,0,0,0,0,0,0,0,0,0,0,0,0,0,0,0
2020,145,7.5,727,0,0,0,0,0,0,1,0,0,0,0,0,0,0,0,0,0,0,0,0
2020,159,6.1,5175,0,0,0,0,0,0,0,0,0,0,0,0,0,0,0,0,0,0,0,0
1947,134,6.3,15,0,0,0,0,0,0,1,0,0,0,0,0,0,0,0,0,0,0,0,0
1981,134,7.2,64,0,0,0,0,0,0,1,0,0,0,0,0,0,0,0,0,0,0,0,0
1982,152,7.0,64,0,0,0,0,0,0,1,0,0,0,0,0,0,0,0,0,0,0,0,0
1983,134,6.7,13,0,0,0,0,0,0,0,0,0,0,0,0,0,0,0,0,0,0,0,0
1977,134,5.9,23,0,0,0,0,0,0,0,0,0,0,0,0,0,0,0,0,0,0,0,0
2005,76,5.2,8,0,0,0,0,0,0,0,0,0,0,1,0,0,0,0,0,0,0,0,0
1988,146,5.1,191,0,0,0,0,0,0,1,0,0,0,0,0,0,0,0,0,0,0,0,0
2019,113,6.5,8,0,0,0,0,0,0,1,0,0,0,0,0,0,0,0,0,0,0,0,0
2019,107,5.6,329,0,0,0,0,0,0,0,0,0,0,0,0,0,0,0,0,0,1,0,0
2007,128,3.8,589,0,0,0,0,0,0,1,0,0,0,0,0,0,0,0,0,0,0,0,0
1977,134,6.8,34,0,0,0,0,0,0,0,0,0,0,0,0,0,0,1,0,0,0,0,0
1997,128,7.2,62,0,0,0,0,0,0,1,0,0,0,0,0,0,0,0,0,0,0,0,0
2003,121,6.3,3207,0,0,0,0,0,0,0,0,0,0,1,0,0,0,0,0,0,0,0,0
2006,108,5.4,1962,0,0,0,0,0,0,0,0,0,0,1,0,0,0,0,0,0,0,0,0
1949,123,7.7,9,0,0,0,0,1,0,0,0,0,0,0,0,0,0,0,0,0,0,0,0
1970,140,7.1,37,0,0,0,0,0,0,1,0,0,0,0,0,0,0,0,0,0,0,0,0
1993,178,7.8,22635,0,0,0,0,0,0,0,0,0,0,0,0,0,0,0,0,0,0,0,0
2014,124,4.9,936,0,0,0,0,0,0,0,0,0,0,1,0,0,0,0,0,0,0,0,0
1941,134,7.0,8,0,0,0,0,0,0,0,0,0,0,0,0,0,0,0,0,0,0,1,0
1978,117,6.0,89,0,0,0,0,0,0,0,0,0,0,1,0,0,0,0,0,0,0,0,0
2002,84,4.3,50,0,0,0,0,0,0,0,0,0,0,1,0,0,0,0,0,0,0,0,0
2006,106,5.3,337,0,0,0,1,0,0,0,0,0,0,0,0,0,0,0,0,0,0,0,0
2020,134,7.1,28,0,0,0,0,0,0,1,0,0,0,0,0,0,0,0,0,0,0,0,0
2008,119,6.4,110,0,1,0,0,0,0,0,0,0,0,0,0,0,0,0,0,0,0,0,0
2018,131,3.8,316,0,0,0,0,0,0,0,0,0,0,0,0,0,0,0,0,0,0,0,0
1972,173,6.9,122,0,0,0,1,0,0,0,0,0,0,0,0,0,0,0,0,0,0,0,0
1996,141,4.7,293,0,0,0,0,0,0,1,0,0,0,0,0,0,0,0,0,0,0,0,0
1970,145,7.1,122,0,0,0,0,0,0,1,0,0,0,0,0,0,0,0,0,0,0,0,0
1950,122,6.8,61,0,0,0,0,0,0,1,0,0,0,0,0,0,0,0,0,0,0,0,0
1991,134,4.8,11,0,0,0,0,0,0,1,0,0,0,0,0,0,0,0,0,0,0,0,0
2008,113,7.8,6140,0,0,0,1,0,0,0,0,0,0,0,0,0,0,0,0,0,0,0,0
2001,125,7.4,57,0,0,0,0,0,0,1,0,0,0,0,0,0,0,0,0,0,0,0,0
1997,180,5.9,1006,0,0,0,0,0,0,0,0,0,0,0,0,0,0,0,0,0,0,0,0
2001,180,6.7,19,0,0,0,0,0,0,0,0,0,0,0,0,0,0,0,0,0,0,1,0
1982,150,6.1,35,0,0,0,0,0,0,0,0,0,0,0,0,0,0,0,0,0,0,0,0
1983,134,3.3,15,0,0,0,0,0,0,0,0,0,0,0,0,0,0,0,0,0,0,0,0
1992,143,5.7,834,0,0,0,0,0,0,0,0,0,0,0,0,0,0,0,0,0,0,0,0
1989,134,4.1,18,0,0,0,0,0,0,0,0,0,0,0,0,0,0,0,0,0,0,0,0
2013,155,6.2,2608,0,0,0,0,0,0,0,0,0,0,0,0,0,0,0,0,0,0,0,0
1975,137,7.2,6,0,0,0,0,0,0,1,0,0,0,0,0,0,0,0,0,0,0,0,0
1988,173,6.5,548,0,0,0,0,0,0,0,0,0,0,0,0,0,0,0,0,0,0,0,0
2017,75,8.1,15,0,0,0,0,0,0,1,0,0,0,0,0,0,0,0,0,0,0,0,0
2016,155,7.3,252,0,0,0,1,0,0,0,0,0,0,0,0,0,0,0,0,0,0,0,0
2013,153,7.2,9525,0,0,0,0,0,0,0,0,0,0,0,0,0,0,0,0,0,0,0,0
2009,162,5.5,7758,0,0,0,0,0,0,0,0,0,0,0,0,0,0,0,0,0,0,0,0
2019,135,6.6,7329,0,0,0,1,0,0,0,0,0,0,0,0,0,0,0,0,0,0,0,0
2008,140,4.1,808,0,0,0,1,0,0,0,0,0,0,0,0,0,0,0,0,0,0,0,0
2016,126,6.4,10,0,0,0,1,0,0,0,0,0,0,0,0,0,0,0,0,0,0,0,0
2006,102,6.3,585,0,0,0,0,1,0,0,0,0,0,0,0,0,0,0,0,0,0,0,0
2016,95,6.3,384,0,0,0,0,0,0,1,0,0,0,0,0,0,0,0,0,0,0,0,0
2017,111,5.8,390,0,0,0,0,0,0,1,0,0,0,0,0,0,0,0,0,0,0,0,0
2018,91,7.8,10,0,0,0,0,0,0,1,0,0,0,0,0,0,0,0,0,0,0,0,0
2014,145,6.6,18,1,0,0,0,0,0,0,0,0,0,0,0,0,0,0,0,0,0,0,0
2016,151,7.5,37149,0,0,0,0,0,0,1,0,0,0,0,0,0,0,0,0,0,0,0,0
1987,100,7.5,22,0,0,0,0,0,0,1,0,0,0,0,0,0,0,0,0,0,0,0,0
2014,152,7.1,6978,0,0,0,1,0,0,0,0,0,0,0,0,0,0,0,0,0,0,0,0
1992,130,4.3,578,0,0,0,0,0,0,1,0,0,0,0,0,0,0,0,0,0,0,0,0
1951,130,7.6,198,0,0,0,0,0,0,0,0,0,0,0,0,1,0,0,0,0,0,0,0
1982,134,5.3,45,0,0,0,0,0,0,1,0,0,0,0,0,0,0,0,0,0,0,0,0
2001,153,4.6,418,0,0,0,0,0,0,0,0,0,0,0,0,0,0,0,0,0,0,0,0
1976,168,6.5,40,0,0,0,0,0,0,0,0,0,0,0,0,0,0,0,0,0,0,0,0
1975,174,8.1,10361,0,0,0,0,0,0,0,0,0,0,0,0,0,0,0,0,0,0,0,0
1952,134,5.0,10,0,0,0,0,0,0,0,0,0,0,0,0,0,0,1,0,0,0,0,0
1992,185,6.9,6298,0,0,0,0,0,0,0,0,0,0,0,0,0,0,0,0,0,0,0,0
1998,134,4.1,8,0,0,0,0,0,0,1,0,0,0,0,0,0,0,0,0,0,0,0,0
2013,130,2.4,339,0,0,0,1,0,0,0,0,0,0,0,0,0,0,0,0,0,0,0,0
1997,140,6.7,2488,0,0,0,1,0,0,0,0,0,0,0,0,0,0,0,0,0,0,0,0
1990,130,5.7,953,0,0,0,0,0,0,0,0,0,0,0,0,0,0,1,0,0,0,0,0
1987,97,5.0,25,0,0,0,0,0,0,1,0,0,0,0,0,0,0,0,0,0,0,0,0
2000,164,4.7,587,0,0,0,0,0,0,0,0,0,0,0,0,0,0,0,0,0,0,0,0
1991,134,3.2,6,0,0,0,0,0,0,0,0,0,0,0,0,0,0,1,0,0,0,0,0
2005,158,5.3,4622,0,0,0,0,0,0,0,0,0,0,0,0,0,0,0,0,0,0,0,0
2002,169,6.6,2620,0,0,0,0,1,0,0,0,0,0,0,0,0,0,0,0,0,0,0,0
2007,126,6.4,66,0,0,0,0,0,0,0,0,0,0,0,0,0,0,1,0,0,0,0,0
2013,134,5.6,50,0,0,0,0,0,0,0,0,0,0,0,0,0,0,0,0,0,1,0,0
2009,105,4.5,26,0,0,0,1,0,0,0,0,0,0,0,0,0,0,0,0,0,0,0,0
1957,141,7.4,29,0,0,0,1,0,0,0,0,0,0,0,0,0,0,0,0,0,0,0,0
2014,110,6.1,284,0,0,0,1,0,0,0,0,0,0,0,0,0,0,0,0,0,0,0,0
1985,138,5.6,38,0,0,0,1,0,0,0,0,0,0,0,0,0,0,0,0,0,0,0,0
2018,98,5.9,24,0,0,0,0,0,0,1,0,0,0,0,0,0,0,0,0,0,0,0,0
2011,103,7.6,28299,0,0,0,0,0,0,0,0,0,0,0,0,0,0,0,0,0,0,0,0
2011,88,6.2,395,0,0,0,1,0,0,0,0,0,0,0,0,0,0,0,0,0,0,0,0
2012,96,5.6,1631,0,1,0,0,0,0,0,0,0,0,0,0,0,0,0,0,0,0,0,0
2009,141,6.1,7256,0,0,0,0,0,0,1,0,0,0,0,0,0,0,0,0,0,0,0,0
2007,134,4.2,183,0,0,0,0,0,0,1,0,0,0,0,0,0,0,0,0,0,0,0,0
2012,94,5.9,48,0,0,0,0,0,0,0,0,0,0,0,1,0,0,0,0,0,0,0,0
2012,141,3.1,965,0,0,0,0,0,0,0,0,0,0,0,0,0,0,0,0,0,0,0,0
1978,134,7.1,151,0,0,0,0,0,0,1,0,0,0,0,0,0,0,0,0,0,0,0,0
2007,148,6.2,1608,0,0,0,0,0,0,0,0,0,0,0,0,0,0,0,0,0,0,0,0
2002,130,4.9,50,0,0,0,0,0,0,1,0,0,0,0,0,0,0,0,0,0,0,0,0
1980,158,5.5,11,0,0,0,0,0,0,0,0,0,0,0,0,0,0,0,0,0,0,0,0
2008,140,1.4,3899,0,0,0,0,0,0,0,0,0,0,0,0,0,0,0,0,0,0,0,0
1989,134,3.9,14,0,0,0,0,0,0,0,0,0,0,0,0,0,0,0,0,0,0,0,0
1982,165,6.0,536,0,0,0,0,0,0,0,0,0,0,0,0,0,0,0,0,0,0,0,0
1991,145,3.6,12,0,0,0,0,0,0,0,0,0,0,0,0,0,0,0,0,0,0,0,0
2011,122,5.7,13203,0,0,0,1,0,0,0,0,0,0,0,0,0,0,0,0,0,0,0,0
2014,139,4.0,126,0,0,0,0,0,0,0,0,0,0,0,0,0,0,0,0,0,0,0,0
1958,114,6.4,15,0,0,0,0,0,0,0,0,0,0,0,0,0,1,0,0,0,0,0,0
2015,139,7.7,21107,0,0,0,0,0,0,0,0,0,0,0,0,0,0,0,0,0,0,0,0
2009,140,6.2,76,0,0,0,0,1,0,0,0,0,0,0,0,0,0,0,0,0,0,0,0
2004,172,6.9,1332,0,0,0,0,0,0,1,0,0,0,0,0,0,0,0,0,0,0,0,0
1955,134,5.8,16,0,0,0,0,0,0,0,0,0,0,0,0,0,0,0,0,0,0,0,0
2009,144,8.0,29283,0,0,0,0,0,0,1,0,0,0,0,0,0,0,0,0,0,0,0,0
2005,87,4.2,31,0,0,0,0,0,0,1,0,0,0,0,0,0,0,0,0,0,0,0,0
1966,156,7.2,81,0,0,0,0,1,0,0,0,0,0,0,0,0,0,0,0,0,0,0,0
1958,134,6.5,6,0,0,0,0,0,0,1,0,0,0,0,0,0,0,0,0,0,0,0,0
1978,148,7.1,50,0,0,0,0,0,0,1,0,0,0,0,0,0,0,0,0,0,0,0,0
2002,185,7.6,39573,0,0,0,0,0,0,1,0,0,0,0,0,0,0,0,0,0,0,0,0
1936,139,6.2,91,0,0,0,0,0,0,1,0,0,0,0,0,0,0,0,0,0,0,0,0
1955,159,7.9,1731,0,0,0,0,0,0,1,0,0,0,0,0,0,0,0,0,0,0,0,0
1970,134,6.6,19,0,0,0,0,0,0,1,0,0,0,0,0,0,0,0,0,0,0,0,0
2002,146,6.6,17,0,0,1,0,0,0,0,0,0,0,0,0,0,0,0,0,0,0,0,0
2019,117,7.8,15,0,0,0,0,0,0,1,0,0,0,0,0,0,0,0,0,0,0,0,0
2001,134,5.6,16,0,0,0,0,0,0,0,0,1,0,0,0,0,0,0,0,0,0,0,0
2006,134,6.6,14,0,0,0,0,0,0,0,0,1,0,0,0,0,0,0,0,0,0,0,0
2004,161,5.8,260,0,0,0,0,0,0,0,0,0,0,0,0,0,0,0,0,0,0,0,0
2019,79,5.2,16,0,0,0,0,0,0,1,0,0,0,0,0,0,0,0,0,0,0,0,0
2019,89,2.6,172,0,0,0,1,0,0,0,0,0,0,0,0,0,0,0,0,0,0,0,0
1956,178,5.7,16,1,0,0,0,0,0,0,0,0,0,0,0,0,0,0,0,0,0,0,0
1998,177,3.5,21,0,0,0,0,0,0,0,0,0,0,0,0,0,0,0,0,0,0,0,0
2018,135,5.5,13,0,0,0,0,0,0,0,0,0,0,0,0,0,0,0,0,0,0,0,0
2000,167,3.7,1313,0,0,0,0,0,0,1,0,0,0,0,0,0,0,0,0,0,0,0,0
1997,148,5.1,68,0,0,0,0,0,0,0,0,0,0,0,0,0,0,0,0,0,0,0,0
1998,134,6.1,7,0,0,0,0,0,0,0,0,0,0,0,0,0,0,1,0,0,0,0,0
2018,138,4.5,9399,0,0,0,0,0,0,1,0,0,0,0,0,0,0,0,0,0,0,0,0
2000,161,6.5,6953,0,0,0,0,0,0,1,0,0,0,0,0,0,0,0,0,0,0,0,0
2006,146,4.4,12,0,0,0,0,0,0,0,0,0,0,0,0,0,0,0,0,0,0,0,0
2007,136,7.3,13878,0,0,0,0,0,0,0,0,0,0,0,0,0,0,0,0,0,0,0,0
1973,132,5.4,14,0,0,0,0,0,0,0,0,0,0,0,0,0,0,0,0,0,0,0,0
2005,134,2.5,15,0,0,0,0,0,0,0,0,0,0,0,0,0,0,0,0,0,0,0,0
1980,146,6.5,57,0,0,0,0,0,0,1,0,0,0,0,0,0,0,0,0,0,0,0,0
2007,167,5.0,2410,0,0,0,0,0,0,1,0,0,0,0,0,0,0,0,0,0,0,0,0
1993,123,3.4,252,0,0,0,1,0,0,0,0,0,0,0,0,0,0,0,0,0,0,0,0
1981,152,7.3,55,0,0,0,0,1,0,0,0,0,0,0,0,0,0,0,0,0,0,0,0
2008,95,4.3,11,0,0,0,0,0,0,1,0,0,0,0,0,0,0,0,0,0,0,0,0
2016,148,4.4,16,0,0,0,0,0,0,1,0,0,0,0,0,0,0,0,0,0,0,0,0
1982,134,6.2,77,0,0,0,0,0,0,0,0,0,0,0,0,0,0,0,0,0,0,0,0
1991,134,5.8,10,0,0,0,0,0,0,0,0,0,0,0,0,0,0,0,0,0,0,0,0
1975,159,6.0,140,0,0,0,0,0,0,0,1,0,0,0,0,0,0,0,0,0,0,0,0
1991,155,3.5,21,0,0,0,0,0,0,0,0,0,0,0,0,0,0,0,0,0,0,0,0
2015,129,6.3,2118,0,0,0,1,0,0,0,0,0,0,0,0,0,0,0,0,0,0,0,0
1988,134,4.3,7,0,0,0,0,0,0,0,0,0,0,0,0,0,0,0,0,0,0,0,0
1977,165,6.7,715,0,0,0,0,0,0,0,0,0,0,0,0,0,0,0,0,0,0,0,0
1988,134,5.8,24,0,0,0,0,0,0,1,0,0,0,0,0,0,0,0,0,0,0,0,0
1992,120,7.0,289,0,0,0,0,1,0,0,0,0,0,0,0,0,0,0,0,0,0,0,0
2002,134,6.3,12,0,0,0,0,0,0,1,0,0,0,0,0,0,0,0,0,0,0,0,0
1972,134,6.7,26,0,0,0,0,0,0,0,0,0,0,0,0,0,0,0,0,0,0,0,0
1986,159,5.8,94,0,0,0,0,0,0,0,0,0,0,0,0,0,0,0,0,0,0,0,0
1984,134,6.7,37,1,0,0,0,0,0,0,0,0,0,0,0,0,0,0,0,0,0,0,0
1973,134,7.0,26,0,0,0,0,0,0,0,0,0,0,0,0,0,0,0,0,0,0,0,0
1997,128,5.8,34,0,0,0,0,0,0,0,0,0,0,0,0,0,0,0,0,0,0,0,0
1935,152,6.8,6,0,0,0,0,0,0,0,0,0,0,0,0,0,0,0,0,0,0,1,0
1975,163,6.7,295,0,0,0,0,0,0,0,0,0,0,0,0,0,0,0,0,0,0,0,0
1961,150,7.3,87,0,0,0,0,0,0,1,0,0,0,0,0,0,0,0,0,0,0,0,0
1970,134,6.7,41,0,0,0,0,0,0,0,0,0,0,0,0,0,0,0,0,0,0,0,0
2011,126,7.0,357,0,0,0,0,1,0,0,0,0,0,0,0,0,0,0,0,0,0,0,0
1969,134,7.4,59,0,0,0,0,0,0,1,0,0,0,0,0,0,0,0,0,0,0,0,0
1950,125,6.4,16,0,0,0,0,0,0,1,0,0,0,0,0,0,0,0,0,0,0,0,0
1993,134,6.1,68,0,0,0,0,0,0,0,0,0,0,0,0,0,0,0,0,0,0,0,0
1983,134,6.2,12,0,0,0,1,0,0,0,0,0,0,0,0,0,0,0,0,0,0,0,0
2020,134,7.3,64,0,0,0,0,0,0,1,0,0,0,0,0,0,0,0,0,0,0,0,0
2017,128,7.8,235,0,0,0,0,0,0,1,0,0,0,0,0,0,0,0,0,0,0,0,0
2001,158,7.0,810,0,0,0,0,0,0,0,0,0,0,0,0,0,0,0,0,0,0,0,0
2020,117,6.5,388,0,1,0,0,0,0,0,0,0,0,0,0,0,0,0,0,0,0,0,0
2010,100,7.0,12695,0,0,0,0,0,0,1,0,0,0,0,0,0,0,0,0,0,0,0,0
2007,117,6.2,455,0,0,0,0,0,0,0,0,0,0,0,0,0,0,0,0,0,0,0,0
2007,145,6.3,5501,0,0,0,1,0,0,0,0,0,0,0,0,0,0,0,0,0,0,0,0
1951,155,6.3,6,0,0,0,1,0,0,0,0,0,0,0,0,0,0,0,0,0,0,0,0
1979,122,4.5,22,0,0,0,0,0,0,0,0,0,0,0,0,0,0,0,0,0,0,0,0
1959,153,6.7,158,0,0,0,0,0,0,1,0,0,0,0,0,0,0,0,0,0,0,0,0
2004,129,6.7,18768,0,0,0,0,0,0,0,0,0,0,0,0,0,0,0,0,0,0,0,0
2006,152,6.5,24610,0,0,0,0,0,0,0,0,0,0,0,0,0,0,0,0,0,0,0,0
2013,172,5.4,43831,0,0,0,0,0,0,0,0,0,0,0,0,0,0,0,0,0,0,0,0
2008,128,3.4,87,0,0,0,1,0,0,0,0,0,0,0,0,0,0,0,0,0,0,0,0
1985,113,6.4,8,0,0,0,0,0,0,1,0,0,0,0,0,0,0,0,0,0,0,0,0
1953,134,7.0,29,0,0,0,0,0,0,1,0,0,0,0,0,0,0,0,0,0,0,0,0
1998,134,4.8,40,0,0,0,1,0,0,0,0,0,0,0,0,0,0,0,0,0,0,0,0
2009,131,5.6,751,0,0,0,1,0,0,0,0,0,0,0,0,0,0,0,0,0,0,0,0
2003,126,7.2,242,0,0,0,0,0,0,1,0,0,0,0,0,0,0,0,0,0,0,0,0
1935,129,5.7,7,0,0,0,0,0,0,0,0,0,0,0,0,0,0,0,0,0,0,1,0
1977,134,5.5,30,0,0,0,0,0,0,1,0,0,0,0,0,0,0,0,0,0,0,0,0
1975,139,4.5,19,0,0,0,1,0,0,0,0,0,0,0,0,0,0,0,0,0,0,0,0
1983,72,7.8,57,0,0,0,0,0,1,0,0,0,0,0,0,0,0,0,0,0,0,0,0
1989,147,8.1,90,0,0,0,0,0,0,0,0,0,0,0,0,0,0,0,0,0,0,0,0
1981,152,7.2,78,0,0,0,0,0,0,1,0,0,0,0,0,0,0,0,0,0,0,0,0
2002,139,6.9,58,0,0,0,0,0,0,0,0,0,0,0,0,0,0,0,0,0,0,0,0
1973,130,7.2,529,0,0,0,0,0,0,1,0,0,0,0,0,0,0,0,0,0,0,0,0
2003,153,2.4,247,1,0,0,0,0,0,0,0,0,0,0,0,0,0,0,0,0,0,0,0
2019,106,8.9,47,0,0,1,0,0,0,0,0,0,0,0,0,0,0,0,0,0,0,0,0
1982,145,6.1,17,0,0,0,0,0,0,0,0,0,0,0,0,0,0,0,0,0,0,0,0
1940,155,6.1,31,0,0,0,0,0,0,0,0,0,0,0,0,0,0,0,0,0,0,0,0
2012,97,3.6,88,0,0,0,0,0,0,1,0,0,0,0,0,0,0,0,0,0,0,0,0
1959,134,8.0,32,0,0,0,0,0,0,1,0,0,0,0,0,0,0,0,0,0,0,0,0
1989,59,7.6,7,0,0,0,0,0,0,1,0,0,0,0,0,0,0,0,0,0,0,0,0
1991,120,7.0,170,0,0,0,0,0,0,1,0,0,0,0,0,0,0,0,0,0,0,0,0
1990,172,6.7,5017,0,0,0,1,0,0,0,0,0,0,0,0,0,0,0,0,0,0,0,0
1992,164,5.0,1536,0,0,0,0,0,0,1,0,0,0,0,0,0,0,0,0,0,0,0,0
1960,134,6.6,125,0,0,0,0,0,0,0,0,0,0,0,0,1,0,0,0,0,0,0,0
1978,156,5.5,30,0,0,0,0,0,0,0,0,0,0,0,0,0,0,0,0,0,0,0,0
1968,137,6.1,20,0,0,0,0,0,0,0,0,0,0,0,0,0,0,0,0,0,0,0,0
2020,101,6.6,117377,0,0,0,1,0,0,0,0,0,0,0,0,0,0,0,0,0,0,0,0
2004,134,5.4,53,0,0,0,1,0,0,0,0,0,0,0,0,0,0,0,0,0,0,0,0
2014,134,5.5,11,0,0,0,0,0,0,0,0,0,0,0,0,0,0,0,0,0,0,0,0
1960,134,6.8,32,0,0,0,0,0,0,1,0,0,0,0,0,0,0,0,0,0,0,0,0
2009,148,4.6,3902,0,0,0,1,0,0,0,0,0,0,0,0,0,0,0,0,0,0,0,0
2001,183,8.1,68138,0,0,0,1,0,0,0,0,0,0,0,0,0,0,0,0,0,0,0,0
1972,134,6.8,56,0,0,0,1,0,0,0,0,0,0,0,0,0,0,0,0,0,0,0,0
1959,187,7.0,146,0,0,0,0,0,0,0,0,0,0,0,0,1,0,0,0,0,0,0,0
2015,170,6.9,15722,0,0,0,1,0,0,0,0,0,0,0,0,0,0,0,0,0,0,0,0
1974,134,6.2,33,0,0,0,1,0,0,0,0,0,0,0,0,0,0,0,0,0,0,0,0
1966,169,6.4,119,0,0,0,0,0,0,1,0,0,0,0,0,0,0,0,0,0,0,0,0
2006,121,3.5,473,0,0,0,0,0,0,1,0,0,0,0,0,0,0,0,0,0,0,0,0
2007,112,7.0,2793,0,0,0,1,0,0,0,0,0,0,0,0,0,0,0,0,0,0,0,0
1963,148,6.7,129,0,0,0,0,0,0,1,0,0,0,0,0,0,0,0,0,0,0,0,0
1993,157,3.1,114,0,0,0,0,0,0,0,0,0,0,0,0,0,0,0,0,0,0,0,0
1991,154,7.3,4087,1,0,0,0,0,0,0,0,0,0,0,0,0,0,0,0,0,0,0,0
2002,185,5.3,1720,0,0,0,0,0,0,1,0,0,0,0,0,0,0,0,0,0,0,0,0
1982,134,3.6,5,0,0,0,0,0,0,1,0,0,0,0,0,0,0,0,0,0,0,0,0
1963,128,7.1,122,0,0,0,1,0,0,0,0,0,0,0,0,0,0,0,0,0,0,0,0
1992,164,5.1,102,0,0,0,0,0,0,1,0,0,0,0,0,0,0,0,0,0,0,0,0
2005,144,4.6,332,0,0,0,0,0,0,1,0,0,0,0,0,0,0,0,0,0,0,0,0
2017,130,5.3,103,0,0,0,0,0,0,0,0,0,0,0,0,0,0,1,0,0,0,0,0
2018,124,3.7,417,0,0,0,1,0,0,0,0,0,0,0,0,0,0,0,0,0,0,0,0
1995,134,3.5,21,0,0,0,1,0,0,0,0,0,0,0,0,0,0,0,0,0,0,0,0
1992,157,5.7,191,0,0,0,0,0,0,0,0,0,0,0,0,1,0,0,0,0,0,0,0
1972,134,5.6,13,0,0,0,1,0,0,0,0,0,0,0,0,0,0,0,0,0,0,0,0
2003,150,4.8,1615,0,0,0,0,0,0,1,0,0,0,0,0,0,0,0,0,0,0,0,0
1982,134,6.7,18,0,0,0,0,0,0,0,0,0,0,0,0,0,0,1,0,0,0,0,0
2014,136,5.3,6,0,0,0,0,0,0,0,0,0,0,0,0,0,0,0,0,0,0,0,0
1979,134,6.6,29,0,0,0,0,0,0,1,0,0,0,0,0,0,0,0,0,0,0,0,0
2008,120,5.7,653,0,0,0,1,0,0,0,0,0,0,0,0,0,0,0,0,0,0,0,0
1997,134,3.8,28,0,0,0,0,0,0,0,0,0,0,0,0,1,0,0,0,0,0,0,0
2005,110,4.9,12,0,0,0,0,0,0,1,0,0,0,0,0,0,0,0,0,0,0,0,0
1993,162,5.3,494,0,0,0,0,0,0,0,0,0,0,0,0,0,0,0,0,0,0,0,0
1973,134,7.3,6,0,0,0,0,0,0,1,0,0,0,0,0,0,0,0,0,0,0,0,0
1997,134,5.8,24,0,0,0,0,0,0,1,0,0,0,0,0,0,0,0,0,0,0,0,0
1999,158,5.1,1102,0,0,0,0,0,0,1,0,0,0,0,0,0,0,0,0,0,0,0,0
1989,134,4.4,10,0,0,0,0,0,0,1,0,0,0,0,0,0,0,0,0,0,0,0,0
2004,123,5.2,1808,0,0,0,0,0,0,0,0,0,0,0,0,1,0,0,0,0,0,0,0
2004,135,4.4,1716,0,0,0,0,0,0,1,0,0,0,0,0,0,0,0,0,0,0,0,0
2001,134,3.3,106,0,0,0,0,0,0,1,0,0,0,0,0,0,0,0,0,0,0,0,0
1966,134,5.8,60,0,0,0,0,0,0,1,0,0,0,0,0,0,0,0,0,0,0,0,0
1967,173,7.0,28,0,0,0,0,0,0,1,0,0,0,0,0,0,0,0,0,0,0,0,0
2003,150,4.8,91,0,0,0,0,0,0,0,0,0,0,0,0,0,0,1,0,0,0,0,0
2000,148,5.0,213,0,0,0,0,0,0,1,0,0,0,0,0,0,0,0,0,0,0,0,0
2016,110,5.0,21,0,0,0,0,0,0,0,0,0,0,0,0,0,0,1,0,0,0,0,0
1978,134,4.3,11,0,0,0,0,0,0,0,0,0,0,0,0,0,0,1,0,0,0,0,0
2006,134,6.7,14,0,0,0,0,0,0,1,0,0,0,0,0,0,0,0,0,0,0,0,0
1998,163,7.6,27393,0,0,0,0,0,0,1,0,0,0,0,0,0,0,0,0,0,0,0,0
1993,151,5.1,720,0,0,0,1,0,0,0,0,0,0,0,0,0,0,0,0,0,0,0,0
1962,150,7.0,94,0,0,0,1,0,0,0,0,0,0,0,0,0,0,0,0,0,0,0,0
1996,139,5.0,185,0,0,0,0,0,0,1,0,0,0,0,0,0,0,0,0,0,0,0,0
1997,180,7.0,21182,0,0,0,1,0,0,0,0,0,0,0,0,0,0,0,0,0,0,0,0
2011,143,5.8,3723,0,0,0,1,0,0,0,0,0,0,0,0,0,0,0,0,0,0,0,0
2016,135,6.5,17,0,0,0,0,0,0,1,0,0,0,0,0,0,0,0,0,0,0,0,0
1987,127,5.0,22,0,0,0,0,0,0,0,0,0,0,0,0,0,0,1,0,0,0,0,0
2002,150,5.3,454,0,0,0,0,0,0,1,0,0,0,0,0,0,0,0,0,0,0,0,0
1982,216,5.5,15,0,0,0,0,0,0,1,0,0,0,0,0,0,0,0,0,0,0,0,0
1994,138,3.8,21,0,0,0,0,0,0,1,0,0,0,0,0,0,0,0,0,0,0,0,0
1977,165,4.5,18,0,0,0,0,0,0,0,0,0,0,0,0,0,0,0,0,0,0,0,0
1982,134,6.3,37,0,0,0,0,0,0,1,0,0,0,0,0,0,0,0,0,0,0,0,0
1953,142,6.7,10,0,0,0,0,0,0,0,0,0,0,0,0,0,0,1,0,0,0,0,0
1979,134,6.4,9,0,0,0,0,0,0,0,0,0,0,0,0,0,0,0,0,0,0,0,0
1987,140,5.1,23,0,0,0,0,0,0,0,0,0,0,0,0,0,0,0,0,0,0,0,0
1996,159,5.8,1559,0,0,0,0,0,0,0,0,0,0,0,0,0,0,0,0,0,0,0,0
1947,130,7.4,64,0,0,0,1,0,0,0,0,0,0,0,0,0,0,0,0,0,0,0,0
1978,134,6.9,206,0,0,0,1,0,0,0,0,0,0,0,0,0,0,0,0,0,0,0,0
1999,188,5.3,1076,0,0,0,0,0,0,1,0,0,0,0,0,0,0,0,0,0,0,0,0
1966,146,6.3,18,0,0,0,1,0,0,0,0,0,0,0,0,0,0,0,0,0,0,0,0
1958,134,6.8,56,0,0,0,0,0,0,0,0,0,0,0,0,0,0,0,0,0,0,0,0
2015,121,3.7,176,0,0,0,1,0,0,0,0,0,0,0,0,0,0,0,0,0,0,0,0
1950,123,7.1,30,0,0,0,0,1,0,0,0,0,0,0,0,0,0,0,0,0,0,0,0
1986,160,3.7,1134,0,0,0,0,0,0,0,0,0,0,0,0,0,0,0,0,0,0,0,0
1994,172,5.7,2755,0,0,0,0,0,0,0,0,0,0,0,0,0,0,0,0,0,0,0,0
2015,158,5.1,32366,0,0,0,0,0,0,0,0,0,0,0,0,0,0,0,0,0,0,0,0
1995,181,8.1,65134,0,0,0,0,0,0,1,0,0,0,0,0,0,0,0,0,0,0,0,0
1980,120,7.2,58,0,0,0,0,0,0,0,0,0,0,0,0,0,0,1,0,0,0,0,0
1992,134,3.5,13,0,0,0,0,0,0,0,0,0,0,0,0,0,0,1,0,0,0,0,0
2016,130,4.0,66,0,0,0,0,0,0,0,0,0,0,0,0,0,0,0,0,0,0,0,0
2015,130,2.5,575,0,0,0,0,0,0,1,0,0,0,0,0,0,0,0,0,0,0,0,0
1982,135,6.4,1291,0,0,0,0,0,0,1,0,0,0,0,0,0,0,0,0,0,0,0,0
1990,135,7.0,145,0,0,0,1,0,0,0,0,0,0,0,0,0,0,0,0,0,0,0,0
2014,119,5.2,986,0,0,0,0,0,0,0,0,0,0,0,0,0,0,0,0,0,0,0,0
2016,124,5.1,7100,0,0,0,0,0,0,0,0,0,0,0,0,0,0,0,0,0,0,0,0
2002,134,4.2,8,0,0,0,0,0,0,0,0,0,1,0,0,0,0,0,0,0,0,0,0
1984,133,5.7,7,0,0,0,0,0,0,0,0,0,0,0,0,0,0,1,0,0,0,0,0
2005,140,5.3,10,0,0,0,0,0,0,0,0,0,0,0,0,0,0,0,0,0,0,1,0
1993,180,3.8,199,0,0,0,0,0,0,0,0,0,0,0,0,0,0,0,0,0,0,0,0
2003,134,3.1,13,0,0,0,0,0,0,0,0,0,0,0,0,0,0,0,0,0,0,0,0
1967,171,6.9,117,0,0,0,0,0,0,1,0,0,0,0,0,0,0,0,0,0,0,0,0
1995,134,4.2,54,0,0,0,0,0,0,0,0,0,0,0,0,0,0,0,0,0,0,0,0
1976,155,6.9,421,0,0,0,0,0,0,1,0,0,0,0,0,0,0,0,0,0,0,0,0
1957,143,8.4,1710,0,0,0,1,0,0,0,0,0,0,0,0,0,0,0,0,0,0,0,0
1997,134,4.2,62,0,0,0,0,0,0,1,0,0,0,0,0,0,0,0,0,0,0,0,0
1980,132,7.0,954,0,0,0,0,0,0,0,0,0,0,0,0,0,0,0,0,0,0,0,0
1966,134,7.3,92,0,0,0,0,0,0,0,1,0,0,0,0,0,0,0,0,0,0,0,0
1959,134,5.5,15,0,0,0,0,0,0,1,0,0,0,0,0,0,0,0,0,0,0,0,0
1969,150,6.2,34,0,0,0,0,0,0,0,0,0,0,0,0,0,0,0,0,0,0,0,0
1994,134,4.8,12,0,0,0,0,0,0,0,0,0,0,0,0,0,0,0,0,0,0,1,0
1953,131,8.4,1857,0,0,0,0,0,0,1,0,0,0,0,0,0,0,0,0,0,0,0,0
1971,141,6.3,15,0,0,0,0,0,0,0,0,0,0,0,0,0,0,0,0,0,0,0,0
1977,134,3.5,6,0,0,0,0,0,0,1,0,0,0,0,0,0,0,0,0,0,0,0,0
2015,120,5.3,20,0,0,0,0,0,0,0,0,0,0,0,0,0,0,0,0,0,0,0,0
1966,134,6.4,27,0,0,0,0,0,0,0,0,0,0,0,0,0,0,1,0,0,0,0,0
1981,134,6.5,15,0,0,0,0,0,0,0,0,0,0,0,0,0,0,1,0,0,0,0,0
2010,134,5.5,35,0,0,0,1,0,0,0,0,0,0,0,0,0,0,0,0,0,0,0,0
1985,134,5.1,26,0,0,0,0,0,0,0,0,0,0,0,0,0,0,1,0,0,0,0,0
1982,149,6.0,20,0,0,0,0,0,0,1,0,0,0,0,0,0,0,0,0,0,0,0,0
2010,112,7.5,5232,0,0,0,1,0,0,0,0,0,0,0,0,0,0,0,0,0,0,0,0
1968,135,7.2,66,0,0,0,1,0,0,0,0,0,0,0,0,0,0,0,0,0,0,0,0
1994,134,2.7,11,0,0,0,1,0,0,0,0,0,0,0,0,0,0,0,0,0,0,0,0
1972,127,6.1,88,0,0,0,0,0,0,0,0,0,0,1,0,0,0,0,0,0,0,0,0
1935,153,5.4,5,0,0,0,0,0,0,0,0,0,0,0,0,0,0,0,0,0,0,1,0
1983,134,6.8,5,0,0,0,0,0,0,1,0,0,0,0,0,0,0,0,0,0,0,0,0
1979,134,5.9,15,0,0,0,0,0,0,1,0,0,0,0,0,0,0,0,0,0,0,0,0
1975,135,6.1,100,0,0,0,1,0,0,0,0,0,0,0,0,0,0,0,0,0,0,0,0
1975,134,5.8,9,0,0,0,0,0,0,0,0,0,0,0,0,0,0,1,0,0,0,0,0
1968,160,6.5,71,0,0,0,0,0,0,1,0,0,0,0,0,0,0,0,0,0,0,0,0
1948,134,6.9,8,0,0,0,0,0,0,0,0,0,0,0,0,0,0,0,0,0,0,1,0
2009,126,3.6,1130,0,0,0,1,0,0,0,0,0,0,0,0,0,0,0,0,0,0,0,0
1979,134,6.0,111,0,0,0,1,0,0,0,0,0,0,0,0,0,0,0,0,0,0,0,0
2016,128,6.5,1411,0,0,0,0,0,0,0,0,0,0,0,0,0,0,0,0,0,0,0,0
1991,134,3.2,32,0,0,0,0,0,0,0,0,0,0,0,0,0,0,0,0,0,0,0,0
1978,147,7.1,22,0,0,0,0,0,0,1,0,0,0,0,0,0,0,0,0,0,0,0,0
1974,136,7.2,5,0,0,0,0,1,0,0,0,0,0,0,0,0,0,0,0,0,0,0,0
1998,139,3.8,24,0,0,0,0,0,0,0,0,0,0,0,0,0,0,0,0,0,0,0,0
2009,134,6.4,172,0,0,0,0,0,0,1,0,0,0,0,0,0,0,0,0,0,0,0,0
1958,161,6.0,7,0,0,0,0,0,0,1,0,0,0,0,0,0,0,0,0,0,0,0,0
1974,140,6.7,59,0,0,0,0,0,0,0,0,0,0,0,0,0,0,0,0,0,0,0,0
1980,135,5.7,54,0,0,0,0,0,0,0,0,0,0,0,0,0,0,0,0,0,0,0,0
1989,158,4.4,104,0,0,0,0,0,0,0,0,0,0,0,0,0,0,0,0,0,0,0,0
1969,165,7.0,273,0,0,0,0,0,0,1,0,0,0,0,0,0,0,0,0,0,0,0,0
1971,130,6.3,9,0,0,0,0,0,0,1,0,0,0,0,0,0,0,0,0,0,0,0,0
1997,134,4.4,16,0,0,0,0,0,0,0,0,0,0,0,0,0,0,0,0,0,0,0,0
1957,134,5.9,7,0,0,0,0,0,0,0,0,0,0,0,0,0,0,0,0,0,0,0,0
1979,134,6.3,18,0,0,0,0,0,0,0,0,0,0,0,0,0,0,0,0,0,0,0,0
1977,145,3.3,6,0,0,0,0,0,0,0,0,0,0,0,0,0,0,0,0,0,0,0,0
1951,134,7.7,9,0,0,0,0,0,0,1,0,0,0,0,0,0,0,0,0,0,0,0,0
1975,134,6.3,7,0,0,0,0,0,0,0,0,0,0,0,0,0,0,0,0,0,0,0,0
1959,139,7.1,69,0,0,0,0,0,0,0,0,0,0,0,0,0,0,0,0,0,0,0,0
1982,134,4.6,7,0,0,0,0,0,0,0,0,0,0,0,0,0,0,0,0,0,0,0,0
1988,110,6.4,24,0,0,0,0,0,0,0,0,0,0,0,0,0,0,0,0,0,0,0,0
1972,134,4.9,8,0,0,0,0,0,0,0,0,0,0,0,0,0,0,0,0,0,0,0,0
2014,90,7.1,29,0,0,0,0,0,0,0,0,0,0,0,0,0,0,0,0,0,1,0,0
2018,66,6.9,59,0,0,0,0,0,0,1,0,0,0,0,0,0,0,0,0,0,0,0,0
2017,106,3.7,325,0,0,0,0,0,0,0,0,0,0,1,0,0,0,0,0,0,0,0,0
2004,135,3.2,129,0,0,0,0,0,0,0,0,0,0,0,0,1,0,0,0,0,0,0,0
1940,144,6.5,6,0,0,0,0,0,0,1,0,0,0,0,0,0,0,0,0,0,0,0,0
2021,134,7.9,65,0,0,0,0,0,0,0,0,0,0,0,0,0,0,0,0,0,1,0,0
1969,156,7.2,59,0,0,0,0,0,0,1,0,0,0,0,0,0,0,0,0,0,0,0,0
1998,170,6.4,505,0,0,0,0,0,0,1,0,0,0,0,0,0,0,0,0,0,0,0,0
2015,98,4.5,2880,0,0,0,1,0,0,0,0,0,0,0,0,0,0,0,0,0,0,0,0
2019,126,5.4,4755,0,0,0,1,0,0,0,0,0,0,0,0,0,0,0,0,0,0,0,0
2019,129,4.9,46,0,0,0,0,0,0,1,0,0,0,0,0,0,0,0,0,0,0,0,0
2006,171,7.2,35121,0,0,0,0,0,0,0,0,0,0,0,0,0,0,0,0,0,0,0,0
1978,166,7.8,11591,0,0,0,0,0,0,0,0,0,0,0,0,0,0,0,0,0,0,0,0
2011,148,7.1,50435,0,0,0,0,0,0,0,0,0,0,0,0,0,0,0,0,0,0,0,0
2008,112,4.7,60,0,0,0,1,0,0,0,0,0,0,0,0,0,0,0,0,0,0,0,0
2016,139,3.9,155,0,0,0,0,0,0,0,0,0,0,0,0,0,0,0,0,0,0,0,0
2006,83,6.7,17,1,0,0,0,0,0,0,0,0,0,0,0,0,0,0,0,0,0,0,0
1990,168,4.6,118,0,0,0,0,0,0,0,0,0,0,0,0,0,0,0,0,0,0,0,0
1964,134,5.0,8,0,0,0,0,0,0,1,0,0,0,0,0,0,0,0,0,0,0,0,0
2017,99,4.0,7,0,0,0,0,0,0,1,0,0,0,0,0,0,0,0,0,0,0,0,0
1964,153,8.2,53,0,0,0,0,0,0,1,0,0,0,0,0,0,0,0,0,0,0,0,0
1971,138,7.7,47,0,0,0,0,0,0,1,0,0,0,0,0,0,0,0,0,0,0,0,0
1964,135,6.0,33,0,0,0,0,0,0,0,0,0,0,0,0,0,0,1,0,0,0,0,0
2020,119,6.2,1336,0,0,0,1,0,0,0,0,0,0,0,0,0,0,0,0,0,0,0,0
1979,134,6.1,18,0,0,0,0,0,0,1,0,0,0,0,0,0,0,0,0,0,0,0,0
1977,137,7.0,168,0,0,0,0,0,0,1,0,0,0,0,0,0,0,0,0,0,0,0,0
1983,153,6.9,15,0,0,0,0,0,0,1,0,0,0,0,0,0,0,0,0,0,0,0,0
1974,134,6.2,8,0,0,0,0,0,0,1,0,0,0,0,0,0,0,0,0,0,0,0,0
2006,147,7.9,5785,0,0,0,0,0,0,1,0,0,0,0,0,0,0,0,0,0,0,0,0
2007,141,5.3,13,0,0,0,0,1,0,0,0,0,0,0,0,0,0,0,0,0,0,0,0
1944,134,6.0,6,0,0,0,0,0,0,1,0,0,0,0,0,0,0,0,0,0,0,0,0
1974,164,7.0,222,0,0,0,0,0,0,1,0,0,0,0,0,0,0,0,0,0,0,0,0
1989,162,5.2,36,0,0,0,0,0,0,0,0,0,0,0,0,0,0,0,0,0,0,0,0
1989,134,4.3,30,0,0,0,0,0,0,0,0,0,0,0,0,0,0,0,0,0,0,0,0
1964,163,8.4,1552,0,0,0,0,0,0,1,0,0,0,0,0,0,0,0,0,0,0,0,0
1946,134,7.1,10,0,0,0,0,0,0,0,0,0,0,0,0,0,0,0,0,0,0,1,0
1986,152,5.7,71,0,0,0,0,0,0,0,0,0,0,0,0,0,0,0,0,0,0,0,0
2019,130,3.3,46,0,0,0,0,0,0,1,0,0,0,0,0,0,0,0,0,0,0,0,0
1993,134,3.3,6,0,0,0,0,0,0,0,0,0,0,0,0,0,0,0,0,0,0,0,0
2005,136,5.5,2462,0,0,0,0,0,0,1,0,0,0,0,0,0,0,0,0,0,0,0,0
2011,134,5.8,21,0,0,0,0,0,0,0,0,0,0,0,0,0,0,0,0,0,0,0,0
1972,134,4.9,24,0,0,0,0,0,0,0,0,0,0,0,0,0,0,0,0,0,0,0,0
2005,104,4.2,44,0,0,0,1,0,0,0,0,0,0,0,0,0,0,0,0,0,0,0,0
2011,138,3.8,3642,0,0,0,1,0,0,0,0,0,0,0,0,0,0,0,0,0,0,0,0
2018,102,8.2,37,0,0,0,0,0,0,0,0,0,0,0,0,0,0,0,0,0,1,0,0
2015,92,7.0,62,0,0,0,0,0,0,1,0,0,0,0,0,0,0,0,0,0,0,0,0
2014,101,6.0,2860,0,0,0,1,0,0,0,0,0,0,0,0,0,0,0,0,0,0,0,0
1947,124,6.8,77,0,0,1,0,0,0,0,0,0,0,0,0,0,0,0,0,0,0,0,0
1962,134,6.5,20,0,0,0,0,0,0,1,0,0,0,0,0,0,0,0,0,0,0,0,0
1999,92,3.8,18,0,0,0,0,0,0,0,0,0,0,1,0,0,0,0,0,0,0,0,0
2013,137,1.9,128,0,0,0,0,0,0,0,0,0,0,1,0,0,0,0,0,0,0,0,0
1931,124,5.3,6,0,0,0,0,0,0,1,0,0,0,0,0,0,0,0,0,0,0,0,0
2014,83,8.1,8,0,0,0,0,0,1,0,0,0,0,0,0,0,0,0,0,0,0,0,0
1977,134,5.9,186,0,0,0,0,0,0,0,0,0,0,0,0,0,0,1,0,0,0,0,0
2019,132,7.0,12276,0,0,0,1,0,0,0,0,0,0,0,0,0,0,0,0,0,0,0,0
2009,110,6.2,12,0,0,0,0,0,0,1,0,0,0,0,0,0,0,0,0,0,0,0,0
2013,120,5.2,15,0,0,0,0,0,0,1,0,0,0,0,0,0,0,0,0,0,0,0,0
1990,171,7.1,84,0,0,0,0,0,0,1,0,0,0,0,0,0,0,0,0,0,0,0,0
2015,163,8.2,74326,0,0,0,0,1,0,0,0,0,0,0,0,0,0,0,0,0,0,0,0
2019,147,3.5,6418,0,0,0,0,0,0,0,0,0,0,0,0,0,0,0,0,0,0,0,0
1994,162,7.6,390,0,0,0,0,0,0,1,0,0,0,0,0,0,0,0,0,0,0,0,0
1992,130,5.9,135,0,0,0,0,0,0,0,0,0,0,0,0,0,0,0,0,0,0,0,0
2011,60,7.3,22,0,0,0,0,0,1,0,0,0,0,0,0,0,0,0,0,0,0,0,0
2005,134,7.0,46,0,0,0,1,0,0,0,0,0,0,0,0,0,0,0,0,0,0,0,0
2003,130,4.6,850,0,0,0,1,0,0,0,0,0,0,0,0,0,0,0,0,0,0,0,0
1994,156,6.5,276,0,0,0,0,0,0,0,0,0,0,0,0,1,0,0,0,0,0,0,0
1943,120,5.0,7,0,0,0,0,0,0,0,0,0,0,0,0,0,0,0,0,0,0,1,0
2004,134,3.7,11,0,0,0,0,0,0,1,0,0,0,0,0,0,0,0,0,0,0,0,0
1994,134,4.6,262,0,0,0,1,0,0,0,0,0,0,0,0,0,0,0,0,0,0,0,0
2015,160,5.2,13,0,0,0,0,0,0,1,0,0,0,0,0,0,0,0,0,0,0,0,0
1949,133,6.5,31,0,0,0,0,0,0,0,0,0,0,0,0,1,0,0,0,0,0,0,0
1982,134,5.8,25,0,0,0,0,0,0,0,1,0,0,0,0,0,0,0,0,0,0,0,0
1964,141,7.1,90,0,0,0,1,0,0,0,0,0,0,0,0,0,0,0,0,0,0,0,0
2010,152,4.2,2487,0,0,0,1,0,0,0,0,0,0,0,0,0,0,0,0,0,0,0,0
1974,134,6.7,31,0,0,0,0,0,0,1,0,0,0,0,0,0,0,0,0,0,0,0,0
1958,134,6.2,5,0,0,0,0,0,0,1,0,0,0,0,0,0,0,0,0,0,0,0,0
1999,134,5.7,35,0,0,0,0,0,0,0,0,0,0,0,0,0,0,0,0,0,0,0,0
2016,159,5.1,19,0,0,0,0,0,0,0,0,0,0,0,0,0,0,0,0,0,0,0,0
1967,170,6.7,40,0,0,0,0,1,0,0,0,0,0,0,0,0,0,0,0,0,0,0,0
2000,158,5.1,3238,0,0,0,1,0,0,0,0,0,0,0,0,0,0,0,0,0,0,0,0
1977,165,7.9,62,0,0,0,0,0,0,0,0,0,0,0,0,1,0,0,0,0,0,0,0
1998,143,6.6,2610,0,0,0,1,0,0,0,0,0,0,0,0,0,0,0,0,0,0,0,0
2003,166,5.6,1597,0,0,0,0,0,0,0,0,0,0,0,0,0,0,0,0,0,0,0,0
2016,109,7.3,28,0,0,0,0,0,0,1,0,0,0,0,0,0,0,0,0,0,0,0,0
2015,110,7.5,18540,0,0,0,1,0,0,0,0,0,0,0,0,0,0,0,0,0,0,0,0
2011,128,6.2,3860,0,0,0,0,0,0,0,0,0,0,0,0,0,0,0,0,0,0,0,0
2000,134,5.1,8,0,0,0,0,0,0,0,0,0,0,0,0,0,0,0,0,0,0,0,0
2007,134,4.8,13,0,1,0,0,0,0,0,0,0,0,0,0,0,0,0,0,0,0,0,0
1968,134,7.1,61,0,0,0,0,1,0,0,0,0,0,0,0,0,0,0,0,0,0,0,0
1984,169,7.0,192,0,0,0,0,0,0,0,0,0,0,0,0,0,0,0,0,0,0,0,0
1960,134,4.3,7,0,0,0,0,0,0,1,0,0,0,0,0,0,0,0,0,0,0,0,0
1974,134,5.2,6,0,0,0,0,0,0,1,0,0,0,0,0,0,0,0,0,0,0,0,0
1979,139,7.0,78,0,0,0,0,0,0,0,0,0,0,0,0,0,0,0,0,0,0,0,0
1937,166,6.9,31,0,0,0,0,0,0,1,0,0,0,0,0,0,0,0,0,0,0,0,0
1959,134,5.2,13,0,0,0,0,0,0,1,0,0,0,0,0,0,0,0,0,0,0,0,0
1957,134,5.4,5,0,0,0,1,0,0,0,0,0,0,0,0,0,0,0,0,0,0,0,0
1977,134,5.9,7,0,0,0,0,0,0,1,0,0,0,0,0,0,0,0,0,0,0,0,0
2015,95,6.3,33,0,0,0,0,0,0,1,0,0,0,0,0,0,0,0,0,0,0,0,0
2010,137,3.7,143,0,0,0,0,0,0,1,0,0,0,0,0,0,0,0,0,0,0,0,0
1998,164,5.6,7174,0,0,0,0,0,0,0,0,0,0,0,0,0,0,0,0,0,0,0,0
2002,147,6.5,50,0,0,0,1,0,0,0,0,0,0,0,0,0,0,0,0,0,0,0,0
1973,134,6.2,5,0,0,0,0,0,0,1,0,0,0,0,0,0,0,0,0,0,0,0,0
1983,143,6.2,33,0,0,0,0,0,0,0,0,0,0,0,0,0,0,0,0,0,0,0,0
2002,116,4.6,17,0,0,0,0,0,0,1,0,0,0,0,0,0,0,0,0,0,0,0,0
1985,134,6.3,21,0,0,0,0,0,0,0,0,0,0,0,0,0,0,0,0,0,0,0,0
1986,134,6.7,7,0,0,0,0,0,0,1,0,0,0,0,0,0,0,0,0,0,0,0,0
2020,155,3.8,4976,0,0,0,0,0,0,0,0,0,0,1,0,0,0,0,0,0,0,0,0
1956,134,6.5,8,0,0,0,0,0,0,0,0,1,0,0,0,0,0,0,0,0,0,0,0
1997,134,9.1,44,0,0,0,0,0,0,0,0,0,0,0,0,0,0,0,0,0,0,0,0
2007,110,5.7,1556,0,0,0,0,0,0,1,0,0,0,0,0,0,0,0,0,0,0,0,0
1966,162,6.6,44,0,0,0,1,0,0,0,0,0,0,0,0,0,0,0,0,0,0,0,0
1976,155,5.6,104,0,0,0,0,0,0,0,0,0,0,0,0,0,0,0,0,0,0,0,0
2010,120,6.9,301,0,0,0,1,0,0,0,0,0,0,0,0,0,0,0,0,0,0,0,0
1998,145,6.9,1841,0,0,0,0,1,0,0,0,0,0,0,0,0,0,0,0,0,0,0,0
1990,146,5.4,38,0,0,0,0,0,0,0,0,0,0,0,0,0,0,0,0,0,0,0,0
1938,144,6.8,8,0,0,0,0,0,0,0,0,0,0,0,0,0,0,0,0,0,0,1,0
1957,138,7.1,17,0,0,0,0,0,0,1,0,0,0,0,0,0,0,0,0,0,0,0,0
1991,134,4.0,22,0,0,0,0,0,0,0,0,0,0,0,0,0,0,0,0,0,0,0,0
1981,134,7.1,8,1,0,0,0,0,0,0,0,0,0,0,0,0,0,0,0,0,0,0,0
1996,153,4.0,652,0,0,0,0,0,0,1,0,0,0,0,0,0,0,0,0,0,0,0,0
1992,129,5.0,25,0,0,0,0,0,0,0,0,0,0,0,0,0,0,0,0,0,0,0,0
2002,134,6.6,23,0,0,0,0,0,0,0,0,0,0,0,0,0,0,0,0,0,0,0,0
1995,156,4.9,213,0,0,0,0,0,0,0,0,0,0,0,0,0,0,0,0,0,0,0,0
1984,134,6.0,9,0,0,0,0,1,0,0,0,0,0,0,0,0,0,0,0,0,0,0,0
1971,177,7.1,200,0,0,0,0,0,0,1,0,0,0,0,0,0,0,0,0,0,0,0,0
1986,134,4.4,15,0,0,0,0,0,0,0,0,0,0,0,0,0,0,0,0,0,0,0,0
1973,82,7.0,577,0,0,0,0,0,0,1,0,0,0,0,0,0,0,0,0,0,0,0,0
2009,51,6.1,15,0,0,0,0,1,0,0,0,0,0,0,0,0,0,0,0,0,0,0,0
2019,134,8.4,8,0,0,0,0,0,1,0,0,0,0,0,0,0,0,0,0,0,0,0,0
1998,110,7.7,7523,0,0,0,0,0,0,1,0,0,0,0,0,0,0,0,0,0,0,0,0
2014,125,4.3,27,0,0,0,0,0,0,0,0,0,0,0,0,0,0,0,1,0,0,0,0
2012,105,7.4,199,0,0,0,0,1,0,0,0,0,0,0,0,0,0,0,0,0,0,0,0
2001,138,4.5,126,0,0,0,1,0,0,0,0,0,0,0,0,0,0,0,0,0,0,0,0
2019,98,7.4,1247,0,0,0,1,0,0,0,0,0,0,0,0,0,0,0,0,0,0,0,0
1994,133,4.7,325,0,0,0,0,0,0,0,0,0,0,0,0,0,0,0,0,0,0,0,0
1982,134,3.0,7,0,0,0,0,0,0,0,0,0,0,0,0,0,0,0,0,0,0,0,0
1989,147,7.2,455,0,0,0,0,0,0,1,0,0,0,0,0,0,0,0,0,0,0,0,0
2001,116,5.6,95,0,0,0,0,0,0,1,0,0,0,0,0,0,0,0,0,0,0,0,0
1970,134,5.8,11,0,0,0,0,0,0,0,0,0,0,0,0,0,0,1,0,0,0,0,0
2006,134,4.6,38,0,0,0,0,0,0,0,0,0,0,1,0,0,0,0,0,0,0,0,0
2019,111,6.8,556,0,1,0,0,0,0,0,0,0,0,0,0,0,0,0,0,0,0,0,0
1946,141,6.5,8,0,0,0,1,0,0,0,0,0,0,0,0,0,0,0,0,0,0,0,0
2007,134,5.0,8,0,0,0,0,1,0,0,0,0,0,0,0,0,0,0,0,0,0,0,0
2010,134,3.5,8,0,0,0,1,0,0,0,0,0,0,0,0,0,0,0,0,0,0,0,0
2018,123,7.8,10,0,0,0,0,0,0,1,0,0,0,0,0,0,0,0,0,0,0,0,0
1987,134,6.6,16,0,0,0,0,0,0,0,0,0,0,0,0,0,0,0,0,0,0,0,0
1972,115,7.7,10,0,0,0,0,0,0,1,0,0,0,0,0,0,0,0,0,0,0,0,0
2005,142,5.2,1601,0,0,0,0,0,0,0,0,0,0,0,0,0,0,0,0,0,0,0,0
2000,71,5.7,16,0,0,0,0,0,0,0,1,0,0,0,0,0,0,0,0,0,0,0,0
2003,120,6.7,46,0,0,0,0,0,0,1,0,0,0,0,0,0,0,0,0,0,0,0,0
1996,134,4.5,11,0,0,0,0,0,0,0,0,0,0,0,0,0,0,0,0,0,0,0,0
1981,153,6.3,47,0,0,0,0,0,0,0,0,0,0,0,0,0,0,0,0,0,0,0,0
2001,134,5.2,8,0,0,0,0,0,0,0,0,0,0,0,0,0,0,0,0,0,0,0,0
1986,139,6.6,18,0,0,0,0,0,0,0,0,0,0,0,0,0,0,0,0,0,0,0,0
2002,134,3.5,6,0,0,0,0,1,0,0,0,0,0,0,0,0,0,0,0,0,0,0,0
1978,132,5.5,8,0,0,0,1,0,0,0,0,0,0,0,0,0,0,0,0,0,0,0,0
1983,137,6.7,13,0,0,0,0,0,0,1,0,0,0,0,0,0,0,0,0,0,0,0,0
1980,142,7.0,41,0,0,0,0,0,0,1,0,0,0,0,0,0,0,0,0,0,0,0,0
1980,147,6.3,30,0,0,0,0,0,0,1,0,0,0,0,0,0,0,0,0,0,0,0,0
1972,134,6.1,19,0,0,0,0,0,0,1,0,0,0,0,0,0,0,0,0,0,0,0,0
2020,100,8.5,6,0,0,0,0,0,0,1,0,0,0,0,0,0,0,0,0,0,0,0,0
1972,109,4.7,17,0,0,0,0,0,0,0,0,0,0,0,0,0,0,0,0,0,0,0,0
1986,133,7.1,124,0,0,0,0,0,0,1,0,0,0,0,0,0,0,0,0,0,0,0,0
2007,143,7.3,4874,1,0,0,0,0,0,0,0,0,0,0,0,0,0,0,0,0,0,0,0
2002,122,2.9,554,0,0,0,0,0,0,1,0,0,0,0,0,0,0,0,0,0,0,0,0
1985,139,6.6,14,0,0,0,0,0,0,1,0,0,0,0,0,0,0,0,0,0,0,0,0
1987,134,5.3,10,0,0,0,0,0,0,1,0,0,0,0,0,0,0,0,0,0,0,0,0
1985,133,3.8,5,0,0,0,0,0,0,0,0,0,0,0,0,0,0,0,0,0,0,0,0
1963,146,6.4,52,0,0,0,1,0,0,0,0,0,0,0,0,0,0,0,0,0,0,0,0
2003,95,3.9,78,0,0,0,0,0,0,0,0,0,0,0,0,0,0,0,0,0,1,0,0
1989,105,7.1,257,0,0,0,0,0,0,1,0,0,0,0,0,0,0,0,0,0,0,0,0
1983,134,5.4,11,0,0,0,0,0,0,1,0,0,0,0,0,0,0,0,0,0,0,0,0
1945,134,3.8,5,0,0,0,0,0,0,1,0,0,0,0,0,0,0,0,0,0,0,0,0
2011,134,4.9,17,0,0,0,0,0,0,1,0,0,0,0,0,0,0,0,0,0,0,0,0
1980,134,6.2,21,0,0,0,0,0,0,0,0,0,0,0,0,0,0,0,0,0,0,0,0
1990,122,8.3,1330,0,0,1,0,0,0,0,0,0,0,0,0,0,0,0,0,0,0,0,0
1981,167,7.5,1081,0,0,0,0,0,0,1,0,0,0,0,0,0,0,0,0,0,0,0,0
1957,137,6.4,14,0,0,0,0,0,0,1,0,0,0,0,0,0,0,0,0,0,0,0,0
1991,100,7.2,78,0,0,0,0,0,0,1,0,0,0,0,0,0,0,0,0,0,0,0,0
1987,134,6.9,8,0,0,0,0,0,1,0,0,0,0,0,0,0,0,0,0,0,0,0,0
1980,134,4.6,8,0,0,0,0,0,0,0,0,0,0,0,0,0,0,0,0,0,0,0,0
2017,105,2.5,104,0,0,0,0,0,0,1,0,0,0,0,0,0,0,0,0,0,0,0,0
1972,140,5.4,18,0,0,0,1,0,0,0,0,0,0,0,0,0,0,0,0,0,0,0,0
2004,120,7.5,6992,0,0,0,0,1,0,0,0,0,0,0,0,0,0,0,0,0,0,0,0
1981,144,5.8,136,0,0,0,0,0,0,1,0,0,0,0,0,0,0,0,0,0,0,0,0
1988,134,4.9,16,0,0,0,0,0,0,0,0,0,0,0,0,0,0,0,0,0,0,0,0
1977,134,6.2,25,0,0,0,0,0,0,1,0,0,0,0,0,0,0,0,0,0,0,0,0
1993,130,3.4,186,0,0,0,0,0,0,0,0,0,0,0,0,0,0,0,0,0,0,0,0
2003,134,5.8,39,0,0,0,0,0,0,0,0,0,0,0,0,0,0,0,0,0,0,0,0
1992,145,7.0,106,0,0,0,1,0,0,0,0,0,0,0,0,0,0,0,0,0,0,0,0
1983,151,6.5,51,0,0,0,0,0,0,0,1,0,0,0,0,0,0,0,0,0,0,0,0
1957,134,7.4,5,0,0,0,0,0,0,1,0,0,0,0,0,0,0,0,0,0,0,0,0
1982,134,3.4,12,0,0,0,0,0,0,0,0,0,0,0,0,0,0,0,0,0,0,0,0
1968,120,6.3,10,0,0,0,0,0,0,1,0,0,0,0,0,0,0,0,0,0,0,0,0
1960,134,6.5,20,0,0,0,0,0,0,1,0,0,0,0,0,0,0,0,0,0,0,0,0
2005,143,5.7,595,0,0,0,1,0,0,0,0,0,0,0,0,0,0,0,0,0,0,0,0
1972,134,6.3,7,0,0,0,0,0,0,0,0,0,0,0,0,0,0,0,0,0,0,0,0
2007,126,6.5,43,0,0,0,0,0,0,0,0,0,0,0,0,0,0,0,0,0,0,0,0
1973,134,6.1,14,1,0,0,0,0,0,0,0,0,0,0,0,0,0,0,0,0,0,0,0
1992,162,5.7,1073,0,0,0,1,0,0,0,0,0,0,0,0,0,0,0,0,0,0,0,0
2019,120,5.5,3934,0,0,0,1,0,0,0,0,0,0,0,0,0,0,0,0,0,0,0,0
2001,134,6.1,9,0,0,0,0,0,0,0,0,0,0,0,0,0,0,0,0,0,0,0,0
1975,134,7.0,65,0,0,0,0,0,0,1,0,0,0,0,0,0,0,0,0,0,0,0,0
1986,138,6.9,17,0,0,0,0,0,0,0,0,0,0,0,0,0,0,1,0,0,0,0,0
2012,110,5.7,6485,0,0,0,1,0,0,0,0,0,0,0,0,0,0,0,0,0,0,0,0
1962,134,6.7,49,0,0,0,0,0,0,0,0,0,0,0,0,0,0,0,0,0,0,0,0
1973,134,6.7,12,0,0,0,0,0,0,1,0,0,0,0,0,0,0,0,0,0,0,0,0
1984,134,6.7,55,0,0,0,0,0,0,1,0,0,0,0,0,0,0,0,0,0,0,0,0
1970,136,6.1,10,0,0,0,0,0,0,1,0,0,0,0,0,0,0,0,0,0,0,0,0
1973,134,5.7,7,0,0,0,0,0,0,1,0,0,0,0,0,0,0,0,0,0,0,0,0
1971,134,6.3,27,0,0,0,1,0,0,0,0,0,0,0,0,0,0,0,0,0,0,0,0
1984,134,8.6,9,0,0,0,0,0,0,1,0,0,0,0,0,0,0,0,0,0,0,0,0
1988,134,6.7,20,0,0,0,0,0,0,0,1,0,0,0,0,0,0,0,0,0,0,0,0
1972,134,6.0,95,0,0,0,0,0,0,1,0,0,0,0,0,0,0,0,0,0,0,0,0
1990,180,4.0,7,0,0,0,0,0,0,0,0,0,0,0,0,0,0,0,0,0,0,0,0
1971,131,6.8,63,0,0,0,0,0,0,1,0,0,0,0,0,0,0,0,0,0,0,0,0
2015,145,3.7,1700,0,0,0,0,0,0,0,0,0,0,0,0,0,1,0,0,0,0,0,0
1986,135,6.9,43,0,0,0,0,0,0,1,0,0,0,0,0,0,0,0,0,0,0,0,0
1960,136,6.8,46,0,0,0,1,0,0,0,0,0,0,0,0,0,0,0,0,0,0,0,0
1969,150,6.6,207,0,0,0,0,0,0,1,0,0,0,0,0,0,0,0,0,0,0,0,0
1968,134,6.2,6,0,0,0,0,0,0,1,0,0,0,0,0,0,0,0,0,0,0,0,0
1997,134,5.9,16,0,0,0,1,0,0,0,0,0,0,0,0,0,0,0,0,0,0,0,0
1968,155,5.8,6,0,0,0,0,0,0,0,0,0,0,0,0,0,0,0,0,0,0,0,0
2004,134,2.7,15,0,0,0,0,0,0,0,0,0,0,1,0,0,0,0,0,0,0,0,0
1963,132,6.8,30,0,0,0,1,0,0,0,0,0,0,0,0,0,0,0,0,0,0,0,0
2013,134,6.1,8,0,0,1,0,0,0,0,0,0,0,0,0,0,0,0,0,0,0,0,0
1957,134,7.3,37,0,0,0,0,0,0,1,0,0,0,0,0,0,0,0,0,0,0,0,0
2020,45,8.2,17,0,0,0,0,0,0,0,0,0,0,0,0,0,0,0,0,0,0,0,0
1965,125,4.9,22,0,0,0,0,0,0,0,0,0,0,0,0,0,0,0,0,0,0,0,0
1985,134,5.1,9,0,0,0,0,0,0,1,0,0,0,0,0,0,0,0,0,0,0,0,0
1976,158,7.0,44,0,0,0,0,0,0,0,0,0,0,0,0,0,0,0,0,0,0,0,0
2004,146,4.4,155,0,0,0,1,0,0,0,0,0,0,0,0,0,0,0,0,0,0,0,0
1985,134,5.9,22,0,0,0,0,0,0,0,0,0,0,0,0,0,0,0,0,0,0,0,0
2009,180,4.3,62,0,0,0,0,0,0,0,0,0,0,0,0,0,0,0,0,0,0,0,0
2006,134,4.5,15,0,0,0,0,0,0,0,0,0,0,0,0,0,0,1,0,0,0,0,0
2010,134,3.2,47,0,0,0,0,0,0,1,0,0,0,0,0,0,0,0,0,0,0,0,0
1956,134,4.4,9,0,0,0,1,0,0,0,0,0,0,0,0,0,0,0,0,0,0,0,0
1969,140,6.6,47,0,0,0,0,0,0,1,0,0,0,0,0,0,0,0,0,0,0,0,0
2000,115,5.7,15,0,0,0,0,0,0,1,0,0,0,0,0,0,0,0,0,0,0,0,0
2015,73,6.9,8,0,0,0,0,0,0,1,0,0,0,0,0,0,0,0,0,0,0,0,0
2018,120,4.0,5,0,0,0,0,0,0,1,0,0,0,0,0,0,0,0,0,0,0,0,0
1996,150,3.9,115,0,0,0,0,0,0,0,0,0,0,0,0,0,0,0,0,0,0,0,0
2012,132,5.5,31627,0,0,0,0,0,0,0,0,0,0,0,0,0,0,0,0,0,0,0,0
2013,135,5.7,4006,0,0,0,0,0,0,0,0,0,0,1,0,0,0,0,0,0,0,0,0
1949,164,6.9,18,0,0,0,0,0,0,1,0,0,0,0,0,0,0,0,0,0,0,0,0
2009,120,4.4,15,0,0,0,0,0,0,1,0,0,0,0,0,0,0,0,0,0,0,0,0
2008,132,5.2,448,0,0,0,0,0,0,1,0,0,0,0,0,0,0,0,0,0,0,0,0
2009,140,4.7,327,0,0,0,0,0,0,0,0,0,0,0,0,0,0,0,0,0,0,0,0
1956,151,6.9,52,0,0,0,0,0,0,1,0,0,0,0,0,0,0,0,0,0,0,0,0
2012,136,5.9,2973,0,0,0,0,0,0,1,0,0,0,0,0,0,0,0,0,0,0,0,0
1994,134,4.8,76,0,0,0,0,0,0,0,0,0,0,0,0,0,0,0,0,0,0,0,0
2018,97,5.7,394,0,0,0,0,0,0,1,0,0,0,0,0,0,0,0,0,0,0,0,0
2014,140,6.0,502,0,0,0,1,0,0,0,0,0,0,0,0,0,0,0,0,0,0,0,0
2007,105,6.1,3191,0,0,0,0,0,0,0,0,0,0,0,0,0,0,0,0,0,0,0,0
2019,94,5.8,21,0,0,0,0,0,0,1,0,0,0,0,0,0,0,0,0,0,0,0,0
2019,99,8.0,36,0,0,0,0,0,0,0,0,0,0,1,0,0,0,0,0,0,0,0,0
1994,146,5.3,854,0,0,0,0,0,0,0,0,0,0,0,0,0,0,0,0,0,0,0,0
1971,144,6.0,49,0,0,0,0,0,0,0,0,0,0,0,0,0,0,0,0,0,0,0,0
2005,159,4.4,698,0,0,0,0,0,0,0,0,0,0,0,0,0,0,0,0,0,0,0,0
1947,133,6.2,12,0,0,0,0,0,0,1,0,0,0,0,0,0,0,0,0,0,0,0,0
2017,134,6.7,18,0,0,0,0,1,0,0,0,0,0,0,0,0,0,0,0,0,0,0,0
2008,180,4.2,582,0,0,0,1,0,0,0,0,0,0,0,0,0,0,0,0,0,0,0,0
1984,149,6.5,126,0,0,0,0,0,0,0,0,0,0,0,0,0,0,0,0,0,0,0,0
2005,145,5.7,40,0,0,0,0,0,0,0,0,0,0,0,0,0,0,0,0,0,0,0,0
2002,150,6.1,147,0,0,0,0,1,0,0,0,0,0,0,0,0,0,0,0,0,0,0,0
2013,134,4.9,225,0,0,0,0,0,0,0,0,0,0,0,0,0,0,0,0,0,0,0,0
2020,137,6.1,11,0,0,0,1,0,0,0,0,0,0,0,0,0,0,0,0,0,0,0,0
2012,134,7.8,34289,0,0,0,1,0,0,0,0,0,0,0,0,0,0,0,0,0,0,0,0
1991,134,3.6,9,0,0,0,0,0,0,0,0,0,0,0,0,0,0,0,0,0,0,1,0
2003,133,4.3,164,1,0,0,0,0,0,0,0,0,0,0,0,0,0,0,0,0,0,0,0
1974,134,6.1,15,0,0,0,0,0,0,0,0,0,0,0,0,0,0,0,0,0,0,0,0
2001,134,5.1,20,0,0,0,0,0,0,0,0,0,0,0,0,0,0,0,0,0,0,0,0
2007,170,6.2,58,0,0,0,0,0,0,0,0,0,0,0,0,0,0,0,0,0,0,0,0
2018,102,7.1,472,0,0,0,0,0,0,1,0,0,0,0,0,0,0,0,0,0,0,0,0
2001,103,5.9,323,0,0,0,0,0,0,1,0,0,0,0,0,0,0,0,0,0,0,0,0
2020,90,4.7,2958,0,0,0,0,0,0,0,0,0,0,1,0,0,0,0,0,0,0,0,0
2015,134,7.3,7,0,0,0,0,0,0,1,0,0,0,0,0,0,0,0,0,0,0,0,0
2015,144,3.4,9,0,0,0,0,0,0,1,0,0,0,0,0,0,0,0,0,0,0,0,0
2007,134,8.1,41,0,0,0,1,0,0,0,0,0,0,0,0,0,0,0,0,0,0,0,0
2011,120,4.6,2963,0,0,0,1,0,0,0,0,0,0,0,0,0,0,0,0,0,0,0,0
1985,146,4.5,64,0,0,0,0,0,0,1,0,0,0,0,0,0,0,0,0,0,0,0,0
2019,114,5.3,27,0,0,0,0,0,0,1,0,0,0,0,0,0,0,0,0,0,0,0,0
1988,134,5.8,11,0,0,0,0,0,0,0,0,0,0,0,0,0,0,0,0,0,0,0,0
1995,134,3.6,8,0,0,0,0,0,0,0,0,0,0,0,0,0,0,0,0,0,0,0,0
2013,115,7.3,158,0,0,0,0,0,1,0,0,0,0,0,0,0,0,0,0,0,0,0,0
1976,139,6.5,96,0,0,0,0,0,0,0,0,0,0,0,0,0,0,0,0,0,0,0,0
1988,166,6.0,45,0,0,0,0,0,0,0,0,0,0,0,0,0,0,0,0,0,0,0,0
2019,135,7.1,16,0,0,0,0,0,0,0,0,0,0,0,0,0,0,0,0,0,0,0,0
2019,127,8.4,427,0,0,0,0,0,0,0,0,0,0,0,0,0,0,0,0,0,0,0,0
2006,150,5.6,1866,0,0,0,0,0,0,0,0,0,0,0,0,0,0,0,0,0,0,0,0
2017,104,4.9,8,0,0,0,0,0,0,1,0,0,0,0,0,0,0,0,0,0,0,0,0
2016,142,7.0,43273,0,0,0,0,0,0,0,0,0,0,0,0,0,0,0,0,0,0,0,0
2006,168,7.2,31437,0,0,0,0,0,0,0,0,0,0,0,0,0,0,0,0,0,0,0,0
1975,136,6.9,314,0,0,0,0,0,0,0,0,0,0,0,0,0,0,0,0,0,0,0,0
1965,137,6.1,8,0,0,0,0,0,0,0,0,0,0,0,0,0,1,0,0,0,0,0,0
1983,131,4.5,14,0,0,0,0,0,0,0,0,0,0,0,0,0,0,0,0,0,0,0,0
1996,147,4.7,128,0,0,0,0,0,0,0,0,0,0,0,0,0,0,0,0,0,0,0,0
2005,129,4.1,174,0,0,0,0,0,0,1,0,0,0,0,0,0,0,0,0,0,0,0,0
1958,134,7.4,5,0,0,0,0,1,0,0,0,0,0,0,0,0,0,0,0,0,0,0,0
1968,134,6.6,7,0,0,0,0,0,0,0,0,1,0,0,0,0,0,0,0,0,0,0,0
1977,126,5.1,14,0,0,0,0,0,0,0,0,0,0,0,0,0,0,0,0,0,0,0,0
1991,134,4.8,243,0,0,0,0,0,0,0,0,0,0,0,0,0,0,0,0,0,0,0,0
1967,170,6.2,100,0,0,0,0,0,0,0,0,0,0,0,0,0,0,0,0,0,0,0,0
2001,134,4.3,417,0,0,0,0,0,0,0,0,0,0,0,0,0,0,0,0,0,0,0,0
1982,134,5.5,20,0,0,0,0,0,0,0,0,0,0,0,0,0,0,0,0,0,0,0,0
1989,139,4.3,37,0,0,0,0,0,0,1,0,0,0,0,0,0,0,0,0,0,0,0,0
1957,148,8.0,9,0,0,0,0,0,0,1,0,0,0,0,0,0,0,0,0,0,0,0,0
2008,167,6.9,11918,0,0,0,0,0,0,1,0,0,0,0,0,0,0,0,0,0,0,0,0
1959,134,5.4,5,0,0,0,0,0,0,1,0,0,0,0,0,0,0,0,0,0,0,0,0
2009,57,5.6,46,0,0,0,0,0,0,0,0,0,0,0,0,0,0,0,0,0,0,0,0
2019,119,4.6,119,0,0,0,0,0,0,1,0,0,0,0,0,0,0,0,0,0,0,0,0
1933,68,6.2,12,0,0,0,0,0,0,1,0,0,0,0,0,0,0,0,0,0,0,0,0
1943,113,6.6,14,0,0,0,0,0,0,1,0,0,0,0,0,0,0,0,0,0,0,0,0
1991,134,5.2,55,0,0,0,0,0,0,0,0,0,0,0,0,0,0,0,0,0,0,0,0
2012,98,5.7,432,0,0,0,1,0,0,0,0,0,0,0,0,0,0,0,0,0,0,0,0
2010,134,4.2,16,0,0,0,1,0,0,0,0,0,0,0,0,0,0,0,0,0,0,0,0
1995,134,4.5,13,0,0,0,0,0,0,0,0,0,0,0,0,0,0,0,0,0,0,0,0
2021,134,5.4,77,0,0,0,0,0,0,1,0,0,0,0,0,0,0,0,0,0,0,0,0
1963,145,6.2,19,0,0,0,0,0,0,0,0,0,0,0,0,0,0,0,0,0,0,0,0
2007,134,3.7,125,0,0,0,0,0,0,0,0,0,0,1,0,0,0,0,0,0,0,0,0
1994,62,7.6,7,0,0,0,0,0,1,0,0,0,0,0,0,0,0,0,0,0,0,0,0
2016,97,5.5,27,0,0,0,0,1,0,0,0,0,0,0,0,0,0,0,0,0,0,0,0
2012,140,6.4,5138,0,0,0,1,0,0,0,0,0,0,0,0,0,0,0,0,0,0,0,0
1954,128,5.8,28,0,0,0,0,0,0,1,0,0,0,0,0,0,0,0,0,0,0,0,0
2016,123,4.7,645,0,0,0,0,1,0,0,0,0,0,0,0,0,0,0,0,0,0,0,0
2004,122,5.5,2470,0,0,0,0,0,0,0,0,0,0,0,0,0,0,0,0,0,0,0,0
1981,136,6.1,41,0,0,0,0,0,0,0,0,0,0,0,0,0,0,0,0,0,0,0,0
2006,140,3.3,1403,0,0,0,0,0,0,0,0,0,0,0,0,0,0,0,0,0,0,0,0
2002,151,5.5,243,0,0,0,0,0,0,1,0,0,0,0,0,0,0,0,0,0,0,0,0
1983,133,5.8,23,0,0,0,1,0,0,0,0,0,0,0,0,0,0,0,0,0,0,0,0
2005,145,5.1,62,0,0,0,0,0,0,1,0,0,0,0,0,0,0,0,0,0,0,0,0
2012,117,7.3,3371,0,0,0,1,0,0,0,0,0,0,0,0,0,0,0,0,0,0,0,0
2019,80,6.9,9,0,0,0,0,0,0,1,0,0,0,0,0,0,0,0,0,0,0,0,0
2004,218,8.5,369,0,0,0,0,0,1,0,0,0,0,0,0,0,0,0,0,0,0,0,0
2014,102,5.7,6225,1,0,0,0,0,0,0,0,0,0,0,0,0,0,0,0,0,0,0,0
2008,101,7.4,2081,0,0,0,0,0,0,1,0,0,0,0,0,0,0,0,0,0,0,0,0
2017,158,4.4,1081,0,0,0,1,0,0,0,0,0,0,0,0,0,0,0,0,0,0,0,0
1996,104,7.2,5773,0,0,0,0,0,0,1,0,0,0,0,0,0,0,0,0,0,0,0,0
2013,87,7.7,685,0,0,0,0,0,1,0,0,0,0,0,0,0,0,0,0,0,0,0,0
2021,84,6.8,26,0,0,0,0,0,0,1,0,0,0,0,0,0,0,0,0,0,0,0,0
2010,87,4.4,261,0,0,0,0,0,0,0,0,0,0,1,0,0,0,0,0,0,0,0,0
2013,100,6.2,95,0,0,0,0,0,0,1,0,0,0,0,0,0,0,0,0,0,0,0,0
2015,88,7.0,71,0,0,0,0,0,1,0,0,0,0,0,0,0,0,0,0,0,0,0,0
1991,165,4.8,47,0,0,0,0,0,0,0,0,0,0,0,0,0,0,1,0,0,0,0,0
1990,150,5.3,1110,0,0,0,0,0,0,0,0,0,0,0,0,0,0,0,0,0,0,0,0
2016,131,5.4,4526,0,0,0,0,0,0,1,0,0,0,0,0,0,0,0,0,0,0,0,0
2000,170,6.1,3894,0,0,0,0,0,0,0,0,0,0,0,0,0,0,0,0,0,0,0,0
2014,97,6.0,11,0,0,0,0,0,0,1,0,0,0,0,0,0,0,0,0,0,0,0,0
2017,105,5.1,83,0,0,0,0,1,0,0,0,0,0,0,0,0,0,0,0,0,0,0,0
2021,116,8.3,359,0,0,0,0,0,0,0,0,0,0,0,0,0,0,0,0,0,0,0,0
2016,84,6.0,13,0,0,0,0,0,0,1,0,0,0,0,0,0,0,0,0,0,0,0,0
2007,106,6.3,365,0,0,0,0,0,0,1,0,0,0,0,0,0,0,0,0,0,0,0,0
2008,51,7.9,25,0,0,0,0,0,1,0,0,0,0,0,0,0,0,0,0,0,0,0,0
2007,144,3.4,1906,0,0,0,0,0,0,0,0,0,0,0,0,0,0,0,0,0,0,0,0
1953,148,7.5,57,0,0,0,1,0,0,0,0,0,0,0,0,0,0,0,0,0,0,0,0
2020,115,5.0,287,0,0,0,0,1,0,0,0,0,0,0,0,0,0,0,0,0,0,0,0
2003,164,5.3,824,0,0,0,0,0,0,0,0,0,0,0,0,0,0,0,0,0,0,0,0
2011,137,6.5,7301,0,0,0,0,0,0,0,0,0,0,0,0,0,0,0,0,0,0,0,0
2016,127,6.2,5048,0,0,0,0,0,0,0,0,0,0,0,0,0,0,0,0,0,0,0,0
2013,69,9.0,6,0,0,0,0,0,1,0,0,0,0,0,0,0,0,0,0,0,0,0,0
1959,134,6.1,9,0,0,0,0,0,0,0,0,0,0,0,0,0,0,0,0,0,0,0,0
2007,86,6.4,23,0,0,0,1,0,0,0,0,0,0,0,0,0,0,0,0,0,0,0,0
1959,160,7.5,57,0,0,0,0,0,0,1,0,0,0,0,0,0,0,0,0,0,0,0,0
2015,134,4.6,19,0,0,0,0,0,0,0,0,0,0,0,0,0,0,0,0,0,0,0,0
2012,112,4.7,52,0,0,0,1,0,0,0,0,0,0,0,0,0,0,0,0,0,0,0,0
2009,145,5.2,553,0,0,0,0,1,0,0,0,0,0,0,0,0,0,0,0,0,0,0,0
2019,109,4.3,677,0,0,0,1,0,0,0,0,0,0,0,0,0,0,0,0,0,0,0,0
2016,120,4.9,2642,0,0,0,1,0,0,0,0,0,0,0,0,0,0,0,0,0,0,0,0
2016,129,4.9,19,0,0,0,0,0,0,0,0,0,0,0,0,0,0,0,0,0,0,0,0
2006,134,5.0,53,0,0,0,0,0,0,1,0,0,0,0,0,0,0,0,0,0,0,0,0
2014,134,2.9,14,0,0,0,0,0,0,0,0,0,0,0,0,0,0,0,0,0,1,0,0
2018,85,6.8,48,0,0,0,1,0,0,0,0,0,0,0,0,0,0,0,0,0,0,0,0
1980,152,6.6,927,0,0,0,0,0,0,0,0,0,0,0,0,0,0,0,0,0,0,0,0
2008,145,6.5,14142,0,0,0,1,0,0,0,0,0,0,0,0,0,0,0,0,0,0,0,0
2012,134,6.2,69,0,0,0,1,0,0,0,0,0,0,0,0,0,0,0,0,0,0,0,0
2007,109,7.1,191,0,0,0,0,0,0,1,0,0,0,0,0,0,0,0,0,0,0,0,0
2009,90,2.8,71,0,0,0,1,0,0,0,0,0,0,0,0,0,0,0,0,0,0,0,0
2018,114,5.2,783,0,0,0,1,0,0,0,0,0,0,0,0,0,0,0,0,0,0,0,0
2016,100,5.4,155,0,0,0,1,0,0,0,0,0,0,0,0,0,0,0,0,0,0,0,0
2014,134,4.7,1008,0,0,0,0,0,0,1,0,0,0,0,0,0,0,0,0,0,0,0,0
2013,139,6.9,10762,0,0,0,1,0,0,0,0,0,0,0,0,0,0,0,0,0,0,0,0
2020,74,8.3,6,0,1,0,0,0,0,0,0,0,0,0,0,0,0,0,0,0,0,0,0
2017,141,6.5,4890,0,0,0,1,0,0,0,0,0,0,0,0,0,0,0,0,0,0,0,0
1960,169,7.2,476,0,0,0,0,0,0,1,0,0,0,0,0,0,0,0,0,0,0,0,0
2005,138,3.1,72,0,0,0,0,0,0,0,0,0,0,0,0,0,0,0,0,0,1,0,0
1956,134,7.3,74,0,0,0,1,0,0,0,0,0,0,0,0,0,0,0,0,0,0,0,0
2012,180,6.2,97,0,0,0,0,0,0,1,0,0,0,0,0,0,0,0,0,0,0,0,0
2017,104,8.3,47,0,0,0,0,0,0,1,0,0,0,0,0,0,0,0,0,0,0,0,0
1973,148,6.0,17,0,0,0,0,0,0,1,0,0,0,0,0,0,0,0,0,0,0,0,0
1966,169,5.8,50,0,0,0,0,1,0,0,0,0,0,0,0,0,0,0,0,0,0,0,0
2015,128,7.1,23209,0,0,0,0,0,0,0,0,0,0,0,0,0,0,0,0,0,0,0,0
2007,111,4.8,9,0,0,0,0,0,0,0,0,0,0,0,0,0,0,0,0,0,0,0,0
2001,170,7.2,10264,0,0,0,0,0,0,0,0,0,0,0,0,0,0,0,0,0,0,0,0
1973,134,7.6,60,0,0,0,0,1,0,0,0,0,0,0,0,0,0,0,0,0,0,0,0
1995,152,4.6,96,0,0,0,0,0,0,0,0,0,0,0,0,0,0,0,0,0,0,0,0
2006,127,7.2,454,0,0,0,0,0,0,1,0,0,0,0,0,0,0,0,0,0,0,0,0
1999,148,3.7,195,0,0,0,0,0,0,0,0,0,0,0,0,0,0,0,0,0,0,0,0
1989,152,5.3,90,0,0,0,0,0,0,0,0,0,0,0,0,0,0,0,0,0,0,0,0
2000,122,5.0,726,0,0,0,0,0,0,1,0,0,0,0,0,0,0,0,0,0,0,0,0
2004,145,3.5,77,0,0,0,0,0,0,0,0,0,0,0,0,0,0,0,0,0,0,0,0
2012,109,5.1,596,0,0,0,1,0,0,0,0,0,0,0,0,0,0,0,0,0,0,0,0
1989,134,4.9,29,0,0,0,0,0,0,1,0,0,0,0,0,0,0,0,0,0,0,0,0
2001,134,5.6,9,0,0,0,0,0,0,0,0,0,0,0,0,0,0,0,0,0,0,0,0
2009,120,7.3,106,0,0,0,1,0,0,0,0,0,0,0,0,0,0,0,0,0,0,0,0
2021,134,5.6,5,0,0,0,0,0,0,0,0,0,0,0,0,0,0,0,0,0,1,0,0
1978,119,7.1,181,0,0,0,0,0,0,1,0,0,0,0,0,0,0,0,0,0,0,0,0
2004,165,4.5,62,0,0,0,0,0,0,0,0,0,0,0,0,0,0,0,0,0,0,0,0
1971,154,6.5,149,0,0,0,0,1,0,0,0,0,0,0,0,0,0,0,0,0,0,0,0
1995,169,5.0,356,0,0,0,0,0,0,0,0,0,0,0,0,0,0,0,0,0,0,0,0
1993,131,5.1,53,0,0,0,0,0,0,0,0,0,0,0,0,0,0,0,0,0,0,0,0
2011,135,5.2,2175,0,0,0,0,0,0,0,0,0,0,0,0,0,0,0,0,0,0,0,0
2007,146,5.3,25,0,0,0,0,0,0,0,0,0,0,0,0,0,0,0,0,0,0,0,0
2017,148,6.5,8,0,0,0,0,0,1,0,0,0,0,0,0,0,0,0,0,0,0,0,0
2017,140,7.1,89,0,0,0,0,0,0,0,0,0,0,0,0,0,0,0,0,0,1,0,0
2018,107,5.8,8,0,0,0,0,0,0,1,0,0,0,0,0,0,0,0,0,0,0,0,0
1979,134,4.7,6,0,0,0,0,0,0,0,0,0,0,0,0,0,0,0,0,0,0,0,0
1982,191,8.0,220118,0,0,1,0,0,0,0,0,0,0,0,0,0,0,0,0,0,0,0,0
2011,108,2.5,207,0,0,0,0,0,0,1,0,0,0,0,0,0,0,0,0,0,0,0,0
2007,136,7.3,1594,0,0,1,0,0,0,0,0,0,0,0,0,0,0,0,0,0,0,0,0
2016,128,4.6,56,0,0,0,0,0,0,1,0,0,0,0,0,0,0,0,0,0,0,0,0
2016,97,7.6,29,0,0,0,0,0,0,1,0,0,0,0,0,0,0,0,0,0,0,0,0
1986,137,7.6,741,0,0,0,1,0,0,0,0,0,0,0,0,0,0,0,0,0,0,0,0
2008,185,8.0,6,0,0,0,0,0,1,0,0,0,0,0,0,0,0,0,0,0,0,0,0
2000,152,6.1,225,0,0,0,0,0,0,0,0,0,0,0,0,0,0,0,0,0,0,0,0
2014,128,3.6,376,0,0,0,1,0,0,0,0,0,0,0,0,0,0,0,0,0,0,0,0
2016,112,5.2,6,0,0,0,0,0,0,1,0,0,0,0,0,0,0,0,0,0,0,0,0
2006,102,4.7,65,0,0,0,0,0,0,0,0,0,0,0,0,0,0,0,0,0,0,0,0
1994,134,3.2,8,0,0,0,0,0,0,0,0,0,0,0,0,0,0,0,0,0,0,0,0
1980,157,6.4,17,0,0,0,0,0,0,1,0,0,0,0,0,0,0,0,0,0,0,0,0
1992,134,4.5,8,0,0,0,0,0,0,0,0,0,0,0,0,0,0,0,0,0,0,0,0
2012,134,5.3,46,0,0,0,0,0,0,1,0,0,0,0,0,0,0,0,0,0,0,0,0
1991,134,5.0,16,0,0,0,0,0,0,0,0,0,0,0,0,0,0,0,0,0,0,0,0
1998,134,4.2,18,0,0,0,0,0,0,1,0,0,0,0,0,0,0,0,0,0,0,0,0
1964,134,6.5,30,0,0,0,0,0,0,1,0,0,0,0,0,0,0,0,0,0,0,0,0
1978,142,5.4,146,0,0,0,0,0,0,0,0,0,0,0,0,0,0,0,0,0,0,0,0
1983,145,5.7,7,0,0,0,0,0,0,1,0,0,0,0,0,0,0,0,0,0,0,0,0
1971,134,4.9,11,0,0,0,0,0,0,1,0,0,0,0,0,0,0,0,0,0,0,0,0
1988,134,4.8,25,0,0,0,0,0,0,0,0,0,0,0,0,0,0,0,0,0,0,0,0
1988,187,4.6,581,0,0,0,0,0,0,0,0,0,0,0,0,0,0,0,0,0,0,0,0
2003,157,7.8,16172,0,0,0,0,0,0,0,0,0,0,0,0,0,0,0,0,0,0,0,0
1937,134,6.7,11,0,0,0,0,0,0,0,0,0,0,0,0,0,0,0,0,0,0,1,0
2002,134,4.0,11,0,0,0,0,0,0,0,0,0,0,0,0,0,0,0,0,0,0,0,0
2013,110,7.3,296,0,0,0,0,0,0,1,0,0,0,0,0,0,0,0,0,0,0,0,0
2007,134,5.8,33,0,0,0,0,0,0,0,0,0,0,0,0,0,0,0,0,0,0,0,0
2012,321,8.2,86355,0,0,0,0,0,0,0,0,0,0,0,0,0,0,0,0,0,0,0,0
1994,134,5.1,59,0,0,0,0,0,0,0,0,0,0,0,0,0,0,0,0,0,0,0,0
2006,123,7.1,5645,0,0,0,0,0,0,0,0,0,0,0,0,0,0,0,0,0,0,0,0
1984,126,5.3,26,0,0,0,0,0,0,0,0,0,0,0,0,0,0,0,0,0,0,0,0
1970,134,5.9,40,0,0,0,0,0,0,1,0,0,0,0,0,0,0,0,0,0,0,0,0
2018,124,5.3,106,0,0,0,0,0,0,1,0,0,0,0,0,0,0,0,0,0,0,0,0
1972,127,6.8,30,0,0,0,0,0,0,1,0,0,0,0,0,0,0,0,0,0,0,0,0
1945,134,6.9,9,0,0,0,0,0,0,1,0,0,0,0,0,0,0,0,0,0,0,0,0
1991,134,5.7,28,0,0,0,0,0,0,0,0,0,0,0,0,0,0,0,0,0,0,0,0
2005,102,4.5,30,0,0,0,0,0,0,1,0,0,0,0,0,0,0,0,0,0,0,0,0
1955,129,7.3,15,0,0,0,0,0,0,1,0,0,0,0,0,0,0,0,0,0,0,0,0
2004,142,6.0,12,0,0,0,0,0,0,0,0,0,0,0,0,0,0,0,0,0,1,0,0
1980,134,5.7,9,0,0,0,0,0,0,0,0,0,0,0,0,0,0,0,0,0,0,0,0
1972,129,5.8,68,0,0,0,1,0,0,0,0,0,0,0,0,0,0,0,0,0,0,0,0
2005,146,6.7,14431,0,0,0,1,0,0,0,0,0,0,0,0,0,0,0,0,0,0,0,0
2018,105,3.4,950,0,0,0,0,0,0,1,0,0,0,0,0,0,0,0,0,0,0,0,0
1993,153,7.4,807,0,0,0,0,0,0,0,0,0,0,0,0,0,0,0,0,0,0,0,0
1989,134,4.5,13,0,0,0,0,0,0,0,0,0,0,0,0,0,0,0,0,0,0,0,0
2009,134,4.5,12,0,0,0,0,0,0,0,0,0,0,0,0,0,0,0,0,0,0,0,0
1974,146,8.1,689,0,0,0,0,0,0,1,0,0,0,0,0,0,0,0,0,0,0,0,0
1957,134,7.2,43,0,0,0,1,0,0,0,0,0,0,0,0,0,0,0,0,0,0,0,0
2011,90,7.3,398,0,0,0,0,0,0,1,0,0,0,0,0,0,0,0,0,0,0,0,0
2014,125,7.0,64,0,0,0,0,1,0,0,0,0,0,0,0,0,0,0,0,0,0,0,0
2021,50,7.5,226,0,0,0,1,0,0,0,0,0,0,0,0,0,0,0,0,0,0,0,0
1943,134,8.5,8,0,0,0,0,0,0,0,0,0,0,0,0,0,0,0,0,0,0,1,0
1968,152,6.5,40,0,0,0,0,0,0,1,0,0,0,0,0,0,0,0,0,0,0,0,0
2007,98,3.5,109,0,0,0,0,0,0,1,0,0,0,0,0,0,0,0,0,0,0,0,0
2016,124,8.8,85,0,0,0,0,0,0,0,1,0,0,0,0,0,0,0,0,0,0,0,0
1979,131,6.0,58,0,0,0,0,0,0,0,0,0,0,0,0,0,0,0,0,0,0,0,0
2002,119,2.7,11,0,0,0,0,0,0,0,0,0,0,0,0,0,0,0,0,0,0,0,0
1967,134,7.4,9,0,0,0,0,0,1,0,0,0,0,0,0,0,0,0,0,0,0,0,0
1989,111,5.6,36,0,0,0,0,0,0,0,0,0,0,0,0,0,1,0,0,0,0,0,0
2004,138,4.2,781,0,0,0,0,0,0,1,0,0,0,0,0,0,0,0,0,0,0,0,0
1970,134,7.1,98,0,0,0,0,0,0,0,0,0,0,0,0,0,0,0,0,0,0,0,0
1992,151,5.9,56,0,0,0,0,0,0,1,0,0,0,0,0,0,0,0,0,0,0,0,0
1975,130,6.9,108,0,0,0,1,0,0,0,0,0,0,0,0,0,0,0,0,0,0,0,0
1964,134,6.4,92,0,0,0,0,0,0,1,0,0,0,0,0,0,0,0,0,0,0,0,0
1974,134,6.9,57,0,0,0,0,0,0,0,0,0,0,0,0,0,0,0,0,0,0,0,0
1993,150,6.0,45,0,0,0,0,0,0,1,0,0,0,0,0,0,0,0,0,0,0,0,0
1963,134,7.1,27,0,0,0,0,1,0,0,0,0,0,0,0,0,0,0,0,0,0,0,0
1996,134,4.8,12,0,0,0,0,0,0,0,0,0,0,1,0,0,0,0,0,0,0,0,0
1980,135,6.8,148,0,0,0,0,0,0,1,0,0,0,0,0,0,0,0,0,0,0,0,0
1973,147,5.4,127,0,0,0,0,0,0,0,0,0,0,0,0,0,0,0,0,0,0,0,0
2002,134,6.2,6,0,0,0,0,0,0,0,0,0,0,0,0,0,0,0,0,0,0,0,0
2002,150,6.1,910,0,0,0,0,0,0,0,0,0,0,0,0,0,0,0,0,0,0,0,0
1986,105,6.7,113,0,0,0,0,0,0,1,0,0,0,0,0,0,0,0,0,0,0,0,0
2018,165,5.3,1823,0,0,0,0,0,0,0,0,0,0,0,0,0,0,0,0,0,0,0,0
1989,139,4.9,42,0,0,0,1,0,0,0,0,0,0,0,0,0,0,0,0,0,0,0,0
1985,167,6.1,435,0,0,0,0,0,0,0,0,0,0,0,0,0,0,0,0,0,0,0,0
2000,134,4.7,141,0,0,0,0,1,0,0,0,0,0,0,0,0,0,0,0,0,0,0,0
2002,134,5.4,16,0,0,0,0,0,0,0,0,0,0,0,0,0,0,0,0,0,0,0,0
2008,186,7.3,57604,0,0,0,0,0,0,0,0,0,0,0,0,0,0,0,0,0,0,0,0
1981,134,4.8,13,0,0,0,0,0,0,1,0,0,0,0,0,0,0,0,0,0,0,0,0
2013,137,5.8,4797,0,0,0,1,0,0,0,0,0,0,0,0,0,0,0,0,0,0,0,0
1978,121,7.0,192,0,0,0,0,0,0,1,0,0,0,0,0,0,0,0,0,0,0,0,0
1993,134,4.7,13,0,0,0,0,0,0,1,0,0,0,0,0,0,0,0,0,0,0,0,0
1963,139,5.8,16,0,0,0,1,0,0,0,0,0,0,0,0,0,0,0,0,0,0,0,0
1998,130,4.4,10,0,0,0,0,0,0,0,0,0,0,0,0,0,0,0,0,0,0,0,0
1985,153,7.1,42,0,0,0,0,0,0,1,0,0,0,0,0,0,0,0,0,0,0,0,0
1984,156,5.5,75,0,0,0,0,0,0,1,0,0,0,0,0,0,0,0,0,0,0,0,0
1988,155,4.9,207,0,0,0,1,0,0,0,0,0,0,0,0,0,0,0,0,0,0,0,0
1970,120,7.6,67,0,0,0,0,0,0,1,0,0,0,0,0,0,0,0,0,0,0,0,0
2004,142,4.0,130,0,0,0,0,0,0,1,0,0,0,0,0,0,0,0,0,0,0,0,0
1990,155,6.0,360,0,0,0,0,0,0,1,0,0,0,0,0,0,0,0,0,0,0,0,0
1992,148,5.8,25,0,0,0,1,0,0,0,0,0,0,0,0,0,0,0,0,0,0,0,0
1989,158,5.9,65,0,0,0,0,0,0,1,0,0,0,0,0,0,0,0,0,0,0,0,0
1967,157,6.6,13,0,0,0,0,0,0,1,0,0,0,0,0,0,0,0,0,0,0,0,0
1987,94,6.6,11,0,0,0,0,0,0,1,0,0,0,0,0,0,0,0,0,0,0,0,0
1948,136,5.7,24,0,0,0,0,0,0,1,0,0,0,0,0,0,0,0,0,0,0,0,0
1994,134,4.7,57,0,0,0,1,0,0,0,0,0,0,0,0,0,0,0,0,0,0,0,0
1960,134,3.8,5,0,0,0,0,0,0,1,0,0,0,0,0,0,0,0,0,0,0,0,0
1996,134,5.3,12,0,0,0,1,0,0,0,0,0,0,0,0,0,0,0,0,0,0,0,0
1988,136,4.7,43,0,0,0,0,0,0,1,0,0,0,0,0,0,0,0,0,0,0,0,0
1991,134,4.9,38,0,0,0,0,0,0,1,0,0,0,0,0,0,0,0,0,0,0,0,0
2021,72,7.6,43,0,0,0,0,0,0,1,0,0,0,0,0,0,0,0,0,0,0,0,0
1986,134,5.2,64,0,0,0,1,0,0,0,0,0,0,0,0,0,0,0,0,0,0,0,0
1958,134,6.8,21,0,0,0,0,0,0,1,0,0,0,0,0,0,0,0,0,0,0,0,0
1961,154,7.1,53,0,0,0,1,0,0,0,0,0,0,0,0,0,0,0,0,0,0,0,0
1989,134,5.3,70,0,0,0,0,0,0,1,0,0,0,0,0,0,0,0,0,0,0,0,0
1977,141,6.9,196,0,0,0,0,0,0,1,0,0,0,0,0,0,0,0,0,0,0,0,0
1998,138,4.6,640,0,0,0,1,0,0,0,0,0,0,0,0,0,0,0,0,0,0,0,0
1988,134,4.3,9,0,0,0,0,0,0,0,1,0,0,0,0,0,0,0,0,0,0,0,0
1976,108,6.7,71,0,0,1,0,0,0,0,0,0,0,0,0,0,0,0,0,0,0,0,0
2017,68,7.8,9,0,0,0,0,0,1,0,0,0,0,0,0,0,0,0,0,0,0,0,0
1996,158,7.4,3326,0,0,0,0,0,0,0,0,0,0,0,0,0,0,0,0,0,0,0,0
2008,91,6.9,55,0,1,0,0,0,0,0,0,0,0,0,0,0,0,0,0,0,0,0,0
1995,134,7.0,100,0,0,0,1,0,0,0,0,0,0,0,0,0,0,0,0,0,0,0,0
1990,163,7.6,4114,0,0,0,0,0,0,0,0,0,0,0,0,0,0,0,0,0,0,0,0
2016,127,6.3,4960,0,0,0,0,0,0,0,0,0,0,0,0,0,0,0,0,0,0,0,0
1988,134,5.4,11,0,0,0,0,0,0,0,0,0,0,0,0,0,0,0,0,0,0,0,0
1982,162,6.8,137,0,0,0,0,0,0,0,0,0,0,0,0,0,0,0,0,0,0,0,0
1992,144,5.4,27,0,0,0,1,0,0,0,0,0,0,0,0,0,0,0,0,0,0,0,0
2019,105,9.4,47,0,0,0,0,0,0,0,0,0,1,0,0,0,0,0,0,0,0,0,0
2020,108,5.5,2708,0,0,0,1,0,0,0,0,0,0,0,0,0,0,0,0,0,0,0,0
1997,120,5.4,27,0,0,0,0,0,0,0,0,0,0,0,0,0,0,0,0,0,0,0,0
2012,118,2.3,225,0,0,0,0,0,0,0,0,0,0,1,0,0,0,0,0,0,0,0,0
2019,130,5.0,1288,0,0,0,0,0,0,0,0,0,0,1,0,0,0,0,0,0,0,0,0
2020,144,4.3,4620,0,0,0,0,0,0,0,0,0,0,1,0,0,0,0,0,0,0,0,0
2020,134,8.4,8,0,0,0,0,0,0,0,0,0,0,1,0,0,0,0,0,0,0,0,0
1998,162,7.3,10997,0,0,0,0,0,0,0,0,0,0,0,0,0,0,0,0,0,0,0,0
1973,123,6.2,8,0,0,0,0,0,0,1,0,0,0,0,0,0,0,0,0,0,0,0,0
1956,124,6.6,5,0,0,0,0,0,0,1,0,0,0,0,0,0,0,0,0,0,0,0,0
1997,162,6.6,1120,0,0,0,0,0,0,0,0,0,0,0,0,0,0,0,0,0,0,0,0
1985,199,7.2,474,0,0,0,0,0,0,0,0,0,0,0,0,0,0,0,0,0,0,0,0
1960,134,6.7,27,0,0,0,0,0,0,1,0,0,0,0,0,0,0,0,0,0,0,0,0
1983,134,5.7,47,0,0,0,0,0,0,1,0,0,0,0,0,0,0,0,0,0,0,0,0
1981,138,6.3,34,0,0,0,0,0,0,0,0,0,0,0,0,0,1,0,0,0,0,0,0
2007,126,4.9,51,0,0,0,0,0,0,0,0,0,0,1,0,0,0,0,0,0,0,0,0
1984,103,6.8,64,0,0,0,0,0,0,1,0,0,0,0,0,0,0,0,0,0,0,0,0
1976,134,7.3,84,0,0,0,1,0,0,0,0,0,0,0,0,0,0,0,0,0,0,0,0
2020,125,5.7,3872,0,0,0,1,0,0,0,0,0,0,0,0,0,0,0,0,0,0,0,0
2013,95,5.6,790,0,0,0,1,0,0,0,0,0,0,0,0,0,0,0,0,0,0,0,0
1991,134,5.4,10,0,0,0,0,0,0,0,0,0,0,0,0,0,0,0,0,0,0,0,0
1960,134,7.7,6,0,0,0,0,0,0,0,0,0,0,0,0,0,0,1,0,0,0,0,0
2004,126,3.2,344,0,0,0,0,0,0,1,0,0,0,0,0,0,0,0,0,0,0,0,0
1962,134,4.4,9,0,0,0,0,0,0,1,0,0,0,0,0,0,0,0,0,0,0,0,0
2000,123,2.1,23,0,0,0,0,1,0,0,0,0,0,0,0,0,0,0,0,0,0,0,0
2016,120,5.6,184,0,0,0,0,0,0,0,0,0,0,0,0,0,0,0,0,0,1,0,0
2007,110,2.7,144,0,0,0,0,1,0,0,0,0,0,0,0,0,0,0,0,0,0,0,0
2013,111,6.7,11942,0,0,0,0,0,0,0,0,0,0,0,0,0,0,0,0,0,0,0,0
1968,145,8.1,76,0,0,0,0,1,0,0,0,0,0,0,0,0,0,0,0,0,0,0,0
1995,134,5.1,27,0,0,0,0,0,0,1,0,0,0,0,0,0,0,0,0,0,0,0,0
2019,90,9.3,46,0,0,0,0,0,1,0,0,0,0,0,0,0,0,0,0,0,0,0,0
2007,134,5.6,54,0,0,0,1,0,0,0,0,0,0,0,0,0,0,0,0,0,0,0,0
2008,152,3.6,3998,0,0,0,1,0,0,0,0,0,0,0,0,0,0,0,0,0,0,0,0
1963,110,7.0,58,0,0,0,0,0,0,1,0,0,0,0,0,0,0,0,0,0,0,0,0
1983,140,7.1,37,0,0,0,0,0,0,1,0,0,0,0,0,0,0,0,0,0,0,0,0
1999,150,6.7,202,0,0,0,0,1,0,0,0,0,0,0,0,0,0,0,0,0,0,0,0
1966,134,7.0,5,0,0,0,0,0,0,0,0,0,0,0,0,0,0,0,1,0,0,0,0
1985,134,6.4,9,0,0,0,0,0,0,1,0,0,0,0,0,0,0,0,0,0,0,0,0
1989,134,3.5,26,0,0,0,0,0,0,0,0,0,0,0,0,0,0,0,0,0,0,0,0
2018,151,7.3,11932,0,0,0,0,0,0,1,0,0,0,0,0,0,0,0,0,0,0,0,0
1968,136,6.3,12,0,0,0,0,0,0,0,0,0,0,0,0,0,0,0,0,0,0,0,0
2010,160,5.9,506,0,0,0,0,0,0,0,0,0,0,0,0,0,0,0,0,0,0,0,0
2010,155,5.5,7644,0,0,0,0,0,0,0,0,0,0,0,0,0,0,0,0,0,0,0,0
2017,140,5.0,8423,0,0,0,0,0,0,0,0,0,0,0,0,0,0,0,0,0,0,0,0
2008,135,5.1,7236,0,0,0,1,0,0,0,0,0,0,0,0,0,0,0,0,0,0,0,0
2006,150,7.4,15556,0,0,0,0,0,0,0,0,0,0,0,0,0,0,0,0,0,0,0,0
1972,134,6.0,20,0,0,0,0,0,0,1,0,0,0,0,0,0,0,0,0,0,0,0,0
2019,110,7.0,1222,0,0,0,1,0,0,0,0,0,0,0,0,0,0,0,0,0,0,0,0
2007,115,3.8,1710,0,0,0,1,0,0,0,0,0,0,0,0,0,0,0,0,0,0,0,0
2008,134,3.0,17,0,0,0,1,0,0,0,0,0,0,0,0,0,0,0,0,0,0,0,0
2019,134,6.9,15644,0,0,0,1,0,0,0,0,0,0,0,0,0,0,0,0,0,0,0,0
2008,138,6.4,80,0,0,0,0,0,0,0,0,0,0,0,0,0,0,0,0,0,0,0,0
2014,46,8.4,14,0,0,0,0,0,1,0,0,0,0,0,0,0,0,0,0,0,0,0,0
1989,142,5.8,44,0,0,0,0,0,0,0,0,0,0,0,0,0,0,0,0,0,0,0,0
1974,134,5.7,15,0,0,0,0,0,0,0,0,0,0,0,0,0,0,0,0,0,0,0,0
1959,174,7.6,32,0,0,0,0,0,0,0,0,0,0,0,0,1,0,0,0,0,0,0,0
2013,79,7.0,118,0,1,0,0,0,0,0,0,0,0,0,0,0,0,0,0,0,0,0,0
1938,132,6.6,10,0,0,0,0,0,0,0,0,0,0,0,0,0,0,0,0,0,0,1,0
1979,132,6.9,33,0,0,0,0,0,0,0,0,1,0,0,0,0,0,0,0,0,0,0,0
1994,134,2.9,9,0,0,0,0,0,0,0,0,0,0,0,0,0,0,0,0,0,0,0,0
1970,143,7.0,195,0,0,0,0,0,0,0,0,0,0,0,0,0,0,0,0,0,0,0,0
1994,161,5.5,814,0,0,0,0,0,0,0,0,0,0,0,0,0,0,0,0,0,0,0,0
1982,150,5.9,124,0,0,0,1,0,0,0,0,0,0,0,0,0,0,0,0,0,0,0,0
1948,155,7.4,38,0,0,0,0,0,0,1,0,0,0,0,0,0,0,0,0,0,0,0,0
1972,128,5.0,102,0,0,0,0,0,0,0,0,0,0,0,0,0,0,0,0,0,0,0,0
1987,134,4.9,16,0,0,0,0,0,0,0,0,0,0,0,0,0,0,0,0,0,0,0,0
2013,150,4.9,3609,0,0,0,1,0,0,0,0,0,0,0,0,0,0,0,0,0,0,0,0
2015,114,7.4,533,0,0,1,0,0,0,0,0,0,0,0,0,0,0,0,0,0,0,0,0
1993,145,6.7,326,0,0,0,0,0,0,0,0,0,0,0,0,0,0,0,0,0,0,0,0
2017,64,6.1,27,0,0,0,0,0,0,1,0,0,0,0,0,0,0,0,0,0,0,0,0
2001,110,5.1,85,0,0,0,0,1,0,0,0,0,0,0,0,0,0,0,0,0,0,0,0
1984,134,5.6,14,0,0,0,0,0,0,1,0,0,0,0,0,0,0,0,0,0,0,0,0
1963,154,6.8,35,0,0,0,0,0,0,1,0,0,0,0,0,0,0,0,0,0,0,0,0
2013,137,4.4,5921,0,0,0,1,0,0,0,0,0,0,0,0,0,0,0,0,0,0,0,0
2016,134,3.6,2393,0,0,0,1,0,0,0,0,0,0,0,0,0,0,0,0,0,0,0,0
1991,134,4.7,6,0,0,0,0,0,0,0,0,0,0,0,0,0,0,0,0,0,0,0,0
2012,90,5.7,47,0,0,0,1,0,0,0,0,0,0,0,0,0,0,0,0,0,0,0,0
1979,134,6.9,102,0,0,0,0,0,0,1,0,0,0,0,0,0,0,0,0,0,0,0,0
2019,70,8.7,20,0,0,0,0,0,0,0,1,0,0,0,0,0,0,0,0,0,0,0,0
2017,134,4.7,6,0,0,0,0,0,0,1,0,0,0,0,0,0,0,0,0,0,0,0,0
1971,121,7.2,1028,0,0,0,0,0,0,1,0,0,0,0,0,0,0,0,0,0,0,0,0
1995,160,4.2,2248,0,0,0,0,0,0,1,0,0,0,0,0,0,0,0,0,0,0,0,0
2015,130,4.7,672,0,0,0,1,0,0,0,0,0,0,0,0,0,0,0,0,0,0,0,0
2015,124,5.3,864,0,0,0,1,0,0,0,0,0,0,0,0,0,0,0,0,0,0,0,0
1997,138,4.2,336,0,0,0,0,0,0,0,0,0,0,0,0,1,0,0,0,0,0,0,0
1997,139,6.7,49,0,0,0,0,0,0,1,0,0,0,0,0,0,0,0,0,0,0,0,0
1959,134,6.1,8,0,0,0,0,0,0,0,0,0,0,0,0,0,1,0,0,0,0,0,0
1980,134,6.1,45,0,0,0,0,0,0,0,0,0,0,1,0,0,0,0,0,0,0,0,0
2017,132,5.4,1770,0,0,0,1,0,0,0,0,0,0,0,0,0,0,0,0,0,0,0,0
1965,120,8.4,7629,0,0,0,0,0,0,1,0,0,0,0,0,0,0,0,0,0,0,0,0
2020,119,5.4,3919,0,0,0,0,0,0,1,0,0,0,0,0,0,0,0,0,0,0,0,0
2020,132,2.4,213,0,0,1,0,0,0,0,0,0,0,0,0,0,0,0,0,0,0,0,0
2014,139,6.1,2078,0,0,0,0,0,0,0,0,0,0,0,0,0,0,0,0,0,0,0,0
2009,140,8.1,14239,0,0,0,0,1,0,0,0,0,0,0,0,0,0,0,0,0,0,0,0
2012,96,7.5,209,0,0,0,0,0,1,0,0,0,0,0,0,0,0,0,0,0,0,0,0
1990,134,4.4,7,0,0,0,0,1,0,0,0,0,0,0,0,0,0,0,0,0,0,0,0
2020,124,6.3,11364,0,0,0,1,0,0,0,0,0,0,0,0,0,0,0,0,0,0,0,0
2019,154,8.0,33901,0,0,0,0,0,0,1,0,0,0,0,0,0,0,0,0,0,0,0,0
2019,134,9.1,15,0,0,0,0,0,1,0,0,0,0,0,0,0,0,0,0,0,0,0,0
1965,151,7.0,1456,0,0,0,0,0,0,1,0,0,0,0,0,0,0,0,0,0,0,0,0
2008,107,3.7,94,0,0,0,0,0,0,0,0,0,0,0,0,0,0,0,0,0,0,0,0
2019,142,7.8,1695,0,0,0,0,0,0,0,0,0,0,0,0,0,0,0,0,0,0,0,0
2001,134,2.4,22,0,0,0,0,0,0,0,0,0,0,0,0,0,0,0,0,0,1,0,0
2001,134,2.8,6,0,0,0,0,0,0,0,0,0,0,1,0,0,0,0,0,0,0,0,0
1963,155,6.9,147,0,0,0,0,0,0,1,0,0,0,0,0,0,0,0,0,0,0,0,0
1976,134,4.4,14,0,0,0,0,0,0,0,0,0,0,0,0,0,0,0,0,0,0,0,0
1993,149,6.2,700,0,0,0,0,0,0,0,0,0,0,0,0,0,0,0,0,0,0,0,0
1982,134,5.6,5,0,0,0,0,0,0,1,0,0,0,0,0,0,0,0,0,0,0,0,0
1993,117,4.7,83,0,0,0,0,0,0,0,0,0,0,0,0,0,0,0,0,0,0,0,0
2002,135,3.3,356,0,0,0,0,1,0,0,0,0,0,0,0,0,0,0,0,0,0,0,0
1970,110,5.6,7,0,0,0,0,1,0,0,0,0,0,0,0,0,0,0,0,0,0,0,0
1967,154,5.8,20,0,0,0,0,0,0,1,0,0,0,0,0,0,0,0,0,0,0,0,0
1990,149,5.1,16,0,0,0,0,0,0,0,0,0,0,0,0,0,0,0,0,0,0,0,0
1988,169,4.9,14,0,0,0,0,0,0,0,0,0,0,0,0,0,0,0,0,0,0,0,0
1969,136,6.7,32,0,0,0,0,0,0,0,0,0,0,0,0,0,0,0,0,0,0,0,0
1998,129,7.3,9990,0,0,0,0,0,0,0,0,0,0,0,0,0,0,0,0,0,0,0,0
1992,134,8.1,39,0,0,0,0,0,0,0,0,0,0,0,0,0,0,0,0,0,0,0,0
1995,140,4.2,345,0,0,0,0,0,0,0,0,0,0,0,0,0,0,0,0,0,0,0,0
2014,152,2.4,58144,0,0,0,0,0,0,0,0,0,0,0,0,0,0,0,0,0,0,0,0
1980,134,5.6,34,0,0,0,0,0,0,0,0,0,0,0,0,0,0,0,0,0,0,0,0
1995,125,4.1,40,0,0,0,0,0,0,1,0,0,0,0,0,0,0,0,0,0,0,0,0
1982,134,4.4,5,0,0,0,0,0,0,0,0,0,0,0,0,0,0,0,0,0,0,0,0
1961,178,7.6,523,0,0,0,0,0,0,0,0,0,0,0,0,0,0,0,0,0,0,0,0
2020,112,5.3,25005,0,0,0,0,0,0,0,0,0,0,0,0,0,0,0,0,0,0,0,0
2020,134,6.8,41,0,0,0,0,0,0,0,0,0,0,0,0,0,0,0,0,0,0,0,0
2019,114,3.5,20,0,0,0,1,0,0,0,0,0,0,0,0,0,0,0,0,0,0,0,0
1997,173,7.3,4687,0,0,0,0,0,0,0,0,0,0,0,0,0,0,0,0,0,0,0,0
2016,107,6.5,1883,0,0,0,0,1,0,0,0,0,0,0,0,0,0,0,0,0,0,0,0
1989,174,5.5,113,0,0,0,0,1,0,0,0,0,0,0,0,0,0,0,0,0,0,0,0
1980,159,6.7,481,0,0,0,0,0,0,0,0,0,0,0,0,0,0,0,0,0,0,0,0
2003,162,5.6,75,0,0,0,0,0,0,0,0,0,0,0,0,0,0,0,0,0,0,0,0
2007,166,7.7,22476,0,0,0,0,0,0,1,0,0,0,0,0,0,0,0,0,0,0,0,0
1979,134,5.5,8,0,0,0,0,0,0,0,0,0,0,0,0,0,0,0,0,0,0,0,0
2002,134,4.5,8,0,0,0,0,0,0,0,0,0,0,0,0,0,0,0,0,0,0,0,0
1988,139,7.1,382,0,0,0,0,0,0,0,0,0,0,0,0,0,0,0,0,0,0,0,0
2010,150,2.7,18,0,0,0,0,0,0,0,0,0,0,0,0,0,0,1,0,0,0,0,0
1981,134,6.0,7,0,0,0,0,0,0,0,0,0,0,0,0,0,0,0,0,0,0,0,0
1993,147,4.9,150,0,0,0,0,0,0,0,0,0,0,0,0,0,0,0,0,0,0,0,0
1969,136,6.6,9,0,0,0,1,0,0,0,0,0,0,0,0,0,0,0,0,0,0,0,0
2015,86,6.7,7,0,0,0,0,0,0,0,0,0,0,0,0,0,1,0,0,0,0,0,0
2010,126,7.5,17631,0,0,0,0,0,0,1,0,0,0,0,0,0,0,0,0,0,0,0,0
1962,152,5.8,5,0,0,0,0,0,0,1,0,0,0,0,0,0,0,0,0,0,0,0,0
1983,134,5.0,23,0,0,0,0,0,0,0,0,0,0,0,0,0,0,0,0,0,0,0,0
2008,124,3.4,240,0,0,0,0,0,0,1,0,0,0,0,0,0,0,0,0,0,0,0,0
2002,174,3.7,1277,0,0,0,0,0,0,1,0,0,0,0,0,0,0,0,0,0,0,0,0
1940,134,7.0,8,0,0,0,0,0,0,0,0,0,0,0,0,0,0,0,0,0,0,1,0
1972,134,5.1,11,0,0,0,0,0,0,1,0,0,0,0,0,0,0,0,0,0,0,0,0
1990,134,3.1,8,0,0,0,0,0,0,0,0,0,0,0,0,0,0,0,0,0,0,0,0
2003,160,7.6,2808,0,0,0,0,1,0,0,0,0,0,0,0,0,0,0,0,0,0,0,0
2011,102,5.7,14,0,0,0,0,0,0,1,0,0,0,0,0,0,0,0,0,0,0,0,0
1974,137,6.3,104,0,0,0,0,0,0,0,0,0,0,0,0,0,0,0,0,0,0,0,0
2002,75,6.2,11,1,0,0,0,0,0,0,0,0,0,0,0,0,0,0,0,0,0,0,0
1971,170,6.9,1148,0,0,0,0,0,0,1,0,0,0,0,0,0,0,0,0,0,0,0,0
1982,156,5.4,28,0,0,0,0,0,0,0,1,0,0,0,0,0,0,0,0,0,0,0,0
1995,156,4.2,131,0,0,0,0,0,0,0,0,0,0,0,0,0,0,0,0,0,0,0,0
1986,139,7.3,42,0,0,0,0,0,0,0,0,0,0,0,0,1,0,0,0,0,0,0,0
1990,125,5.8,314,0,0,0,0,0,0,1,0,0,0,0,0,0,0,0,0,0,0,0,0
1979,134,6.7,9,0,0,0,0,0,0,0,0,0,0,0,0,0,0,0,0,0,0,0,0
2020,118,4.3,1208,0,0,0,0,0,0,0,0,0,0,0,0,0,0,0,0,0,1,0,0
2000,134,5.3,1754,0,0,0,1,0,0,0,0,0,0,0,0,0,0,0,0,0,0,0,0
2001,134,4.0,13,0,0,0,0,0,0,0,0,0,0,0,0,0,0,0,0,0,0,0,0
1991,134,4.2,19,0,0,0,0,0,0,0,0,0,0,0,0,0,0,0,0,0,0,0,0
1998,140,4.9,25,0,0,0,0,0,0,0,0,0,0,0,0,0,0,0,0,0,0,0,0
2014,102,8.4,52,0,0,0,0,0,0,1,0,0,0,0,0,0,0,0,0,0,0,0,0
2016,120,6.1,18,0,0,0,1,0,0,0,0,0,0,0,0,0,0,0,0,0,0,0,0
2015,125,2.5,8,0,0,0,1,0,0,0,0,0,0,0,0,0,0,0,0,0,0,0,0
1999,134,2.8,6,0,0,0,0,0,0,0,0,0,0,1,0,0,0,0,0,0,0,0,0
1991,134,5.4,8,0,0,0,0,0,0,1,0,0,0,0,0,0,0,0,0,0,0,0,0
2014,160,8.1,51354,0,0,0,0,0,0,0,0,0,0,0,0,0,0,0,0,0,0,0,0
2011,120,5.3,31,0,0,0,1,0,0,0,0,0,0,0,0,0,0,0,0,0,0,0,0
1984,185,4.9,26,0,0,0,0,0,0,0,0,0,0,0,0,0,0,0,0,0,0,0,0
1977,107,6.1,10,0,0,0,0,0,0,0,0,0,0,0,0,1,0,0,0,0,0,0,0
1988,134,4.1,18,0,0,0,0,0,0,0,1,0,0,0,0,0,0,0,0,0,0,0,0
2020,97,7.1,1441,0,0,0,0,1,0,0,0,0,0,0,0,0,0,0,0,0,0,0,0
1956,122,6.8,36,1,0,0,0,0,0,0,0,0,0,0,0,0,0,0,0,0,0,0,0
2017,135,4.4,6621,0,0,0,0,0,0,1,0,0,0,0,0,0,0,0,0,0,0,0,0
2021,79,9.7,7,0,0,0,0,0,0,0,0,0,0,0,1,0,0,0,0,0,0,0,0
1962,168,7.4,484,0,0,0,0,0,0,0,0,0,0,0,0,1,0,0,0,0,0,0,0
2018,114,7.2,378,0,0,0,0,0,0,1,0,0,0,0,0,0,0,0,0,0,0,0,0
2008,142,6.1,2211,0,0,0,0,1,0,0,0,0,0,0,0,0,0,0,0,0,0,0,0
1996,92,7.9,449,0,0,0,0,0,0,1,0,0,0,0,0,0,0,0,0,0,0,0,0
1956,117,6.4,28,0,0,0,1,0,0,0,0,0,0,0,0,0,0,0,0,0,0,0,0
1978,128,6.7,10,0,0,0,0,0,0,1,0,0,0,0,0,0,0,0,0,0,0,0,0
2000,165,5.6,1799,0,0,0,0,0,0,0,0,0,0,0,0,0,0,0,0,0,0,0,0
1988,134,5.6,39,0,0,0,0,0,0,1,0,0,0,0,0,0,0,0,0,0,0,0,0
1985,82,7.8,43,0,0,0,0,0,1,0,0,0,0,0,0,0,0,0,0,0,0,0,0
2018,118,7.5,8,1,0,0,0,0,0,0,0,0,0,0,0,0,0,0,0,0,0,0,0
1979,134,6.7,43,0,0,0,0,0,0,0,1,0,0,0,0,0,0,0,0,0,0,0,0
2015,129,6.7,5546,0,0,0,0,0,0,1,0,0,0,0,0,0,0,0,0,0,0,0,0
1943,134,8.2,9,0,0,0,0,0,0,0,0,0,0,0,0,0,0,0,0,0,0,1,0
1982,134,6.8,67,0,0,0,0,0,0,1,0,0,0,0,0,0,0,0,0,0,0,0,0
1950,134,7.0,6,0,0,0,0,0,0,1,0,0,0,0,0,0,0,0,0,0,0,0,0
1961,134,6.8,8,0,0,0,0,0,0,1,0,0,0,0,0,0,0,0,0,0,0,0,0
1997,141,5.3,629,0,0,0,0,0,0,0,0,0,0,0,0,0,0,0,0,0,0,0,0
2018,108,7.8,1055,0,0,0,0,0,0,1,0,0,0,0,0,0,0,0,0,0,0,0,0
1954,134,6.3,21,0,0,0,0,0,0,1,0,0,0,0,0,0,0,0,0,0,0,0,0
1967,170,7.1,390,0,0,0,0,0,0,0,0,0,0,0,0,1,0,0,0,0,0,0,0
1963,149,6.4,29,0,0,0,0,0,0,1,0,0,0,0,0,0,0,0,0,0,0,0,0
1944,121,6.7,10,0,0,0,0,0,0,1,0,0,0,0,0,0,0,0,0,0,0,0,0
1974,134,6.8,25,0,0,0,1,0,0,0,0,0,0,0,0,0,0,0,0,0,0,0,0
2004,127,6.0,44,0,0,0,0,0,0,0,0,0,0,0,0,1,0,0,0,0,0,0,0
1979,144,8.5,18376,0,0,0,1,0,0,0,0,0,0,0,0,0,0,0,0,0,0,0,0
2012,88,7.7,36,0,0,0,0,0,0,1,0,0,0,0,0,0,0,0,0,0,0,0,0
2019,135,7.6,13,0,0,0,0,0,0,1,0,0,0,0,0,0,0,0,0,0,0,0,0
1994,134,6.0,30,0,0,0,1,0,0,0,0,0,0,0,0,0,0,0,0,0,0,0,0
1984,108,5.7,23,0,0,0,0,1,0,0,0,0,0,0,0,0,0,0,0,0,0,0,0
1973,134,7.2,76,0,0,0,0,0,0,1,0,0,0,0,0,0,0,0,0,0,0,0,0
2005,89,7.6,796,0,1,0,0,0,0,0,0,0,0,0,0,0,0,0,0,0,0,0,0
2017,105,5.4,131,0,1,0,0,0,0,0,0,0,0,0,0,0,0,0,0,0,0,0,0
1974,120,7.4,11,0,0,0,0,0,0,0,0,1,0,0,0,0,0,0,0,0,0,0,0
2018,91,6.9,103,0,1,0,0,0,0,0,0,0,0,0,0,0,0,0,0,0,0,0,0
2019,135,7.4,69,0,0,0,1,0,0,0,0,0,0,0,0,0,0,0,0,0,0,0,0
2016,126,6.5,5046,0,0,0,1,0,0,0,0,0,0,0,0,0,0,0,0,0,0,0,0
2014,135,5.4,3453,0,0,0,1,0,0,0,0,0,0,0,0,0,0,0,0,0,0,0,0
2020,123,5.9,580,0,0,0,1,0,0,0,0,0,0,0,0,0,0,0,0,0,0,0,0
2011,134,3.2,22,0,0,0,1,0,0,0,0,0,0,0,0,0,0,0,0,0,0,0,0
2014,180,5.0,34890,0,0,0,0,0,0,0,0,0,0,0,0,0,0,0,0,0,0,0,0
2018,136,4.5,1251,0,0,0,1,0,0,0,0,0,0,0,0,0,0,0,0,0,0,0,0
1964,184,7.8,458,0,0,0,0,0,0,0,0,0,0,0,0,0,0,0,0,0,0,0,0
1985,148,4.6,22,0,0,0,0,1,0,0,0,0,0,0,0,0,0,0,0,0,0,0,0
1995,166,4.6,321,0,0,0,0,0,0,0,0,0,0,0,0,0,0,0,0,0,0,0,0
1991,121,4.4,25,0,0,0,0,0,0,1,0,0,0,0,0,0,0,0,0,0,0,0,0
2000,173,5.2,4199,0,0,0,1,0,0,0,0,0,0,0,0,0,0,0,0,0,0,0,0
1979,135,6.6,8,1,0,0,0,0,0,0,0,0,0,0,0,0,0,0,0,0,0,0,0
1974,134,6.9,23,0,0,0,0,0,0,0,0,1,0,0,0,0,0,0,0,0,0,0,0
1950,137,6.4,8,0,0,0,0,0,0,0,0,1,0,0,0,0,0,0,0,0,0,0,0
2018,109,7.9,3781,0,0,0,0,0,0,1,0,0,0,0,0,0,0,0,0,0,0,0,0
2015,90,6.4,3764,0,0,0,0,0,0,1,0,0,0,0,0,0,0,0,0,0,0,0,0
2020,100,7.7,957,0,0,0,0,1,0,0,0,0,0,0,0,0,0,0,0,0,0,0,0
1967,165,6.5,17,0,0,0,0,0,0,1,0,0,0,0,0,0,0,0,0,0,0,0,0
1971,149,7.2,770,0,0,0,0,0,0,1,0,0,0,0,0,0,0,0,0,0,0,0,0
1976,138,5.5,10,0,0,0,0,0,0,0,0,0,0,0,0,0,0,0,0,0,0,0,0
1982,160,7.5,45,0,0,0,0,0,0,0,0,1,0,0,0,0,0,0,0,0,0,0,0
2004,108,6.2,111,0,0,0,0,0,0,0,0,0,0,0,0,0,0,1,0,0,0,0,0
2008,90,1.9,314,0,0,0,1,0,0,0,0,0,0,0,0,0,0,0,0,0,0,0,0
2000,134,5.7,103,0,0,0,0,0,0,1,0,0,0,0,0,0,0,0,0,0,0,0,0
1963,134,6.4,14,0,0,0,0,0,0,0,0,1,0,0,0,0,0,0,0,0,0,0,0
1962,160,6.9,68,0,0,0,0,0,0,0,0,0,0,0,0,1,0,0,0,0,0,0,0
1981,134,6.5,31,0,0,0,0,0,0,0,0,0,0,0,0,0,0,1,0,0,0,0,0
2005,53,6.4,14,0,0,0,0,0,1,0,0,0,0,0,0,0,0,0,0,0,0,0,0
2014,141,6.8,13936,0,0,0,1,0,0,0,0,0,0,0,0,0,0,0,0,0,0,0,0
2018,135,4.4,92,0,0,0,1,0,0,0,0,0,0,0,0,0,0,0,0,0,0,0,0
1999,147,6.2,3040,0,0,0,0,0,0,0,0,0,0,0,0,0,0,0,0,0,0,0,0
1968,165,6.7,108,0,0,0,0,0,0,0,0,0,0,0,0,0,0,0,0,0,0,0,0
1971,131,5.4,10,0,0,0,0,0,0,0,0,0,0,0,0,0,0,0,0,0,0,0,0
1996,134,3.0,6,0,0,0,0,0,0,0,0,0,0,1,0,0,0,0,0,0,0,0,0
1993,149,4.7,35,0,0,0,0,0,0,0,0,0,0,0,0,0,0,0,0,0,0,0,0
2012,140,5.3,3493,0,0,0,0,0,0,1,0,0,0,0,0,0,0,0,0,0,0,0,0
2014,130,4.4,2087,0,0,0,0,0,0,1,0,0,0,0,0,0,0,0,0,0,0,0,0
2015,126,4.5,3047,0,0,0,0,0,0,1,0,0,0,0,0,0,0,0,0,0,0,0,0
2018,131,3.3,1470,0,0,0,0,1,0,0,0,0,0,0,0,0,0,0,0,0,0,0,0
1967,133,7.9,50,0,0,0,0,0,0,1,0,0,0,0,0,0,0,0,0,0,0,0,0
1989,140,6.0,269,0,0,0,0,0,0,0,0,0,0,0,0,0,0,0,0,0,0,0,0
2002,140,5.6,625,0,0,0,0,0,0,0,0,0,0,0,0,0,0,0,0,0,0,0,0
1956,134,6.8,17,1,0,0,0,0,0,0,0,0,0,0,0,0,0,0,0,0,0,0,0
2007,110,4.2,460,0,0,0,1,0,0,0,0,0,0,0,0,0,0,0,0,0,0,0,0
1988,151,6.9,390,0,0,0,0,0,0,0,0,0,0,0,0,0,0,0,0,0,0,0,0
2004,131,4.1,492,0,0,0,0,0,0,0,0,0,0,0,0,0,0,0,0,0,0,0,0
1977,134,6.4,32,0,0,0,0,0,0,0,0,0,0,0,0,0,0,0,0,0,0,0,0
1998,136,5.6,31,0,0,0,0,0,0,0,0,0,0,0,0,0,0,0,0,0,0,0,0
1991,129,4.1,17,0,0,0,0,0,0,0,0,0,0,1,0,0,0,0,0,0,0,0,0
2011,143,6.3,2165,0,0,0,0,0,0,0,0,0,0,0,0,0,0,0,0,0,0,0,0
2020,102,6.7,31,0,0,0,0,0,0,0,0,0,0,1,0,0,0,0,0,0,0,0,0
2004,93,6.2,101,0,0,0,0,0,0,1,0,0,0,0,0,0,0,0,0,0,0,0,0
1985,134,5.8,30,0,0,0,0,0,0,0,0,0,0,1,0,0,0,0,0,0,0,0,0
2003,129,3.3,290,0,0,0,0,0,0,1,0,0,0,0,0,0,0,0,0,0,0,0,0
2014,120,7.4,1686,0,0,0,0,0,0,1,0,0,0,0,0,0,0,0,0,0,0,0,0
2015,148,5.5,1753,0,0,1,0,0,0,0,0,0,0,0,0,0,0,0,0,0,0,0,0
1987,134,5.8,43,0,0,0,0,0,0,0,0,0,0,0,0,0,0,0,0,0,0,0,0
1974,134,6.3,35,0,0,0,0,0,0,1,0,0,0,0,0,0,0,0,0,0,0,0,0
2004,123,2.7,202,0,0,0,0,0,0,1,0,0,0,0,0,0,0,0,0,0,0,0,0
2003,176,6.2,180,0,0,0,0,0,0,1,0,0,0,0,0,0,0,0,0,0,0,0,0
1968,170,6.5,11,0,0,0,0,0,0,1,0,0,0,0,0,0,0,0,0,0,0,0,0
1998,186,7.1,274,0,0,0,0,0,0,1,0,0,0,0,0,0,0,0,0,0,0,0,0
2003,120,7.9,4744,0,0,0,0,0,0,1,0,0,0,0,0,0,0,0,0,0,0,0,0
2013,56,7.8,9,0,0,0,0,0,1,0,0,0,0,0,0,0,0,0,0,0,0,0,0
2014,131,5.1,458,0,0,0,0,0,0,1,0,0,0,0,0,0,0,0,0,0,0,0,0
1956,134,4.8,12,0,0,0,0,0,0,0,0,0,0,0,0,0,0,1,0,0,0,0,0
1970,142,7.0,192,0,0,0,0,0,0,0,0,0,0,0,0,1,0,0,0,0,0,0,0
1992,159,5.1,147,0,0,0,0,0,0,1,0,0,0,0,0,0,0,0,0,0,0,0,0
1973,134,5.3,23,0,0,0,0,0,0,0,0,0,0,0,0,0,0,0,0,0,0,0,0
1999,127,4.0,60,0,0,0,0,0,0,1,0,0,0,0,0,0,0,0,0,0,0,0,0
1959,134,4.5,11,0,0,0,0,0,0,1,0,0,0,0,0,0,0,0,0,0,0,0,0
1973,134,6.5,240,0,0,0,0,0,0,0,0,0,0,0,0,0,0,1,0,0,0,0,0
1978,134,6.7,77,0,0,0,0,0,0,0,0,0,0,0,0,0,0,0,0,0,0,0,0
1979,134,4.3,6,0,0,0,0,0,0,0,0,0,0,0,0,0,0,0,0,0,0,0,0
1982,133,3.4,9,0,0,0,0,0,0,0,0,0,0,0,0,0,0,0,0,0,0,0,0
2018,135,5.6,1042,0,0,0,0,0,0,1,0,0,0,0,0,0,0,0,0,0,0,0,0
2008,129,3.3,1981,0,0,0,0,0,0,1,0,0,0,0,0,0,0,0,0,0,0,0,0
1999,139,4.7,3998,0,0,0,0,0,0,0,0,0,0,0,0,0,0,0,0,0,0,0,0
2021,102,5.6,3167,0,0,0,1,0,0,0,0,0,0,0,0,0,0,0,0,0,0,0,0
2010,104,2.7,115,0,0,0,1,0,0,0,0,0,0,0,0,0,0,0,0,0,0,0,0
2010,130,6.3,132,0,0,0,1,0,0,0,0,0,0,0,0,0,0,0,0,0,0,0,0
2016,107,3.8,1045,0,0,0,1,0,0,0,0,0,0,0,0,0,0,0,0,0,0,0,0
2010,125,6.0,13,0,0,0,0,0,0,1,0,0,0,0,0,0,0,0,0,0,0,0,0
2010,109,4.3,358,0,0,0,0,0,0,0,0,0,0,1,0,0,0,0,0,0,0,0,0
1991,184,6.4,667,0,0,0,0,0,0,1,0,0,0,0,0,0,0,0,0,0,0,0,0
1976,164,6.8,998,0,0,0,0,0,0,0,0,0,0,0,0,0,0,0,0,0,0,0,0
2000,156,8.2,59545,0,0,0,0,0,0,0,0,0,0,0,0,0,0,0,0,0,0,0,0
1964,142,5.3,33,1,0,0,0,0,0,0,0,0,0,0,0,0,0,0,0,0,0,0,0
1983,173,6.7,810,0,0,0,0,0,0,0,0,0,0,0,0,0,0,0,0,0,0,0,0
2015,145,3.5,2398,0,0,0,0,0,0,0,0,0,0,0,0,0,0,0,0,0,0,0,0
1998,152,4.8,308,0,0,0,0,0,0,0,0,0,0,0,0,0,0,0,0,0,0,0,0
1988,146,6.2,263,0,0,0,0,0,0,0,0,0,0,0,0,0,0,0,0,0,0,0,0
1997,134,6.2,2737,0,0,0,1,0,0,0,0,0,0,0,0,0,0,0,0,0,0,0,0
2008,139,5.5,2059,0,0,0,0,0,0,0,0,0,0,0,0,0,0,0,0,0,0,0,0
2012,149,5.1,4132,0,0,0,0,0,0,1,0,0,0,0,0,0,0,0,0,0,0,0,0
2014,146,5.3,8372,0,0,0,0,0,0,0,0,0,0,0,0,0,0,0,0,0,0,0,0
2015,113,2.9,169,0,0,0,0,0,0,0,0,0,0,0,0,0,0,0,0,0,0,0,0
2000,186,7.9,11870,0,0,0,0,1,0,0,0,0,0,0,0,0,0,0,0,0,0,0,0
2018,106,6.3,166,0,0,0,0,0,0,1,0,0,0,0,0,0,0,0,0,0,0,0,0
2007,144,6.0,13705,0,0,0,1,0,0,0,0,0,0,0,0,0,0,0,0,0,0,0,0
2018,116,7.5,11094,0,0,0,1,0,0,0,0,0,0,0,0,0,0,0,0,0,0,0,0
2010,105,4.2,220,0,0,0,0,0,0,1,0,0,0,0,0,0,0,0,0,0,0,0,0
1987,136,5.4,140,0,0,0,0,0,0,1,0,0,0,0,0,0,0,0,0,0,0,0,0
2018,102,5.4,303,0,0,0,1,0,0,0,0,0,0,0,0,0,0,0,0,0,0,0,0
2014,133,7.6,27168,0,0,0,0,1,0,0,0,0,0,0,0,0,0,0,0,0,0,0,0
2007,134,5.5,13,0,0,0,0,0,0,0,0,0,0,0,0,0,0,0,0,0,1,0,0
2004,71,7.3,30,0,0,0,0,0,1,0,0,0,0,0,0,0,0,0,0,0,0,0,0
2008,117,3.7,312,0,0,0,0,0,0,0,0,0,0,0,0,0,0,0,0,0,0,0,0
1957,134,7.2,11,0,0,0,0,0,0,0,0,0,0,0,0,0,0,1,0,0,0,0,0
1965,120,6.8,92,1,0,0,0,0,0,0,0,0,0,0,0,0,0,0,0,0,0,0,0
1997,134,5.0,127,0,0,0,0,0,0,1,0,0,0,0,0,0,0,0,0,0,0,0,0
1975,134,5.7,39,0,0,0,0,0,0,0,0,0,0,0,0,0,0,0,0,0,0,0,0
1970,152,6.4,31,0,0,0,0,0,0,0,0,0,0,0,0,0,0,0,0,0,0,0,0
1996,138,4.5,196,0,0,0,0,0,0,0,0,0,0,0,0,0,0,0,0,0,0,0,0
1987,137,5.0,43,0,0,0,0,0,0,0,0,0,0,0,0,0,0,0,0,0,0,0,0
1996,149,5.1,18,0,0,0,0,0,0,0,0,0,0,0,0,0,0,0,0,0,0,0,0
1983,179,4.5,275,0,0,0,0,0,0,0,0,0,0,0,0,0,0,0,0,0,0,0,0
1998,120,4.3,26,0,0,0,0,0,0,0,0,0,0,0,0,0,0,0,0,0,0,0,0
2013,150,1.7,8186,0,0,0,0,0,0,0,0,0,0,0,0,0,0,0,0,0,0,0,0
2017,130,6.6,3993,0,0,0,0,0,0,0,0,0,0,0,0,0,0,0,0,0,0,0,0
2017,132,7.9,24676,0,0,0,1,0,0,0,0,0,0,0,0,0,0,0,0,0,0,0,0
1973,152,6.2,120,0,0,0,0,0,0,0,0,0,0,0,0,0,0,0,0,0,0,0,0
2002,128,5.3,7,0,0,0,0,0,0,0,0,0,0,0,0,0,0,0,0,0,0,0,0
2015,134,6.6,8,0,0,0,0,0,0,0,1,0,0,0,0,0,0,0,0,0,0,0,0
1984,134,7.1,84,0,0,0,0,0,0,1,0,0,0,0,0,0,0,0,0,0,0,0,0
1977,125,5.9,14,0,0,0,0,0,0,0,1,0,0,0,0,0,0,0,0,0,0,0,0
1987,180,5.4,33,0,0,0,0,0,0,0,0,0,0,0,0,0,0,0,0,0,0,0,0
1989,134,5.4,33,0,0,0,0,0,0,1,0,0,0,0,0,0,0,0,0,0,0,0,0
2010,98,2.9,1661,0,0,0,1,0,0,0,0,0,0,0,0,0,0,0,0,0,0,0,0
2015,134,7.5,6,0,0,0,0,0,1,0,0,0,0,0,0,0,0,0,0,0,0,0,0
1988,138,5.4,53,0,0,0,0,0,0,0,0,0,0,0,0,0,0,0,0,0,0,0,0
2005,134,2.8,15,0,0,0,0,0,0,1,0,0,0,0,0,0,0,0,0,0,0,0,0
2004,101,6.1,45,0,0,0,0,1,0,0,0,0,0,0,0,0,0,0,0,0,0,0,0
2015,124,3.8,45,0,0,0,1,0,0,0,0,0,0,0,0,0,0,0,0,0,0,0,0
1999,180,4.3,513,0,0,0,0,0,0,0,0,0,0,0,0,0,0,0,0,0,0,0,0
1985,120,7.4,557,0,0,0,1,0,0,0,0,0,0,0,0,0,0,0,0,0,0,0,0
1970,144,5.9,9,0,0,0,0,0,0,1,0,0,0,0,0,0,0,0,0,0,0,0,0
2006,134,4.3,139,0,0,0,0,0,0,1,0,0,0,0,0,0,0,0,0,0,0,0,0
1963,134,5.8,19,0,0,0,0,0,0,1,0,0,0,0,0,0,0,0,0,0,0,0,0
2014,160,7.2,26163,0,0,0,0,0,0,0,0,0,0,0,0,0,0,0,0,0,0,0,0
2003,130,7.0,196,0,0,0,1,0,0,0,0,0,0,0,0,0,0,0,0,0,0,0,0
2005,151,3.1,600,0,0,0,1,0,0,0,0,0,0,0,0,0,0,0,0,0,0,0,0
2020,47,6.6,18,0,0,0,1,0,0,0,0,0,0,0,0,0,0,0,0,0,0,0,0
1973,128,6.5,33,0,0,0,1,0,0,0,0,0,0,0,0,0,0,0,0,0,0,0,0
1992,160,5.6,51,0,0,0,1,0,0,0,0,0,0,0,0,0,0,0,0,0,0,0,0
2007,118,6.1,2411,0,0,0,1,0,0,0,0,0,0,0,0,0,0,0,0,0,0,0,0
2018,96,6.3,414,0,0,0,1,0,0,0,0,0,0,0,0,0,0,0,0,0,0,0,0
2009,134,3.8,41,0,0,0,1,0,0,0,0,0,0,0,0,0,0,0,0,0,0,0,0
2017,115,3.5,11,0,0,0,0,0,0,0,0,0,0,1,0,0,0,0,0,0,0,0,0
2013,91,4.2,1747,0,0,0,0,0,0,0,0,0,0,1,0,0,0,0,0,0,0,0,0
1985,147,4.7,33,0,0,0,0,0,0,0,0,0,0,0,0,0,0,0,0,0,0,0,0
2011,111,5.2,579,0,0,0,0,0,0,0,0,0,0,0,0,0,0,0,0,0,0,0,0
2006,118,5.1,15,0,0,0,0,0,0,0,0,0,0,0,0,0,0,1,0,0,0,0,0
1999,140,5.0,291,0,0,0,0,0,0,0,0,0,0,0,0,0,0,1,0,0,0,0,0
1981,135,6.2,97,0,0,0,0,0,0,0,0,0,0,1,0,0,0,0,0,0,0,0,0
2017,130,5.8,10,0,0,0,1,0,0,0,0,0,0,0,0,0,0,0,0,0,0,0,0
2018,130,3.8,78,0,0,0,1,0,0,0,0,0,0,0,0,0,0,0,0,0,0,0,0
2018,123,7.6,56048,0,0,0,0,0,0,0,0,0,0,0,0,0,0,0,0,0,0,0,0
2016,102,7.1,2009,0,0,0,1,0,0,0,0,0,0,0,0,0,0,0,0,0,0,0,0
2019,104,5.5,1486,0,0,0,1,0,0,0,0,0,0,0,0,0,0,0,0,0,0,0,0
1991,112,5.8,36,0,0,0,0,0,0,0,0,0,0,1,0,0,0,0,0,0,0,0,0
1955,134,7.3,70,0,0,0,0,1,0,0,0,0,0,0,0,0,0,0,0,0,0,0,0
2021,134,7.8,8,0,0,0,0,0,0,0,0,0,0,1,0,0,0,0,0,0,0,0,0
2000,130,7.3,311,0,0,0,0,0,0,1,0,0,0,0,0,0,0,0,0,0,0,0,0
2009,127,6.4,37,0,0,0,0,0,0,1,0,0,0,0,0,0,0,0,0,0,0,0,0
2010,144,5.5,13169,0,0,0,1,0,0,0,0,0,0,0,0,0,0,0,0,0,0,0,0
2012,145,5.3,13576,0,0,0,0,0,0,0,0,0,0,0,0,0,0,0,0,0,0,0,0
2016,140,5.0,8653,0,0,0,0,0,0,0,0,0,0,0,0,0,0,0,0,0,0,0,0
2019,145,3.5,10908,0,0,0,0,0,0,0,0,0,0,0,0,0,0,0,0,0,0,0,0
1958,153,6.9,200,0,0,0,0,0,0,0,0,0,0,0,0,1,0,0,0,0,0,0,0
1999,172,6.4,442,0,0,0,0,0,0,1,0,0,0,0,0,0,0,0,0,0,0,0,0
1987,130,6.1,140,0,0,0,0,0,0,0,0,0,0,0,0,0,0,0,0,0,0,0,0
1951,134,7.5,54,0,0,0,0,0,0,1,0,0,0,0,0,0,0,0,0,0,0,0,0
1995,152,4.6,416,0,0,0,0,0,0,0,0,0,0,0,0,0,0,0,0,0,0,0,0
1971,149,7.1,83,1,0,0,0,0,0,0,0,0,0,0,0,0,0,0,0,0,0,0,0
2004,149,7.0,7251,0,0,0,0,0,0,0,0,0,0,0,0,0,0,0,0,0,0,0,0
2008,107,6.4,234,0,0,0,1,0,0,0,0,0,0,0,0,0,0,0,0,0,0,0,0
1991,184,6.8,2794,0,0,0,0,0,0,0,0,0,0,0,0,0,0,0,0,0,0,0,0
1999,168,5.7,1564,0,0,0,0,0,0,1,0,0,0,0,0,0,0,0,0,0,0,0,0
1994,206,7.5,19669,0,0,0,1,0,0,0,0,0,0,0,0,0,0,0,0,0,0,0,0
1948,134,7.1,16,0,0,0,0,0,0,1,0,0,0,0,0,0,0,0,0,0,0,0,0
1989,149,5.8,37,0,0,0,0,0,0,0,0,0,0,0,0,0,0,0,0,0,0,0,0
2019,143,5.7,286,0,0,0,0,0,0,1,0,0,0,0,0,0,0,0,0,0,0,0,0
1999,177,7.5,17490,0,0,0,1,0,0,0,0,0,0,0,0,0,0,0,0,0,0,0,0
2011,134,3.3,15,0,0,0,0,0,0,0,0,0,0,0,0,0,0,0,0,0,0,0,0
1984,134,5.2,11,0,0,0,0,0,0,1,0,0,0,0,0,0,0,0,0,0,0,0,0
1985,156,6.6,56,0,0,0,1,0,0,0,0,0,0,0,0,0,0,0,0,0,0,0,0
1961,164,7.5,394,0,0,0,0,0,0,1,0,0,0,0,0,0,0,0,0,0,0,0,0
1995,154,6.3,192,0,0,0,0,0,0,0,0,0,0,0,0,0,0,0,0,0,0,0,0
2005,134,6.9,99,0,0,0,1,0,0,0,0,0,0,0,0,0,0,0,0,0,0,0,0
1946,121,7.1,28,0,0,0,0,0,0,1,0,0,0,0,0,0,0,0,0,0,0,0,0
1988,134,4.7,15,0,0,0,0,0,0,0,0,0,0,0,0,0,0,0,0,0,0,0,0
2013,134,3.0,145,0,0,0,1,0,0,0,0,0,0,0,0,0,0,0,0,0,0,0,0
2014,126,6.2,10,0,0,0,1,0,0,0,0,0,0,0,0,0,0,0,0,0,0,0,0
1994,145,4.8,586,0,0,0,0,0,0,0,0,0,0,0,0,0,0,0,0,0,0,0,0
1993,142,5.5,177,0,0,0,0,0,0,0,0,0,0,0,0,0,0,0,0,0,0,0,0
1994,134,5.7,10,0,0,0,0,0,0,0,0,0,0,0,0,0,0,0,0,0,0,0,0
1984,134,4.4,18,0,0,0,0,0,0,0,0,0,0,0,0,0,0,0,0,0,0,0,0
2002,134,3.2,6,0,0,0,0,0,0,1,0,0,0,0,0,0,0,0,0,0,0,0,0
1993,163,7.4,5476,0,0,0,1,0,0,0,0,0,0,0,0,0,0,0,0,0,0,0,0
1960,134,7.2,55,0,0,0,0,0,0,1,0,0,0,0,0,0,0,0,0,0,0,0,0
2001,168,4.2,399,0,0,0,0,0,0,1,0,0,0,0,0,0,0,0,0,0,0,0,0
1989,134,5.5,25,0,0,0,0,0,0,1,0,0,0,0,0,0,0,0,0,0,0,0,0
2004,119,3.6,322,0,0,0,0,0,0,0,0,0,0,1,0,0,0,0,0,0,0,0,0
2002,161,4.4,1351,0,0,0,0,0,0,0,0,0,0,0,0,0,0,0,0,0,0,0,0
1977,169,7.2,477,0,0,0,0,0,0,0,0,0,0,0,0,0,0,0,0,0,0,0,0
1951,144,6.5,15,0,0,0,0,0,0,1,0,0,0,0,0,0,0,0,0,0,0,0,0
1980,122,5.6,11,0,0,0,1,0,0,0,0,0,0,0,0,0,0,0,0,0,0,0,0
1985,137,5.3,69,0,0,0,0,0,0,1,0,0,0,0,0,0,0,0,0,0,0,0,0
1980,163,6.5,189,0,0,0,0,0,0,0,0,0,0,0,0,0,0,0,0,0,0,0,0
1957,134,6.7,11,0,0,0,0,0,0,1,0,0,0,0,0,0,0,0,0,0,0,0,0
2003,134,4.7,16,1,0,0,0,0,0,0,0,0,0,0,0,0,0,0,0,0,0,0,0
2009,134,4.0,7,0,0,0,0,0,0,1,0,0,0,0,0,0,0,0,0,0,0,0,0
2002,138,5.7,46,0,0,0,0,0,0,0,0,0,0,0,0,1,0,0,0,0,0,0,0
1984,134,6.4,12,0,0,0,0,0,0,1,0,0,0,0,0,0,0,0,0,0,0,0,0
1999,177,6.3,7359,0,0,0,0,0,0,1,0,0,0,0,0,0,0,0,0,0,0,0,0
1995,143,3.5,37,0,0,0,0,0,0,0,0,0,0,0,0,0,0,0,0,0,0,0,0
1965,134,6.7,22,0,0,0,0,0,0,0,0,0,0,0,0,0,0,0,0,0,0,0,0
1981,134,6.0,42,1,0,0,0,0,0,0,0,0,0,0,0,0,0,0,0,0,0,0,0
1983,119,6.0,47,0,0,0,0,0,0,0,0,0,0,0,0,0,0,0,0,0,0,0,0
1990,145,4.5,48,0,0,0,0,0,0,0,0,0,0,0,0,0,0,0,0,0,0,0,0
2008,134,3.5,18,0,0,0,0,0,0,0,0,0,0,0,0,0,0,1,0,0,0,0,0
1979,134,6.5,24,0,0,0,0,0,0,1,0,0,0,0,0,0,0,0,0,0,0,0,0
1988,137,5.8,19,0,0,0,0,0,0,1,0,0,0,0,0,0,0,0,0,0,0,0,0
2000,153,2.7,384,0,0,0,0,0,0,0,0,0,0,0,0,0,0,0,0,0,0,0,0
2004,143,7.0,13486,0,0,0,1,0,0,0,0,0,0,0,0,0,0,0,0,0,0,0,0
2010,125,4.7,673,0,0,0,1,0,0,0,0,0,0,0,0,0,0,0,0,0,0,0,0
2005,134,4.6,42,0,0,0,0,0,0,1,0,0,0,0,0,0,0,0,0,0,0,0,0
1971,142,5.9,10,0,0,0,0,0,0,1,0,0,0,0,0,0,0,0,0,0,0,0,0
2015,114,6.4,18,0,0,0,0,0,0,1,0,0,0,0,0,0,0,0,0,0,0,0,0
1999,165,5.3,488,0,0,0,1,0,0,0,0,0,0,0,0,0,0,0,0,0,0,0,0
2011,126,3.6,291,0,0,0,1,0,0,0,0,0,0,0,0,0,0,0,0,0,0,0,0
2002,174,5.4,6610,0,0,0,0,0,0,1,0,0,0,0,0,0,0,0,0,0,0,0,0
1945,118,7.5,46,0,0,0,0,0,0,1,0,0,0,0,0,0,0,0,0,0,0,0,0
2019,91,4.9,115,0,0,0,0,0,0,0,0,0,0,0,0,0,0,0,0,0,0,0,0
2003,135,1.7,27,0,0,0,0,0,0,1,0,0,0,0,0,0,0,0,0,0,0,0,0
1970,134,5.9,84,0,0,0,1,0,0,0,0,0,0,0,0,0,0,0,0,0,0,0,0
1980,124,6.7,26,0,0,0,0,0,0,0,0,0,0,0,0,1,0,0,0,0,0,0,0
2006,155,5.2,3977,0,0,0,0,0,0,1,0,0,0,0,0,0,0,0,0,0,0,0,0
2006,128,4.8,552,0,0,0,0,0,0,1,0,0,0,0,0,0,0,0,0,0,0,0,0
1992,134,4.7,51,0,0,0,0,0,0,0,0,0,0,0,0,0,0,0,0,0,0,0,0
2007,149,6.9,51,0,0,0,0,0,0,1,0,0,0,0,0,0,0,0,0,0,0,0,0
2014,133,6.0,11840,0,0,0,1,0,0,0,0,0,0,0,0,0,0,0,0,0,0,0,0
2002,173,6.4,3207,0,0,0,0,0,0,0,0,0,0,0,0,0,0,0,0,0,0,0,0
1953,134,7.9,9,0,0,0,0,0,0,1,0,0,0,0,0,0,0,0,0,0,0,0,0
1968,134,6.4,18,0,0,0,0,0,0,0,0,0,0,0,0,0,0,0,0,0,0,0,0
1998,134,3.3,119,0,0,0,0,0,0,0,0,0,0,0,0,0,0,0,0,0,0,0,0
1983,120,5.3,9,0,0,0,1,0,0,0,0,0,0,0,0,0,0,0,0,0,0,0,0
1992,134,5.3,24,0,0,0,0,0,0,0,0,0,0,0,0,0,0,0,0,0,0,0,0
1974,142,6.1,38,0,0,0,0,0,0,0,0,0,0,0,0,0,0,0,0,0,1,0,0
2014,159,1.8,7840,0,0,0,1,0,0,0,0,0,0,0,0,0,0,0,0,0,0,0,0
1971,134,7.1,39,0,0,0,1,0,0,0,0,0,0,0,0,0,0,0,0,0,0,0,0
2003,153,7.5,13768,0,0,0,1,0,0,0,0,0,0,0,0,0,0,0,0,0,0,0,0
2007,134,6.2,19,0,0,0,1,0,0,0,0,0,0,0,0,0,0,0,0,0,0,0,0
2015,141,7.0,5798,0,0,0,1,0,0,0,0,0,0,0,0,0,0,0,0,0,0,0,0
2018,156,6.9,7441,0,0,0,1,0,0,0,0,0,0,0,0,0,0,0,0,0,0,0,0
1966,134,6.4,14,1,0,0,0,0,0,0,0,0,0,0,0,0,0,0,0,0,0,0,0
2001,134,3.8,6,0,0,0,0,0,0,0,0,0,0,0,0,0,0,0,0,0,0,0,0
1998,85,7.2,903,0,0,0,1,0,0,0,0,0,0,0,0,0,0,0,0,0,0,0,0
2004,134,6.1,229,0,0,0,0,0,0,1,0,0,0,0,0,0,0,0,0,0,0,0,0
2006,118,6.8,118,0,0,0,1,0,0,0,0,0,0,0,0,0,0,0,0,0,0,0,0
2019,125,5.2,27,0,0,0,1,0,0,0,0,0,0,0,0,0,0,0,0,0,0,0,0
2004,129,6.1,526,0,0,0,0,0,0,0,0,0,0,0,0,0,0,0,0,0,0,0,0
2010,95,6.8,948,0,0,0,0,0,0,1,0,0,0,0,0,0,0,0,0,0,0,0,0
2010,118,6.0,1185,0,0,0,1,0,0,0,0,0,0,0,0,0,0,0,0,0,0,0,0
2019,117,6.5,897,0,0,0,0,0,0,0,0,0,0,0,0,0,0,1,0,0,0,0,0
2010,88,8.0,3895,0,0,0,1,0,0,0,0,0,0,0,0,0,0,0,0,0,0,0,0
2015,90,5.7,23,0,0,0,0,0,0,1,0,0,0,0,0,0,0,0,0,0,0,0,0
2020,101,7.2,12,0,0,0,0,0,0,1,0,0,0,0,0,0,0,0,0,0,0,0,0
2015,102,8.6,17,0,0,0,0,0,1,0,0,0,0,0,0,0,0,0,0,0,0,0,0
2018,80,5.4,11,0,0,0,0,0,0,1,0,0,0,0,0,0,0,0,0,0,0,0,0
2019,134,8.2,8,0,0,0,0,0,0,1,0,0,0,0,0,0,0,0,0,0,0,0,0
2005,100,7.3,700,0,0,0,0,0,0,1,0,0,0,0,0,0,0,0,0,0,0,0,0
2013,120,6.0,25,0,0,0,0,0,0,0,0,0,0,0,0,0,0,1,0,0,0,0,0
2010,129,5.6,7675,0,0,0,1,0,0,0,0,0,0,0,0,0,0,0,0,0,0,0,0
2020,98,3.5,20,0,0,0,0,0,0,0,0,0,0,1,0,0,0,0,0,0,0,0,0
2015,127,3.4,648,0,0,0,1,0,0,0,0,0,0,0,0,0,0,0,0,0,0,0,0
1992,134,3.7,9,0,0,0,0,0,0,1,0,0,0,0,0,0,0,0,0,0,0,0,0
2006,122,4.1,1119,0,0,0,1,0,0,0,0,0,0,0,0,0,0,0,0,0,0,0,0
2011,93,3.7,7,0,0,0,0,0,0,1,0,0,0,0,0,0,0,0,0,0,0,0,0
2013,108,4.6,1824,0,0,0,1,0,0,0,0,0,0,0,0,0,0,0,0,0,0,0,0
2012,87,6.9,152,0,0,0,0,0,0,1,0,0,0,0,0,0,0,0,0,0,0,0,0
2018,126,5.4,115,0,0,0,0,0,0,0,0,0,0,0,0,0,0,0,0,0,0,0,0
2014,92,5.9,63,0,0,0,1,0,0,0,0,0,0,0,0,0,0,0,0,0,0,0,0
2010,131,4.5,38,0,0,0,1,0,0,0,0,0,0,0,0,0,0,0,0,0,0,0,0
2017,127,6.5,117,0,0,0,0,0,0,1,0,0,0,0,0,0,0,0,0,0,0,0,0
1994,134,3.6,631,0,0,0,0,0,0,0,0,0,0,0,0,0,0,0,0,0,0,0,0
1989,161,4.7,147,0,0,0,0,0,0,0,0,0,0,0,0,0,0,0,0,0,0,0,0
2018,134,5.9,18,0,0,0,0,0,0,0,0,0,0,0,0,0,0,0,0,0,0,0,0
1986,164,6.0,95,0,0,0,0,0,0,1,0,0,0,0,0,0,0,0,0,0,0,0,0
1954,133,6.1,7,0,0,0,0,0,0,1,0,0,0,0,0,0,0,0,0,0,0,0,0
2007,140,9.2,36,0,0,0,0,0,0,0,0,0,0,0,0,0,0,0,0,0,0,0,0
1974,131,7.4,27,0,0,0,0,0,0,0,0,0,0,0,0,0,0,1,0,0,0,0,0
1987,152,5.4,62,0,0,0,0,0,0,0,0,0,0,0,0,0,0,0,0,0,0,0,0
1977,156,5.7,177,0,0,0,0,0,0,0,0,0,0,0,0,0,0,0,0,0,0,0,0
2011,134,2.1,76,0,0,0,1,0,0,0,0,0,0,0,0,0,0,0,0,0,0,0,0
1994,152,5.3,338,0,0,0,0,0,0,0,0,0,0,0,0,0,0,0,0,0,0,0,0
1974,153,7.4,63,0,0,0,0,0,0,0,1,0,0,0,0,0,0,0,0,0,0,0,0
2010,78,6.4,14,0,0,0,0,0,1,0,0,0,0,0,0,0,0,0,0,0,0,0,0
1994,126,7.1,348,0,0,0,1,0,0,0,0,0,0,0,0,0,0,0,0,0,0,0,0
2012,143,5.9,7,0,0,0,0,0,0,1,0,0,0,0,0,0,0,0,0,0,0,0,0
2017,117,7.1,577,0,0,0,0,0,0,1,0,0,0,0,0,0,0,0,0,0,0,0,0
2015,92,6.8,41,0,0,0,0,0,1,0,0,0,0,0,0,0,0,0,0,0,0,0,0
2003,132,7.1,17628,0,0,0,0,0,0,0,0,0,0,0,0,0,0,0,0,0,0,0,0
1987,134,6.0,142,0,0,0,0,0,0,0,0,0,0,0,0,0,0,0,0,0,0,0,0
1999,134,4.5,61,0,0,0,0,0,0,0,0,0,0,0,0,0,0,0,0,0,0,0,0
2007,108,8.9,208,0,0,0,0,0,1,0,0,0,0,0,0,0,0,0,0,0,0,0,0
2001,178,5.4,2213,0,0,0,0,0,0,0,0,0,0,0,0,0,0,0,0,0,0,0,0
2003,134,4.5,52,0,0,0,0,0,0,1,0,0,0,0,0,0,0,0,0,0,0,0,0
2018,134,6.5,27,0,0,0,0,0,0,1,0,0,0,0,0,0,0,0,0,0,0,0,0
2015,63,8.2,1998,0,0,0,0,0,1,0,0,0,0,0,0,0,0,0,0,0,0,0,0
2015,120,6.9,21,0,0,0,0,0,0,0,0,0,0,0,0,0,0,0,0,0,0,0,0
2019,123,4.5,1991,0,0,0,0,0,0,0,0,0,0,0,0,0,0,0,0,0,0,0,0
1996,143,7.0,218,0,0,0,0,0,0,1,0,0,0,0,0,0,0,0,0,0,0,0,0
2020,118,3.0,5032,0,0,0,1,0,0,0,0,0,0,0,0,0,0,0,0,0,0,0,0
2021,90,8.8,5,0,0,0,0,0,0,0,0,0,0,0,0,0,1,0,0,0,0,0,0
1991,134,4.5,258,0,0,0,0,0,0,0,0,0,0,0,0,0,0,0,0,0,0,0,0
1958,121,7.3,57,0,0,0,0,0,0,1,0,0,0,0,0,0,0,0,0,0,0,0,0
1932,211,6.0,12,0,0,0,0,0,0,0,0,0,0,0,0,1,0,0,0,0,0,0,0
1989,158,7.2,293,0,0,0,1,0,0,0,0,0,0,0,0,0,0,0,0,0,0,0,0
2017,139,6.0,1446,0,0,0,0,0,0,1,0,0,0,0,0,0,0,0,0,0,0,0,0
2007,134,6.5,23,0,1,0,0,0,0,0,0,0,0,0,0,0,0,0,0,0,0,0,0
1977,135,6.9,189,0,0,0,0,0,0,0,0,0,0,0,0,0,1,0,0,0,0,0,0
2013,125,6.0,2491,0,0,0,0,0,0,1,0,0,0,0,0,0,0,0,0,0,0,0,0
1984,152,5.8,271,0,0,0,0,0,0,0,0,0,0,0,0,0,0,0,0,0,0,0,0
1935,144,7.4,38,0,0,0,0,0,0,1,0,0,0,0,0,0,0,0,0,0,0,0,0
1987,134,6.7,68,0,0,0,0,0,0,0,0,0,0,0,0,0,0,0,0,0,0,0,0
1966,129,5.7,6,0,0,0,0,0,0,0,0,0,0,0,0,0,0,0,0,0,0,0,0
1994,140,4.7,43,0,0,0,0,0,0,0,0,0,0,0,0,0,0,0,0,0,0,0,0
1984,134,4.9,44,0,0,0,0,0,0,0,0,0,0,0,0,0,0,0,0,0,0,0,0
1986,162,4.8,28,0,0,0,0,0,0,0,0,0,0,0,0,0,0,0,0,0,0,0,0
1992,134,3.0,25,0,0,0,0,0,0,0,0,0,0,0,0,0,0,0,0,0,0,0,0
1985,134,6.8,38,0,0,0,0,1,0,0,0,0,0,0,0,0,0,0,0,0,0,0,0
1997,155,4.2,864,0,0,0,0,0,0,0,0,0,0,0,0,0,0,0,0,0,0,0,0
2004,136,3.9,92,0,0,0,0,0,0,0,0,0,0,0,0,0,0,0,0,0,0,0,0
1982,150,5.4,29,0,0,0,0,0,0,0,0,0,0,0,0,0,0,0,0,0,0,0,0
1970,134,5.1,14,0,0,0,0,0,0,0,0,0,0,0,0,0,0,0,0,0,0,0,0
1992,134,3.4,11,0,0,0,0,0,0,0,0,0,0,1,0,0,0,0,0,0,0,0,0
1959,135,6.8,38,0,0,0,0,0,0,1,0,0,0,0,0,0,0,0,0,0,0,0,0
1974,133,6.5,13,0,0,0,0,0,0,1,0,0,0,0,0,0,0,0,0,0,0,0,0
1969,134,6.4,5,0,0,0,0,1,0,0,0,0,0,0,0,0,0,0,0,0,0,0,0
1980,146,6.4,231,0,0,0,0,1,0,0,0,0,0,0,0,0,0,0,0,0,0,0,0
1987,134,5.2,32,0,0,0,0,0,0,0,0,0,0,0,0,0,0,0,0,0,0,0,0
2005,141,4.6,1295,0,0,0,0,0,0,0,0,0,0,0,0,0,0,0,0,0,0,0,0
1994,180,3.0,262,0,0,0,0,0,0,0,0,0,0,0,0,0,0,0,0,0,0,0,0
1955,185,7.4,79,0,0,0,0,0,0,0,0,0,0,0,0,0,0,0,0,0,0,0,0
1993,134,5.1,64,0,0,0,0,0,0,0,0,0,0,0,0,0,0,0,0,0,0,0,0
1987,145,4.6,52,0,0,0,0,0,0,0,0,0,0,0,0,0,0,0,0,0,0,0,0
2012,82,6.8,131,0,0,0,0,0,1,0,0,0,0,0,0,0,0,0,0,0,0,0,0
1957,134,5.6,15,0,0,0,0,0,0,0,0,0,0,0,0,0,0,0,0,0,0,0,0
1991,143,6.9,342,0,0,0,0,0,0,0,0,0,0,0,0,0,0,0,0,0,0,0,0
1991,150,6.2,29,0,0,0,0,0,0,0,0,0,0,0,0,0,0,0,0,0,0,0,0
1979,134,6.1,7,1,0,0,0,0,0,0,0,0,0,0,0,0,0,0,0,0,0,0,0
2018,124,6.8,32,0,0,0,0,0,0,0,0,0,0,0,0,0,0,0,0,0,0,0,0
1988,134,6.6,8,0,0,0,0,0,0,0,0,0,0,0,0,0,0,0,0,0,0,0,0
1969,144,6.8,48,0,0,0,0,0,0,1,0,0,0,0,0,0,0,0,0,0,0,0,0
1984,134,5.3,9,0,0,0,0,0,0,1,0,0,0,0,0,0,0,0,0,0,0,0,0
2003,155,5.1,153,0,0,0,0,0,0,0,0,0,0,0,0,0,0,0,0,0,0,0,0
1992,159,3.8,30,0,0,0,0,0,0,1,0,0,0,0,0,0,0,0,0,0,0,0,0
1988,134,5.2,73,0,0,0,0,0,0,1,0,0,0,0,0,0,0,0,0,0,0,0,0
2001,138,2.6,10,0,0,0,1,0,0,0,0,0,0,0,0,0,0,0,0,0,0,0,0
2004,127,5.0,85,0,0,0,0,0,0,0,0,0,0,0,0,0,0,0,0,0,0,0,0
1974,138,6.5,62,0,0,0,0,0,0,0,0,0,0,0,0,0,0,0,0,0,0,0,0
1999,175,4.8,2082,0,0,0,0,0,0,0,0,0,0,0,0,0,0,0,0,0,0,0,0
1973,116,5.8,5,0,0,0,0,0,0,1,0,0,0,0,0,0,0,0,0,0,0,0,0
2002,134,3.0,10,0,0,0,0,0,0,0,0,0,0,0,0,1,0,0,0,0,0,0,0
2005,132,8.1,16185,0,0,0,0,0,0,1,0,0,0,0,0,0,0,0,0,0,0,0,0
1979,134,4.8,5,0,0,0,0,0,0,0,0,0,0,0,0,1,0,0,0,0,0,0,0
2006,130,4.7,41,0,0,0,1,0,0,0,0,0,0,0,0,0,0,0,0,0,0,0,0
1991,134,4.4,17,0,0,0,0,0,0,1,0,0,0,0,0,0,0,0,0,0,0,0,0
2017,109,6.3,1284,0,0,0,0,0,0,1,0,0,0,0,0,0,0,0,0,0,0,0,0
2001,134,5.8,50,0,0,0,1,0,0,0,0,0,0,0,0,0,0,0,0,0,0,0,0
1996,131,6.7,279,0,0,0,0,1,0,0,0,0,0,0,0,0,0,0,0,0,0,0,0
2019,155,5.0,38,0,0,0,1,0,0,0,0,0,0,0,0,0,0,0,0,0,0,0,0
1964,129,5.4,10,0,0,0,0,0,0,1,0,0,0,0,0,0,0,0,0,0,0,0,0
2008,152,4.7,7,0,0,0,0,1,0,0,0,0,0,0,0,0,0,0,0,0,0,0,0
2012,120,6.5,7145,0,0,0,0,0,0,0,0,0,0,0,0,0,0,0,0,0,0,0,0
2013,103,2.6,143,0,0,0,0,0,0,0,0,0,0,0,0,0,0,1,0,0,0,0,0
1974,131,7.3,59,0,0,0,0,0,0,1,0,0,0,0,0,0,0,0,0,0,0,0,0
2013,95,3.8,751,0,0,0,1,0,0,0,0,0,0,0,0,0,0,0,0,0,0,0,0
1997,161,6.9,10128,0,0,0,0,0,0,0,0,0,0,0,0,0,0,0,0,0,0,0,0
2016,125,4.0,96,0,0,0,0,0,0,0,0,0,0,0,0,0,0,1,0,0,0,0,0
2004,148,3.1,151,0,0,0,0,0,0,0,0,0,0,0,0,0,0,1,0,0,0,0,0
2017,135,5.8,12,0,0,0,1,0,0,0,0,0,0,0,0,0,0,0,0,0,0,0,0
2015,120,6.8,51,0,0,0,0,0,0,0,0,0,0,0,1,0,0,0,0,0,0,0,0
1994,134,5.7,10,0,0,0,0,0,0,0,0,0,0,0,0,0,0,1,0,0,0,0,0
2015,134,7.6,18,0,0,0,0,0,0,0,0,0,0,0,0,0,0,1,0,0,0,0,0
1970,134,6.7,48,0,0,0,0,0,0,0,0,0,0,0,0,0,0,1,0,0,0,0,0
2004,134,5.5,17,0,0,0,0,0,0,0,0,0,0,0,0,0,0,0,0,0,1,0,0
2018,122,5.5,12,0,0,0,0,0,0,1,0,0,0,0,0,0,0,0,0,0,0,0,0
2003,134,6.0,3937,0,0,0,1,0,0,0,0,0,0,0,0,0,0,0,0,0,0,0,0
2015,132,4.8,151,0,0,0,0,0,0,0,0,0,0,0,0,0,0,1,0,0,0,0,0
2018,118,4.1,167,0,0,0,1,0,0,0,0,0,0,0,0,0,0,0,0,0,0,0,0
2010,118,7.3,10075,0,0,0,1,0,0,0,0,0,0,0,0,0,0,0,0,0,0,0,0
1992,140,5.7,604,0,0,0,0,0,0,0,0,0,0,0,0,0,0,0,0,0,0,0,0
2010,139,5.4,391,0,0,0,1,0,0,0,0,0,0,0,0,0,0,0,0,0,0,0,0
2017,92,6.4,18,0,0,0,0,0,0,0,0,0,0,0,0,0,0,0,0,0,0,0,0
2017,135,7.5,8,0,0,0,0,0,0,0,0,0,0,0,0,0,0,0,0,0,0,0,0
1998,129,4.4,45,0,0,0,0,0,0,0,0,0,0,0,0,0,0,0,0,0,0,0,0
2015,108,6.7,315,0,0,0,0,0,0,1,0,0,0,0,0,0,0,0,0,0,0,0,0
2013,148,4.5,439,0,0,0,0,0,0,1,0,0,0,0,0,0,0,0,0,0,0,0,0
1962,130,6.7,6,0,0,0,0,0,0,1,0,0,0,0,0,0,0,0,0,0,0,0,0
2003,137,7.3,719,0,0,0,1,0,0,0,0,0,0,0,0,0,0,0,0,0,0,0,0
2010,131,6.8,503,0,0,0,0,0,0,1,0,0,0,0,0,0,0,0,0,0,0,0,0
1987,138,5.0,34,0,0,0,0,0,0,1,0,0,0,0,0,0,0,0,0,0,0,0,0
1997,154,3.5,292,0,0,0,0,0,0,0,0,0,0,0,0,0,0,0,0,0,0,0,0
1981,138,6.9,71,0,0,0,1,0,0,0,0,0,0,0,0,0,0,0,0,0,0,0,0
2007,134,5.4,62,0,0,0,0,1,0,0,0,0,0,0,0,0,0,0,0,0,0,0,0
2014,140,4.5,7875,0,0,0,0,0,0,0,0,0,0,0,0,0,0,0,0,0,0,0,0
2012,93,4.3,9,0,0,0,1,0,0,0,0,0,0,0,0,0,0,0,0,0,0,0,0
1969,104,7.4,985,0,0,0,0,1,0,0,0,0,0,0,0,0,0,0,0,0,0,0,0
2001,138,4.5,80,0,0,0,0,0,0,0,0,0,0,0,0,0,0,0,0,0,0,0,0
2017,105,7.2,10842,0,0,0,0,1,0,0,0,0,0,0,0,0,0,0,0,0,0,0,0
1937,108,6.1,17,0,0,0,0,0,0,0,0,0,0,0,0,0,0,0,0,0,0,1,0
1968,135,7.0,74,0,0,0,0,0,0,1,0,0,0,0,0,0,0,0,0,0,0,0,0
1952,134,6.4,5,0,0,0,0,0,0,0,0,0,0,0,0,0,0,0,0,0,0,1,0
1991,156,5.8,43,0,0,0,0,0,0,0,0,0,0,0,0,0,0,0,0,0,0,0,0
1993,134,4.9,76,0,0,0,0,0,0,1,0,0,0,0,0,0,0,0,0,0,0,0,0
1990,172,5.0,183,0,0,0,0,0,0,0,0,0,0,0,0,0,0,0,0,0,0,0,0
2017,127,5.3,18,0,0,0,0,0,0,1,0,0,0,0,0,0,0,0,0,0,0,0,0
1989,173,4.1,484,0,0,0,1,0,0,0,0,0,0,0,0,0,0,0,0,0,0,0,0
1984,134,6.2,69,0,0,0,0,0,0,1,0,0,0,0,0,0,0,0,0,0,0,0,0
2004,122,6.5,154,0,0,0,0,1,0,0,0,0,0,0,0,0,0,0,0,0,0,0,0
1993,134,4.2,973,0,0,0,0,0,0,0,0,0,0,0,0,0,0,0,0,0,0,0,0
1952,165,7.2,115,0,0,0,0,1,0,0,0,0,0,0,0,0,0,0,0,0,0,0,0
1986,134,5.0,103,0,0,0,0,0,0,0,0,0,0,0,0,0,0,0,0,0,0,0,0
1967,156,5.8,31,0,0,0,0,0,0,0,0,0,0,0,0,0,0,0,0,0,0,0,0
1969,136,6.9,8,0,0,0,0,0,0,0,0,0,0,0,0,0,0,0,0,0,0,0,0
2003,142,4.1,459,0,0,0,0,0,0,0,0,0,0,0,0,0,0,0,0,0,0,0,0
1960,155,7.3,77,0,0,0,0,0,0,0,0,0,0,0,0,0,0,0,0,0,0,0,0
1999,134,6.4,15,0,0,0,0,0,0,0,0,0,0,0,0,0,0,0,0,0,1,0,0
1996,170,4.1,540,0,0,0,0,0,0,0,0,0,0,0,0,0,0,0,0,0,0,0,0
1987,160,5.6,48,0,0,0,0,0,0,0,0,0,0,0,0,0,0,0,0,0,0,0,0
1975,140,5.9,7,0,0,0,0,0,0,1,0,0,0,0,0,0,0,0,0,0,0,0,0
1985,139,4.7,43,0,0,0,0,0,0,0,0,0,0,0,0,0,0,0,0,0,0,0,0
1990,137,6.6,5,0,0,0,0,0,0,0,0,0,0,0,0,0,0,0,0,0,0,0,0
2001,134,3.3,9,0,0,0,0,0,0,0,0,0,0,0,1,0,0,0,0,0,0,0,0
1991,134,4.3,10,0,0,0,1,0,0,0,0,0,0,0,0,0,0,0,0,0,0,0,0
1992,180,5.3,106,0,0,0,0,0,0,0,0,0,0,0,0,0,0,0,0,0,0,0,0
1992,150,5.9,147,0,0,0,0,0,0,1,0,0,0,0,0,0,0,0,0,0,0,0,0
2011,134,4.8,26,0,0,0,0,0,0,1,0,0,0,0,0,0,0,0,0,0,0,0,0
2006,134,5.7,34,0,0,0,1,0,0,0,0,0,0,0,0,0,0,0,0,0,0,0,0
1992,127,4.6,68,0,0,0,0,0,0,0,0,0,0,0,0,0,0,1,0,0,0,0,0
1999,153,4.8,1705,0,0,0,0,0,0,1,0,0,0,0,0,0,0,0,0,0,0,0,0
1979,134,4.6,5,0,0,0,0,0,0,0,0,0,0,0,0,0,0,0,0,0,0,0,0
1983,132,8.4,13465,0,0,0,1,0,0,0,0,0,0,0,0,0,0,0,0,0,0,0,0
2006,155,2.7,167,0,0,0,0,0,0,0,0,0,0,0,0,0,0,0,0,0,0,0,0
1998,175,3.3,30,0,0,0,1,0,0,0,0,0,0,0,0,0,0,0,0,0,0,0,0
2010,94,3.8,570,0,0,0,1,0,0,0,0,0,0,0,0,0,0,0,0,0,0,0,0
2018,131,4.8,38,0,0,0,0,0,0,1,0,0,0,0,0,0,0,0,0,0,0,0,0
2008,155,7.5,25819,0,0,0,1,0,0,0,0,0,0,0,0,0,0,0,0,0,0,0,0
1971,139,6.5,40,0,0,0,0,0,0,1,0,0,0,0,0,0,0,0,0,0,0,0,0
1979,134,6.4,7,0,0,0,0,0,0,1,0,0,0,0,0,0,0,0,0,0,0,0,0
1983,134,4.2,5,0,0,0,0,0,0,0,0,0,0,0,0,0,0,1,0,0,0,0,0
1976,110,6.8,48,0,0,0,0,1,0,0,0,0,0,0,0,0,0,0,0,0,0,0,0
2006,165,6.1,8218,0,0,0,1,0,0,0,0,0,0,0,0,0,0,0,0,0,0,0,0
1983,153,5.8,70,0,0,0,0,0,0,0,0,0,0,0,0,0,0,0,0,0,0,0,0
1979,154,6.1,455,0,0,0,0,0,0,0,0,0,0,0,0,0,0,0,0,0,0,0,0
2002,170,2.8,3240,0,0,0,0,0,0,0,0,0,0,0,0,0,0,0,0,0,0,0,0
2015,124,5.0,116,0,0,0,0,0,0,1,0,0,0,0,0,0,0,0,0,0,0,0,0
2012,134,6.0,14,0,0,0,0,0,0,0,0,0,0,0,0,0,1,0,0,0,0,0,0
1985,134,5.3,24,0,0,0,0,0,0,1,0,0,0,0,0,0,0,0,0,0,0,0,0
1999,172,6.0,2578,0,0,0,0,0,0,0,0,0,0,0,0,0,0,0,0,0,0,0,0
1982,134,6.8,43,0,0,0,0,0,0,0,0,0,0,0,0,0,0,0,0,0,0,0,0
1972,155,6.3,36,0,0,0,0,0,0,0,0,0,0,0,0,0,0,0,0,0,0,0,0
1989,129,4.2,16,0,0,0,0,1,0,0,0,0,0,0,0,0,0,0,0,0,0,0,0
1974,134,6.1,9,0,0,0,0,1,0,0,0,0,0,0,0,0,0,0,0,0,0,0,0
2017,143,5.3,19349,0,0,0,1,0,0,0,0,0,0,0,0,0,0,0,0,0,0,0,0
1965,141,6.9,278,0,0,0,0,0,0,0,0,0,0,0,0,1,0,0,0,0,0,0,0
1961,139,6.8,120,0,0,0,1,0,0,0,0,0,0,0,0,0,0,0,0,0,0,0,0
1991,134,4.5,10,0,0,0,0,0,0,1,0,0,0,0,0,0,0,0,0,0,0,0,0
1963,136,6.2,26,0,0,0,0,0,0,1,0,0,0,0,0,0,0,0,0,0,0,0,0
2012,176,6.7,52231,0,0,0,0,0,0,1,0,0,0,0,0,0,0,0,0,0,0,0,0
2016,94,5.6,14,0,0,0,0,0,0,1,0,0,0,0,0,0,0,0,0,0,0,0,0
2007,138,7.9,49012,0,0,0,1,0,0,0,0,0,0,0,0,0,0,0,0,0,0,0,0
1967,158,6.5,24,0,0,0,0,0,0,0,1,0,0,0,0,0,0,0,0,0,0,0,0
2019,125,4.4,1317,0,0,0,0,0,0,0,0,0,0,0,0,0,0,0,0,0,0,0,0
2018,98,7.5,715,0,0,0,1,0,0,0,0,0,0,0,0,0,0,0,0,0,0,0,0
2013,132,2.0,721,0,0,0,1,0,0,0,0,0,0,0,0,0,0,0,0,0,0,0,0
2019,112,8.1,17,0,0,0,0,0,0,1,0,0,0,0,0,0,0,0,0,0,0,0,0
1951,134,5.8,8,0,0,0,0,0,0,1,0,0,0,0,0,0,0,0,0,0,0,0,0
1974,134,7.6,9,1,0,0,0,0,0,0,0,0,0,0,0,0,0,0,0,0,0,0,0
1986,134,4.0,9,0,0,0,0,0,0,0,0,0,0,0,0,0,0,0,0,0,0,0,0
1977,112,6.1,46,0,0,0,0,0,0,0,0,0,0,1,0,0,0,0,0,0,0,0,0
1977,134,8.0,7,0,0,0,0,0,0,0,0,0,0,0,0,0,0,0,0,0,0,1,0
1978,163,6.6,31,0,0,0,0,0,0,0,0,1,0,0,0,0,0,0,0,0,0,0,0
2017,161,6.5,9428,0,0,0,0,0,0,0,0,0,0,0,0,0,0,0,0,0,0,0,0
1975,134,5.9,12,0,0,0,0,1,0,0,0,0,0,0,0,0,0,0,0,0,0,0,0
2004,134,4.1,9,0,0,0,0,0,0,0,0,0,0,0,0,0,0,0,0,0,0,0,0
1996,134,7.9,38,0,0,0,0,0,0,0,0,0,0,0,0,0,0,0,0,0,0,0,0
1984,135,6.4,156,0,0,0,0,0,0,0,0,0,0,0,0,0,0,0,0,0,0,0,0
2001,139,5.1,17,0,0,0,0,0,0,0,0,0,0,0,0,0,0,0,0,0,0,0,0
1955,138,6.8,140,0,0,0,1,0,0,0,0,0,0,0,0,0,0,0,0,0,0,0,0
1964,134,5.6,18,0,0,0,0,0,0,0,0,0,0,0,0,0,0,1,0,0,0,0,0
2007,137,3.9,42,0,0,0,0,0,0,0,0,0,0,0,0,0,0,0,0,0,0,0,0
1969,138,6.4,27,0,0,0,0,0,0,1,0,0,0,0,0,0,0,0,0,0,0,0,0
1999,173,6.1,23,0,0,0,0,0,0,0,0,0,0,0,0,0,0,1,0,0,0,0,0
1971,134,6.5,12,0,0,0,1,0,0,0,0,0,0,0,0,0,0,0,0,0,0,0,0
2011,199,8.7,141,0,0,0,0,0,1,0,0,0,0,0,0,0,0,0,0,0,0,0,0
2019,141,7.8,8,0,0,0,0,0,0,0,1,0,0,0,0,0,0,0,0,0,0,0,0
1961,134,7.0,11,0,0,0,0,0,0,0,0,0,0,0,0,0,0,0,0,0,0,0,0
1993,134,3.6,7,0,0,0,0,0,0,0,0,0,0,0,0,0,0,1,0,0,0,0,0
1996,134,6.7,11,0,0,0,0,0,0,1,0,0,0,0,0,0,0,0,0,0,0,0,0
2001,134,3.5,6,0,0,0,0,0,0,0,0,1,0,0,0,0,0,0,0,0,0,0,0
2016,149,5.6,2455,0,0,0,0,1,0,0,0,0,0,0,0,0,0,0,0,0,0,0,0
1948,134,7.4,10,0,0,0,0,0,0,0,0,0,0,0,0,1,0,0,0,0,0,0,0
2014,135,5.1,18411,0,0,0,0,0,0,0,0,0,0,0,0,0,0,0,0,0,0,0,0
2015,85,5.2,55,0,0,0,1,0,0,0,0,0,0,0,0,0,0,0,0,0,0,0,0
2007,127,7.9,37,0,0,0,0,0,0,1,0,0,0,0,0,0,0,0,0,0,0,0,0
2015,100,5.2,28,0,0,1,0,0,0,0,0,0,0,0,0,0,0,0,0,0,0,0,0
1992,134,5.7,11,0,0,0,0,0,0,0,0,0,0,0,0,0,0,0,0,0,1,0,0
1994,129,5.1,623,0,0,0,0,0,0,0,0,0,0,0,0,0,0,0,0,0,0,0,0
1994,134,8.3,47,0,0,0,0,0,0,1,0,0,0,0,0,0,0,0,0,0,0,0,0
1951,162,7.2,5,0,0,0,0,0,0,0,0,1,0,0,0,0,0,0,0,0,0,0,0
1976,134,7.2,8,0,0,0,0,0,0,0,0,1,0,0,0,0,0,0,0,0,0,0,0
1997,134,6.0,8,0,0,0,0,0,0,1,0,0,0,0,0,0,0,0,0,0,0,0,0
2020,103,3.6,827,0,0,0,1,0,0,0,0,0,0,0,0,0,0,0,0,0,0,0,0
1975,145,6.2,118,0,0,0,0,0,0,1,0,0,0,0,0,0,0,0,0,0,0,0,0
2006,134,6.6,33,0,0,0,0,0,0,1,0,0,0,0,0,0,0,0,0,0,0,0,0
1990,90,5.3,19,0,0,0,0,0,0,1,0,0,0,0,0,0,0,0,0,0,0,0,0
2004,134,4.1,17,0,0,0,0,0,0,0,0,0,0,0,0,0,0,0,0,0,0,0,0
2009,160,3.6,271,0,0,0,0,0,0,0,0,0,0,0,0,0,0,0,0,0,0,0,0
1995,195,5.0,87,0,0,0,0,0,0,0,0,0,0,0,0,0,0,0,0,0,0,0,0
2009,131,6.2,1242,0,0,0,0,0,0,1,0,0,0,0,0,0,0,0,0,0,0,0,0
1947,134,6.8,10,0,0,0,0,0,0,0,0,0,0,0,0,0,0,0,0,0,0,1,0
1981,134,6.6,39,0,0,0,0,0,0,0,0,0,0,0,0,0,0,0,0,0,0,0,0
1958,134,6.0,12,0,0,0,0,1,0,0,0,0,0,0,0,0,0,0,0,0,0,0,0
1973,134,5.3,35,0,0,0,0,0,0,1,0,0,0,0,0,0,0,0,0,0,0,0,0
1989,168,5.6,223,0,0,0,1,0,0,0,0,0,0,0,0,0,0,0,0,0,0,0,0
1977,152,5.2,16,0,0,0,0,0,0,0,0,0,0,0,0,0,0,0,0,0,0,0,0
2003,122,5.8,864,0,0,0,0,0,0,0,0,0,0,0,0,0,0,0,0,0,0,0,0
2013,126,6.7,454,0,0,0,0,0,0,1,0,0,0,0,0,0,0,0,0,0,0,0,0
1971,134,6.9,31,0,0,0,0,0,0,0,0,0,0,0,0,1,0,0,0,0,0,0,0
1980,130,5.7,15,0,0,0,0,0,0,0,0,1,0,0,0,0,0,0,0,0,0,0,0
2018,112,6.0,2479,0,0,0,0,0,0,1,0,0,0,0,0,0,0,0,0,0,0,0,0
1995,144,5.7,162,0,0,0,0,0,0,0,0,0,0,0,0,0,0,0,0,0,0,0,0
2000,134,4.7,26,0,0,0,0,0,0,0,0,0,0,0,0,0,0,0,0,0,0,0,0
1977,185,7.0,33,0,0,0,0,0,0,0,0,0,1,0,0,0,0,0,0,0,0,0,0
2012,94,7.1,375,0,0,0,0,0,0,1,0,0,0,0,0,0,0,0,0,0,0,0,0
1973,134,5.7,15,0,0,0,0,0,0,1,0,0,0,0,0,0,0,0,0,0,0,0,0
1987,134,6.6,149,0,0,0,0,0,0,0,0,0,0,0,0,0,0,0,0,0,0,0,0
2005,134,4.4,10,0,0,0,1,0,0,0,0,0,0,0,0,0,0,0,0,0,0,0,0
1990,134,5.4,533,0,0,0,0,0,0,1,0,0,0,0,0,0,0,0,0,0,0,0,0
2005,134,3.7,330,0,0,0,0,0,0,0,0,0,0,0,0,0,0,0,0,0,0,0,0
2021,92,7.5,409,0,0,0,0,0,0,1,0,0,0,0,0,0,0,0,0,0,0,0,0
1950,114,7.1,61,0,0,0,0,0,0,1,0,0,0,0,0,0,0,0,0,0,0,0,0
1988,134,5.7,43,0,0,0,0,0,0,0,0,0,0,0,0,0,1,0,0,0,0,0,0
1957,134,5.7,6,0,0,0,0,0,0,1,0,0,0,0,0,0,0,0,0,0,0,0,0
1995,157,4.0,27,0,0,0,0,0,0,0,0,0,0,0,0,0,0,0,0,0,0,0,0
1994,150,4.0,14,0,0,0,0,1,0,0,0,0,0,0,0,0,0,0,0,0,0,0,0
2006,124,4.4,28,0,0,0,0,0,0,1,0,0,0,0,0,0,0,0,0,0,0,0,0
2003,162,2.9,358,0,0,0,0,0,0,0,0,0,0,0,0,1,0,0,0,0,0,0,0
1994,134,5.1,31,0,0,0,0,0,0,0,0,0,0,0,0,1,0,0,0,0,0,0,0
1986,175,6.2,662,0,0,0,0,0,0,0,0,0,0,0,0,0,0,0,0,0,0,0,0
1972,140,6.7,64,1,0,0,0,0,0,0,0,0,0,0,0,0,0,0,0,0,0,0,0
2016,110,2.7,11,0,0,0,0,0,0,0,0,0,0,0,0,0,1,0,0,0,0,0,0
2012,140,4.2,20,0,0,0,0,0,0,0,0,0,0,0,0,1,0,0,0,0,0,0,0
1936,139,5.9,9,0,0,0,0,0,0,1,0,0,0,0,0,0,0,0,0,0,0,0,0
1949,134,7.1,8,0,0,0,0,0,0,0,0,0,0,0,0,0,0,0,0,0,0,1,0
2012,150,6.2,5333,0,0,0,0,1,0,0,0,0,0,0,0,0,0,0,0,0,0,0,0
2018,135,2.8,8,0,0,0,0,0,0,0,0,0,0,0,0,1,0,0,0,0,0,0,0
2008,140,6.9,6080,0,0,0,0,1,0,0,0,0,0,0,0,0,0,0,0,0,0,0,0
1979,126,6.5,44,0,0,0,1,0,0,0,0,0,0,0,0,0,0,0,0,0,0,0,0
1965,247,7.0,168,0,0,0,0,0,0,0,0,0,0,0,0,1,0,0,0,0,0,0,0
1985,138,6.0,121,0,0,0,0,0,0,0,0,0,0,0,0,0,0,0,0,0,0,0,0
2009,125,3.9,250,0,0,0,0,0,0,1,0,0,0,0,0,0,0,0,0,0,0,0,0
2017,139,5.8,3336,0,0,0,1,0,0,0,0,0,0,0,0,0,0,0,0,0,0,0,0
1985,134,6.7,30,0,0,0,0,0,0,0,0,0,0,0,0,0,0,1,0,0,0,0,0
1984,160,5.6,19,0,0,0,0,0,0,0,0,0,0,0,0,0,0,1,0,0,0,0,0
2020,119,6.6,6371,0,0,0,1,0,0,0,0,0,0,0,0,0,0,0,0,0,0,0,0
1970,134,5.2,20,0,0,0,0,0,0,0,0,0,0,0,0,0,0,0,0,0,0,0,0
1942,157,7.6,8,0,0,0,0,0,0,1,0,0,0,0,0,0,0,0,0,0,0,0,0
1995,134,4.1,45,0,0,0,0,0,0,0,0,0,0,0,0,0,0,0,0,0,0,0,0
1955,134,4.1,8,0,0,0,1,0,0,0,0,0,0,0,0,0,0,0,0,0,0,0,0
1968,82,6.0,5,0,0,0,0,0,0,0,1,0,0,0,0,0,0,0,0,0,0,0,0
1987,135,5.6,37,0,0,0,0,0,0,0,0,0,0,0,0,0,0,0,0,0,0,0,0
1971,134,6.9,29,0,0,0,0,0,0,1,0,0,0,0,0,0,0,0,0,0,0,0,0
1972,134,6.9,95,0,0,0,0,0,0,0,0,0,0,0,0,1,0,0,0,0,0,0,0
2006,111,2.9,464,0,0,0,1,0,0,0,0,0,0,0,0,0,0,0,0,0,0,0,0
1989,120,4.6,8,0,0,0,0,0,0,1,0,0,0,0,0,0,0,0,0,0,0,0,0
1959,143,5.0,7,0,0,0,0,0,0,1,0,0,0,0,0,0,0,0,0,0,0,0,0
1986,134,6.2,6,0,0,0,0,0,0,1,0,0,0,0,0,0,0,0,0,0,0,0,0
1990,163,5.6,652,0,0,0,0,0,0,1,0,0,0,0,0,0,0,0,0,0,0,0,0
2013,130,5.3,1270,0,0,0,0,0,0,0,0,0,0,0,0,0,0,0,0,0,0,0,0
1955,134,7.5,15,0,0,0,0,0,0,1,0,0,0,0,0,0,0,0,0,0,0,0,0
2015,119,5.8,3375,0,0,0,0,0,0,0,0,0,0,0,0,0,0,0,0,0,0,0,0
1994,134,2.0,28,0,0,0,0,0,0,0,0,0,0,0,0,0,0,1,0,0,0,0,0
1980,124,4.2,26,0,0,0,0,0,0,1,0,0,0,0,0,0,0,0,0,0,0,0,0
2012,123,5.5,31,0,0,0,0,0,0,0,0,0,0,0,0,0,0,0,0,0,0,0,0
2017,173,5.4,99,0,0,0,0,0,0,1,0,0,0,0,0,0,0,0,0,0,0,0,0
1992,150,4.8,70,0,0,0,0,0,0,0,0,0,0,0,0,0,0,0,0,0,0,0,0
1995,134,6.1,10,0,0,0,0,0,0,0,0,0,0,0,0,0,0,1,0,0,0,0,0
2002,137,4.4,728,0,0,0,1,0,0,0,0,0,0,0,0,0,0,0,0,0,0,0,0
1991,144,4.8,17,0,0,0,0,0,0,0,0,0,0,0,0,0,0,1,0,0,0,0,0
1979,93,6.7,18,0,0,0,0,0,0,1,0,0,0,0,0,0,0,0,0,0,0,0,0
1990,125,4.6,47,0,0,0,0,0,0,0,0,0,0,0,0,0,0,0,0,0,0,0,0
1981,132,5.9,22,0,0,0,0,0,0,1,0,0,0,0,0,0,0,0,0,0,0,0,0
1969,152,6.9,82,0,0,0,0,0,0,1,0,0,0,0,0,0,0,0,0,0,0,0,0
1984,133,5.9,55,0,0,0,0,0,0,0,0,0,0,0,0,0,0,0,0,0,0,0,0
2005,134,7.3,37,0,0,0,0,0,0,0,0,0,0,0,0,0,0,0,0,0,0,0,0
1982,134,4.8,16,0,0,0,0,0,0,0,0,0,0,0,0,0,0,0,0,0,0,0,0
1997,134,5.5,13,0,0,0,1,0,0,0,0,0,0,0,0,0,0,0,0,0,0,0,0
1996,180,5.7,2169,0,0,0,0,0,0,0,0,0,0,0,0,0,0,0,0,0,0,0,0
1949,134,7.0,30,0,0,0,0,0,0,1,0,0,0,0,0,0,0,0,0,0,0,0,0
1972,134,4.7,13,0,0,0,0,0,0,0,0,0,0,0,0,0,0,1,0,0,0,0,0
1983,149,4.8,22,0,0,0,0,0,0,0,0,0,0,0,0,0,0,0,0,0,0,0,0
1988,134,4.7,131,0,0,0,0,0,0,0,0,0,0,0,0,0,0,0,0,0,0,0,0
2001,134,5.6,9,0,0,0,0,0,0,0,0,0,0,0,0,0,0,0,0,0,0,0,0
1986,123,4.1,55,0,0,0,0,0,0,0,0,0,0,0,0,0,0,0,0,0,0,0,0
1991,120,3.8,9,0,0,0,0,0,0,0,0,0,0,0,0,0,0,0,0,0,0,0,0
1982,137,6.6,70,0,0,0,0,0,0,0,1,0,0,0,0,0,0,0,0,0,0,0,0
1990,159,4.9,168,0,0,0,0,0,0,1,0,0,0,0,0,0,0,0,0,0,0,0,0
1976,136,6.3,11,0,0,0,0,0,0,1,0,0,0,0,0,0,0,0,0,0,0,0,0
1993,134,4.6,11,0,0,0,0,0,0,0,0,0,0,0,0,0,0,0,0,0,0,0,0
1970,140,7.1,216,0,0,0,0,0,0,1,0,0,0,0,0,0,0,0,0,0,0,0,0
1935,139,6.2,12,0,0,0,0,0,0,0,0,0,0,0,0,0,0,0,0,0,0,1,0
1936,140,7.3,6,0,0,0,0,0,0,1,0,0,0,0,0,0,0,0,0,0,0,0,0
1974,134,6.8,12,0,0,0,0,0,0,0,0,0,0,0,0,0,0,0,0,0,0,0,0
1997,136,5.1,32,0,0,0,0,0,0,0,0,0,0,0,0,0,0,0,0,0,0,0,0
1953,134,6.4,22,0,0,0,0,0,0,1,0,0,0,0,0,0,0,0,0,0,0,0,0
1967,186,8.0,1771,0,0,0,0,1,0,0,0,0,0,0,0,0,0,0,0,0,0,0,0
2018,56,6.1,11,0,0,0,1,0,0,0,0,0,0,0,0,0,0,0,0,0,0,0,0
2019,104,7.2,672,0,0,0,0,0,0,1,0,0,0,0,0,0,0,0,0,0,0,0,0
1955,143,6.5,105,0,0,0,0,0,0,1,0,0,0,0,0,0,0,0,0,0,0,0,0
1986,134,3.5,6,0,0,0,0,0,0,0,0,0,0,0,0,0,0,0,0,0,0,0,0
2003,143,7.2,1976,0,0,0,1,0,0,0,0,0,0,0,0,0,0,0,0,0,0,0,0
1953,97,6.9,89,0,0,1,0,0,0,0,0,0,0,0,0,0,0,0,0,0,0,0,0
2012,140,7.1,15,0,0,0,0,0,0,0,0,0,1,0,0,0,0,0,0,0,0,0,0
1973,142,7.2,88,0,0,0,0,0,0,1,0,0,0,0,0,0,0,0,0,0,0,0,0
2019,112,8.2,42,0,0,0,1,0,0,0,0,0,0,0,0,0,0,0,0,0,0,0,0
1941,177,6.3,13,0,0,0,0,0,0,1,0,0,0,0,0,0,0,0,0,0,0,0,0
1962,147,5.9,11,0,0,0,0,0,0,1,0,0,0,0,0,0,0,0,0,0,0,0,0
2007,138,3.7,3043,0,0,0,1,0,0,0,0,0,0,0,0,0,0,0,0,0,0,0,0
1979,134,6.8,73,0,0,0,1,0,0,0,0,0,0,0,0,0,0,0,0,0,0,0,0
1998,148,5.7,771,0,0,0,1,0,0,0,0,0,0,0,0,0,0,0,0,0,0,0,0
2010,142,6.1,1870,0,0,0,1,0,0,0,0,0,0,0,0,0,0,0,0,0,0,0,0
2019,133,4.7,330,0,0,0,1,0,0,0,0,0,0,0,0,0,0,0,0,0,0,0,0
1985,136,6.6,129,0,0,0,1,0,0,0,0,0,0,0,0,0,0,0,0,0,0,0,0
1991,139,4.6,20,0,0,0,0,0,0,0,0,0,0,0,0,0,0,0,0,0,0,0,0
1961,171,7.0,539,0,0,0,1,0,0,0,0,0,0,0,0,0,0,0,0,0,0,0,0
1984,134,6.1,44,0,0,0,0,0,0,1,0,0,0,0,0,0,0,0,0,0,0,0,0
1964,99,5.9,15,0,0,0,0,0,0,1,0,0,0,0,0,0,0,0,0,0,0,0,0
2017,93,4.4,167,0,0,0,0,0,0,1,0,0,0,0,0,0,0,0,0,0,0,0,0
1938,144,5.2,6,0,0,0,0,0,0,1,0,0,0,0,0,0,0,0,0,0,0,0,0
1949,134,2.6,28,0,0,0,0,0,0,0,0,0,0,0,0,0,0,0,0,0,0,1,0
2014,142,4.9,301,0,0,0,0,0,0,1,0,0,0,0,0,0,0,0,0,0,0,0,0
1991,132,2.5,34,0,0,0,0,0,0,0,0,0,0,0,0,0,0,0,0,0,0,0,0
1969,154,6.4,32,0,0,0,0,0,0,1,0,0,0,0,0,0,0,0,0,0,0,0,0
2006,147,3.4,263,0,0,0,0,0,0,1,0,0,0,0,0,0,0,0,0,0,0,0,0
2017,144,8.6,47,0,0,0,0,0,0,1,0,0,0,0,0,0,0,0,0,0,0,0,0
2008,134,1.6,249,0,0,0,0,0,0,0,0,0,0,0,0,0,0,0,0,0,0,0,0
2000,141,4.9,1187,0,0,0,1,0,0,0,0,0,0,0,0,0,0,0,0,0,0,0,0
1960,167,7.4,435,0,0,0,0,0,0,1,0,0,0,0,0,0,0,0,0,0,0,0,0
2003,136,5.2,2061,0,0,0,0,0,0,1,0,0,0,0,0,0,0,0,0,0,0,0,0
2012,130,3.0,3290,0,0,0,0,0,0,1,0,0,0,0,0,0,0,0,0,0,0,0,0
1989,134,2.9,11,0,0,0,0,0,0,1,0,0,0,0,0,0,0,0,0,0,0,0,0
1998,134,3.2,6,0,0,0,0,0,0,0,0,0,0,0,0,0,0,0,0,0,0,0,0
1981,134,4.3,7,0,0,0,0,0,0,1,0,0,0,0,0,0,0,0,0,0,0,0,0
2005,125,3.6,646,0,0,0,0,0,0,0,0,0,0,0,0,0,0,0,0,0,0,0,0
2011,90,5.7,71,0,0,0,1,0,0,0,0,0,0,0,0,0,0,0,0,0,0,0,0
2011,134,4.5,100,0,0,0,0,0,0,1,0,0,0,0,0,0,0,0,0,0,0,0,0
1992,174,8.2,22147,0,0,0,1,0,0,0,0,0,0,0,0,0,0,0,0,0,0,0,0
2008,213,7.6,30717,0,0,0,0,0,0,0,0,0,0,0,0,0,0,0,0,0,0,0,0
1999,161,6.1,188,0,0,0,0,0,0,0,0,0,0,0,0,0,0,1,0,0,0,0,0
2012,127,3.5,1116,0,0,0,1,0,0,0,0,0,0,0,0,0,0,0,0,0,0,0,0
2003,134,3.8,47,0,0,0,1,0,0,0,0,0,0,0,0,0,0,0,0,0,0,0,0
2001,140,5.8,2299,0,0,0,1,0,0,0,0,0,0,0,0,0,0,0,0,0,0,0,0
1950,116,7.4,80,0,0,0,0,0,0,1,0,0,0,0,0,0,0,0,0,0,0,0,0
2003,133,6.2,353,0,0,0,1,0,0,0,0,0,0,0,0,0,0,0,0,0,0,0,0
2005,172,7.3,266,0,0,0,0,0,0,0,0,0,0,0,0,0,0,0,0,0,0,0,0
1967,150,6.4,14,0,0,0,1,0,0,0,0,0,0,0,0,0,0,0,0,0,0,0,0
1966,122,6.8,12,0,0,0,0,0,0,0,0,0,0,0,0,0,0,0,0,0,0,0,0
1971,134,6.8,49,0,0,0,1,0,0,0,0,0,0,0,0,0,0,0,0,0,0,0,0
1965,145,6.8,44,0,0,0,0,0,0,0,0,0,0,0,0,0,0,0,0,0,0,0,0
2013,138,5.6,831,0,0,0,0,0,0,0,0,0,0,0,0,0,0,0,0,0,0,0,0
1984,134,6.4,39,0,0,0,0,0,0,0,0,0,0,0,0,0,0,0,0,0,0,0,0
1980,140,7.5,423,0,0,0,0,0,0,0,0,0,0,0,0,0,0,0,0,0,0,0,0
2007,135,7.8,11795,0,0,0,0,1,0,0,0,0,0,0,0,0,0,0,0,0,0,0,0
1957,151,6.0,9,0,0,0,1,0,0,0,0,0,0,0,0,0,0,0,0,0,0,0,0
1982,171,4.9,36,0,0,0,0,0,0,0,0,0,0,0,0,0,0,0,0,0,0,0,0
1970,159,7.3,760,0,0,0,0,0,0,0,0,0,0,0,0,0,0,0,0,0,0,0,0
1984,134,5.4,13,0,0,0,0,0,0,0,0,0,0,0,0,0,0,0,0,0,0,0,0
2012,104,2.4,5235,0,0,0,1,0,0,0,0,0,0,0,0,0,0,0,0,0,0,0,0
2013,135,7.5,18466,0,0,0,1,0,0,0,0,0,0,0,0,0,0,0,0,0,0,0,0
2017,137,7.2,23030,0,0,0,1,0,0,0,0,0,0,0,0,0,0,0,0,0,0,0,0
1972,134,6.9,91,0,0,0,1,0,0,0,0,0,0,0,0,0,0,0,0,0,0,0,0
2000,169,5.1,1038,0,0,0,1,0,0,0,0,0,0,0,0,0,0,0,0,0,0,0,0
2019,100,9.0,12,0,0,0,0,0,0,1,0,0,0,0,0,0,0,0,0,0,0,0,0
2000,162,6.2,9667,0,0,0,0,0,0,0,0,0,0,0,0,0,0,0,0,0,0,0,0
1981,134,5.6,8,0,0,0,0,0,0,0,0,0,0,0,0,0,0,0,0,0,0,0,0
2001,134,4.2,9,0,0,0,0,0,0,0,0,0,0,0,0,0,0,1,0,0,0,0,0
1973,137,6.2,104,0,0,0,0,0,0,1,0,0,0,0,0,0,0,0,0,0,0,0,0
1989,107,5.7,265,0,0,0,0,0,0,0,0,0,0,0,0,0,0,0,0,0,0,0,0
2007,138,4.6,376,0,0,0,0,0,0,0,0,0,0,0,0,0,0,0,0,0,0,0,0
2004,88,7.4,13,0,0,0,0,0,1,0,0,0,0,0,0,0,0,0,0,0,0,0,0
2007,127,2.1,1619,0,0,0,0,0,0,1,0,0,0,0,0,0,0,0,0,0,0,0,0
1994,184,3.1,34,0,0,0,0,0,0,0,0,0,0,0,0,0,0,0,0,0,0,0,0
1968,155,6.6,21,0,0,0,0,0,0,0,0,0,0,0,0,0,0,1,0,0,0,0,0
1997,167,6.1,2249,0,0,0,1,0,0,0,0,0,0,0,0,0,0,0,0,0,0,0,0
1980,149,5.9,70,0,0,0,0,0,0,0,1,0,0,0,0,0,0,0,0,0,0,0,0
1997,137,3.9,66,0,0,0,0,0,0,0,0,0,0,0,0,0,0,0,0,0,0,0,0
2019,121,5.9,5419,0,0,0,1,0,0,0,0,0,0,0,0,0,0,0,0,0,0,0,0
1997,138,6.1,5679,0,0,0,0,0,0,0,0,0,0,0,0,0,0,0,0,0,0,0,0
2017,145,3.6,9622,0,0,0,0,0,0,0,0,0,0,0,0,0,0,0,0,0,0,0,0
2009,134,5.3,73,0,0,0,1,0,0,0,0,0,0,0,0,0,0,0,0,0,0,0,0
2016,115,6.2,137,0,0,0,0,0,0,1,0,0,0,0,0,0,0,0,0,0,0,0,0
1973,149,6.5,182,0,0,0,0,0,0,0,0,0,0,0,0,0,0,0,0,0,0,0,0
1947,134,7.5,81,0,0,0,0,0,0,1,0,0,0,0,0,0,0,0,0,0,0,0,0
1975,145,6.1,261,0,0,0,0,0,0,0,1,0,0,0,0,0,0,0,0,0,0,0,0
2004,144,4.0,404,0,0,0,0,0,0,1,0,0,0,0,0,0,0,0,0,0,0,0,0
2017,159,2.3,311,0,0,0,0,0,0,1,0,0,0,0,0,0,0,0,0,0,0,0,0
1986,134,3.9,11,0,0,0,0,0,0,0,0,0,0,0,0,0,0,1,0,0,0,0,0
2019,149,3.7,22,0,0,0,0,0,0,1,0,0,0,0,0,0,0,0,0,0,0,0,0
2021,93,9.4,18,0,0,0,0,0,0,1,0,0,0,0,0,0,0,0,0,0,0,0,0
1996,146,4.0,233,0,0,0,0,0,0,0,0,0,0,0,0,0,0,0,0,0,0,0,0
2000,147,4.2,364,0,0,0,0,0,0,0,0,0,0,0,0,0,0,0,0,0,0,0,0
1968,128,5.1,8,0,0,0,0,0,0,0,0,0,0,0,0,0,0,0,0,0,0,1,0
1989,143,5.6,75,0,0,0,0,0,0,0,0,0,0,0,0,0,0,0,0,0,0,0,0
2000,146,6.1,1102,0,0,0,0,0,0,0,0,0,0,0,0,0,0,0,0,0,0,0,0
1991,134,3.7,11,0,0,0,0,0,0,0,0,0,0,0,0,0,0,0,0,0,0,0,0
2002,134,4.9,7,0,0,0,0,0,0,0,0,0,0,0,0,0,0,0,0,0,0,0,0
1988,134,3.3,11,1,0,0,0,0,0,0,0,0,0,0,0,0,0,0,0,0,0,0,0
1936,134,2.8,15,1,0,0,0,0,0,0,0,0,0,0,0,0,0,0,0,0,0,0,0
2001,134,5.5,12,0,0,0,0,0,0,0,0,0,0,0,0,0,0,0,0,0,0,0,0
1998,133,6.2,6,0,0,0,0,0,0,0,0,0,0,0,0,0,0,1,0,0,0,0,0
1961,139,7.3,467,0,0,0,1,0,0,0,0,0,0,0,0,0,0,0,0,0,0,0,0
2019,115,5.6,1658,0,0,0,0,0,0,0,0,0,0,0,0,0,0,0,0,0,0,0,0
2017,78,3.1,8,0,0,0,0,1,0,0,0,0,0,0,0,0,0,0,0,0,0,0,0
1979,141,7.6,503,0,0,0,0,0,0,1,0,0,0,0,0,0,0,0,0,0,0,0,0
1992,123,5.6,531,0,0,0,0,0,0,1,0,0,0,0,0,0,0,0,0,0,0,0,0
2002,134,4.2,12,0,0,0,0,0,0,1,0,0,0,0,0,0,0,0,0,0,0,0,0
2016,155,4.2,708,0,0,0,0,0,0,1,0,0,0,0,0,0,0,0,0,0,0,0,0
1990,103,5.6,129,0,0,0,0,0,0,0,0,0,0,0,0,0,0,0,0,0,0,0,0
2005,150,5.4,482,0,0,0,0,1,0,0,0,0,0,0,0,0,0,0,0,0,0,0,0
1979,139,6.8,176,0,0,0,0,0,0,1,0,0,0,0,0,0,0,0,0,0,0,0,0
1996,134,5.4,31,0,0,0,0,0,0,0,0,0,0,0,0,0,0,0,0,0,0,0,0
1989,146,4.6,23,0,0,0,0,0,0,0,0,0,0,0,0,0,0,0,0,0,0,0,0
2019,109,7.9,30,0,0,0,0,0,0,1,0,0,0,0,0,0,0,0,0,0,0,0,0
2007,135,5.3,495,0,0,0,1,0,0,0,0,0,0,0,0,0,0,0,0,0,0,0,0
1973,134,6.0,8,0,0,0,0,1,0,0,0,0,0,0,0,0,0,0,0,0,0,0,0
1983,156,5.6,75,0,0,0,0,0,0,1,0,0,0,0,0,0,0,0,0,0,0,0,0
2000,134,4.3,21,0,0,0,0,0,0,0,0,0,0,0,0,0,0,0,0,0,0,0,0
1981,134,5.3,9,0,0,0,0,0,0,0,0,0,0,0,0,0,0,0,0,0,0,0,0
1971,134,5.2,33,0,0,0,0,0,0,0,0,0,0,0,0,0,0,0,0,0,0,0,0
1980,162,5.8,28,0,0,0,0,0,0,0,0,0,0,0,0,0,0,0,0,0,0,0,0
2000,135,4.2,29,0,0,0,0,0,0,0,0,0,0,0,0,0,0,0,0,0,0,0,0
1944,120,7.6,34,0,0,0,0,0,0,1,0,0,0,0,0,0,0,0,0,0,0,0,0
1973,134,6.7,58,0,0,0,0,0,0,1,0,0,0,0,0,0,0,0,0,0,0,0,0
2019,90,8.0,24,0,0,0,0,0,0,1,0,0,0,0,0,0,0,0,0,0,0,0,0
1969,134,6.2,6,0,0,0,0,0,0,1,0,0,0,0,0,0,0,0,0,0,0,0,0
1981,144,5.9,31,0,0,0,0,0,0,1,0,0,0,0,0,0,0,0,0,0,0,0,0
1980,166,5.0,38,0,0,0,0,0,0,1,0,0,0,0,0,0,0,0,0,0,0,0,0
2017,139,7.1,24942,0,0,0,0,0,0,0,0,0,0,0,0,0,0,0,0,0,0,0,0
2002,135,6.5,29,0,0,0,0,0,0,0,0,0,0,0,0,0,0,0,0,0,0,0,0
2021,170,9.1,2219,0,0,0,0,0,0,0,0,0,0,0,0,0,0,0,0,0,0,0,0
1987,143,6.1,97,0,0,0,0,0,0,1,0,0,0,0,0,0,0,0,0,0,0,0,0
1990,134,3.4,18,0,0,0,0,0,0,1,0,0,0,0,0,0,0,0,0,0,0,0,0
2007,134,3.3,174,0,0,0,0,0,0,0,0,0,0,0,0,0,0,0,0,0,0,0,0
2013,149,7.1,274,0,0,0,0,0,0,1,0,0,0,0,0,0,0,0,0,0,0,0,0
2021,109,7.6,6738,0,0,1,0,0,0,0,0,0,0,0,0,0,0,0,0,0,0,0,0
2015,109,3.9,136,0,0,0,1,0,0,0,0,0,0,0,0,0,0,0,0,0,0,0,0
1959,148,8.0,2136,0,0,0,0,0,0,0,0,0,0,0,0,0,0,1,0,0,0,0,0
2017,127,8.9,203,0,0,0,0,0,1,0,0,0,0,0,0,0,0,0,0,0,0,0,0
1975,134,6.5,11,0,0,0,0,0,0,1,0,0,0,0,0,0,0,0,0,0,0,0,0
1965,168,6.2,119,0,0,0,0,0,0,1,0,0,0,0,0,0,0,0,0,0,0,0,0
2005,126,4.6,5039,1,0,0,0,0,0,0,0,0,0,0,0,0,0,0,0,0,0,0,0
1988,134,5.8,13,0,0,0,0,0,0,0,0,0,0,0,0,0,0,0,0,0,0,0,0
2018,162,6.7,8163,0,0,0,0,0,0,0,0,0,0,0,0,0,0,0,0,0,0,0,0
1978,134,6.3,11,0,0,0,0,0,0,0,0,0,0,0,0,0,0,0,0,0,0,0,0
2000,134,2.6,5,0,0,0,0,0,0,0,0,0,0,1,0,0,0,0,0,0,0,0,0
1979,176,7.7,2207,0,0,0,0,0,0,0,0,0,0,0,0,0,0,0,0,0,0,0,0
1999,119,4.2,36,0,0,0,0,0,0,0,0,0,0,0,0,0,0,0,0,0,0,0,0
1975,137,6.4,61,0,0,0,0,0,0,0,0,0,0,0,0,0,0,0,0,0,0,0,0
2018,112,6.3,2612,0,0,0,1,0,0,0,0,0,0,0,0,0,0,0,0,0,0,0,0
2020,90,3.4,1032,0,0,0,0,0,0,1,0,0,0,0,0,0,0,0,0,0,0,0,0
2000,90,5.0,7,0,0,0,0,0,0,0,0,0,0,0,0,0,0,0,0,0,0,0,0
2000,134,6.2,29,0,0,0,0,0,0,0,0,0,0,0,0,0,0,0,0,0,0,0,0
1981,157,6.8,1412,0,0,0,0,0,0,0,0,0,0,0,0,0,0,0,0,0,0,0,0
1997,134,5.9,42,0,0,0,0,0,0,0,0,0,0,0,0,0,0,0,0,0,0,0,0
2010,79,3.3,260,0,0,0,0,0,0,0,0,0,0,0,0,0,0,0,0,0,0,0,0
2004,73,2.7,9,0,0,0,0,0,0,1,0,0,0,0,0,0,0,0,0,0,0,0,0
1975,136,6.4,13,0,0,0,0,0,0,0,0,0,0,0,0,0,0,0,0,0,1,0,0
1987,134,4.6,7,0,0,0,0,0,0,1,0,0,0,0,0,0,0,0,0,0,0,0,0
2008,134,6.6,75,0,0,0,0,0,0,0,0,0,0,0,0,0,0,0,0,0,0,0,0
1982,135,6.6,131,0,0,0,0,0,0,1,0,0,0,0,0,0,0,0,0,0,0,0,0
1984,134,5.5,18,0,0,0,0,0,0,0,0,0,0,0,0,0,0,0,0,0,0,0,0
1986,134,4.5,8,0,0,0,0,0,0,1,0,0,0,0,0,0,0,0,0,0,0,0,0
2014,151,4.2,590,0,0,0,0,0,0,1,0,0,0,0,0,0,0,0,0,0,0,0,0
2020,101,7.3,85,0,0,0,0,0,0,1,0,0,0,0,0,0,0,0,0,0,0,0,0
1989,127,3.8,10,0,0,0,0,0,0,0,0,0,0,0,0,0,0,0,0,0,0,0,0
2002,150,6.5,4738,0,0,0,0,0,0,0,0,0,0,0,0,0,0,0,0,0,0,0,0
1990,138,4.8,17,0,0,0,0,0,0,1,0,0,0,0,0,0,0,0,0,0,0,0,0
1987,140,6.3,197,0,0,0,0,0,0,1,0,0,0,0,0,0,0,0,0,0,0,0,0
2015,106,5.0,20,0,0,0,0,0,0,1,0,0,0,0,0,0,0,0,0,0,0,0,0
2009,134,5.7,21,0,0,0,0,0,0,0,0,0,0,0,0,0,0,0,0,0,1,0,0
2003,149,3.6,7,0,0,0,1,0,0,0,0,0,0,0,0,0,0,0,0,0,0,0,0
2018,125,5.4,259,0,0,0,0,0,0,0,0,0,0,0,0,0,0,0,0,0,1,0,0
1988,134,5.8,9,0,0,0,0,0,0,1,0,0,0,0,0,0,0,0,0,0,0,0,0
1970,136,6.8,117,0,0,0,0,0,0,0,0,0,0,0,0,0,0,0,0,0,0,0,0
2021,132,6.6,76,0,0,0,0,0,0,1,0,0,0,0,0,0,0,0,0,0,0,0,0
2016,153,6.2,11886,0,0,0,0,0,0,0,0,0,0,0,0,0,0,0,0,0,0,0,0
1976,134,6.5,19,0,0,0,0,0,0,0,0,0,0,0,0,0,0,0,0,0,0,0,0
1985,134,5.0,14,0,0,0,0,0,0,0,0,0,0,0,0,0,0,1,0,0,0,0,0
2006,193,6.1,18783,0,0,0,0,0,0,1,0,0,0,0,0,0,0,0,0,0,0,0,0
1994,158,7.8,17567,0,0,0,1,0,0,0,0,0,0,0,0,0,0,0,0,0,0,0,0
2001,210,7.4,46172,0,0,0,0,0,0,1,0,0,0,0,0,0,0,0,0,0,0,0,0
1998,157,4.3,158,0,0,0,0,0,0,0,0,0,0,0,0,0,0,0,0,0,0,0,0
1999,95,6.2,20,0,0,0,1,0,0,0,0,0,0,0,0,0,0,0,0,0,0,0,0
1976,177,7.4,1986,0,0,0,0,0,0,1,0,0,0,0,0,0,0,0,0,0,0,0,0
2002,134,4.4,14,0,0,0,1,0,0,0,0,0,0,0,0,0,0,0,0,0,0,0,0
2019,173,7.1,27731,0,0,0,0,0,0,0,0,0,0,0,0,0,0,0,0,0,0,0,0
1963,123,4.8,9,0,0,0,0,0,0,0,0,0,0,0,0,0,0,0,0,0,0,0,0
1988,135,3.7,27,0,0,0,0,0,0,0,0,0,0,1,0,0,0,0,0,0,0,0,0
2000,109,3.1,16,0,0,0,0,0,0,0,0,0,0,1,0,0,0,0,0,0,0,0,0
2006,105,6.8,3181,1,0,0,0,0,0,0,0,0,0,0,0,0,0,0,0,0,0,0,0
1961,95,7.8,317,0,0,0,0,0,0,1,0,0,0,0,0,0,0,0,0,0,0,0,0
1988,143,5.9,185,0,0,0,0,0,0,0,0,0,0,0,0,0,0,0,0,0,0,0,0
2011,141,6.4,88,0,0,0,1,0,0,0,0,0,0,0,0,0,0,0,0,0,0,0,0
1977,134,4.4,7,0,0,0,0,0,0,1,0,0,0,0,0,0,0,0,0,0,0,0,0
1999,144,6.0,1428,0,0,0,0,0,0,0,0,0,0,0,0,0,0,0,0,0,0,0,0
1982,134,5.3,27,0,0,0,0,0,0,0,0,0,0,0,0,0,0,0,0,0,0,0,0
2006,145,6.1,34,0,0,0,0,0,0,0,0,0,0,0,0,0,0,0,0,0,0,0,0
2019,108,7.0,1381,0,0,0,1,0,0,0,0,0,0,0,0,0,0,0,0,0,0,0,0
1981,137,6.6,76,0,0,0,0,0,0,1,0,0,0,0,0,0,0,0,0,0,0,0,0
2017,142,5.3,417,0,0,0,0,0,0,0,0,0,0,0,0,0,0,0,0,0,0,0,0
1976,134,6.4,7,0,0,0,0,0,0,1,0,0,0,0,0,0,0,0,0,0,0,0,0
1996,158,6.8,458,0,0,0,1,0,0,0,0,0,0,0,0,0,0,0,0,0,0,0,0
1998,135,7.1,789,0,0,0,0,0,0,1,0,0,0,0,0,0,0,0,0,0,0,0,0
2019,136,6.8,5,0,0,0,1,0,0,0,0,0,0,0,0,0,0,0,0,0,0,0,0
2017,95,8.1,985,0,0,0,0,0,0,1,0,0,0,0,0,0,0,0,0,0,0,0,0
1990,147,5.8,48,0,0,0,0,0,0,0,0,0,0,1,0,0,0,0,0,0,0,0,0
2003,150,5.7,50,0,0,0,0,1,0,0,0,0,0,0,0,0,0,0,0,0,0,0,0
2012,122,8.1,59060,0,0,0,0,0,0,0,0,0,0,0,0,0,1,0,0,0,0,0,0
2016,127,6.6,5159,0,0,0,0,0,0,0,0,0,0,0,0,0,1,0,0,0,0,0,0
2008,112,5.8,32,0,0,1,0,0,0,0,0,0,0,0,0,0,0,0,0,0,0,0,0
1989,131,6.9,7,0,0,0,0,0,0,0,0,0,0,0,0,0,0,0,0,0,0,0,0
2003,134,3.9,22,0,0,0,0,0,0,1,0,0,0,0,0,0,0,0,0,0,0,0,0
1986,134,5.4,10,0,0,0,0,0,0,1,0,0,0,0,0,0,0,0,0,0,0,0,0
1981,134,5.3,11,0,0,0,0,0,0,1,0,0,0,0,0,0,0,0,0,0,0,0,0
1981,138,5.2,9,0,0,0,0,0,0,0,0,0,0,0,0,0,0,0,0,0,0,0,0
1973,134,3.1,9,0,0,0,0,0,0,1,0,0,0,0,0,0,0,0,0,0,0,0,0
1973,131,6.0,90,0,0,0,0,0,0,0,0,0,0,0,0,0,0,0,0,0,0,0,0
1999,134,4.9,8,0,0,0,0,0,0,0,0,0,0,0,0,0,0,0,0,0,0,0,0
1968,134,6.9,14,0,0,0,0,0,0,1,0,0,0,0,0,0,0,0,0,0,0,0,0
1968,165,5.6,14,0,0,0,0,0,0,0,0,0,0,0,0,0,0,0,0,0,0,0,0
2014,138,5.7,18,0,0,0,0,0,0,1,0,0,0,0,0,0,0,0,0,0,0,0,0
1963,120,7.5,24,0,0,0,1,0,0,0,0,0,0,0,0,0,0,0,0,0,0,0,0
2000,172,6.9,14186,0,0,0,0,0,0,0,0,0,0,0,0,0,0,0,0,0,0,0,0
1975,134,5.2,21,0,0,0,0,0,0,0,0,0,0,0,0,0,0,0,0,0,0,0,0
1984,131,6.3,75,0,0,0,0,0,0,0,0,0,0,0,0,0,0,0,0,0,0,0,0
2013,120,7.8,34048,0,0,0,0,0,0,1,0,0,0,0,0,0,0,0,0,0,0,0,0
1999,93,5.4,104,0,0,0,0,0,0,1,0,0,0,0,0,0,0,0,0,0,0,0,0
2007,123,6.2,54,0,0,0,0,0,0,1,0,0,0,0,0,0,0,0,0,0,0,0,0
1964,134,6.6,11,0,0,0,0,0,0,1,0,0,0,0,0,0,0,0,0,0,0,0,0
2003,134,3.3,34,0,0,0,0,1,0,0,0,0,0,0,0,0,0,0,0,0,0,0,0
1993,134,4.9,7,0,0,0,0,0,0,0,0,0,0,0,0,0,0,1,0,0,0,0,0
2013,132,6.6,131,0,0,0,0,0,0,1,0,0,0,0,0,0,0,0,0,0,0,0,0
2010,112,2.8,404,0,0,0,0,1,0,0,0,0,0,0,0,0,0,0,0,0,0,0,0
2013,84,6.0,48,0,0,0,0,0,0,1,0,0,0,0,0,0,0,0,0,0,0,0,0
2012,140,7.9,779,0,0,0,0,0,0,1,0,0,0,0,0,0,0,0,0,0,0,0,0
1971,156,6.9,308,0,0,0,0,0,0,0,1,0,0,0,0,0,0,0,0,0,0,0,0
1959,127,6.7,18,0,0,0,0,0,0,1,0,0,0,0,0,0,0,0,0,0,0,0,0
2016,134,5.9,9,0,0,0,0,0,0,1,0,0,0,0,0,0,0,0,0,0,0,0,0
2003,186,7.9,64972,0,0,0,1,0,0,0,0,0,0,0,0,0,0,0,0,0,0,0,0
1992,162,6.2,65,0,0,0,0,0,0,0,0,0,0,0,0,0,0,0,0,0,0,0,0
2009,134,3.6,435,0,0,0,0,0,0,0,0,0,0,0,0,0,0,0,0,0,0,0,0
2005,120,6.3,111,0,0,0,0,0,0,1,0,0,0,0,0,0,0,0,0,0,0,0,0
1960,140,6.0,7,0,0,0,0,0,0,0,0,0,0,0,0,0,0,0,0,0,0,0,0
1989,160,5.5,203,0,0,0,0,0,0,0,0,0,0,0,0,0,0,0,0,0,0,0,0
1960,163,7.4,262,0,0,0,0,1,0,0,0,0,0,0,0,0,0,0,0,0,0,0,0
1993,134,3.3,6,0,0,0,0,0,0,0,0,0,0,0,0,0,0,0,0,0,0,0,0
1986,158,5.7,35,0,0,0,0,0,0,1,0,0,0,0,0,0,0,0,0,0,0,0,0
1939,134,3.3,173,0,0,0,0,0,0,0,0,0,0,0,0,0,0,0,0,0,0,1,0
1958,164,7.1,277,0,0,0,0,1,0,0,0,0,0,0,0,0,0,0,0,0,0,0,0
1980,126,5.6,16,0,0,0,0,0,0,0,0,0,0,0,0,0,0,0,0,0,0,0,0
1985,134,4.3,6,0,0,0,0,0,0,0,0,0,0,0,0,0,0,0,0,0,0,0,0
1983,134,6.2,76,0,0,0,0,0,0,0,1,0,0,0,0,0,0,0,0,0,0,0,0
1977,145,6.4,29,0,0,0,0,0,0,0,0,0,0,0,0,0,0,0,0,0,0,0,0
1993,143,6.3,221,0,0,0,0,0,0,0,0,0,0,0,0,0,0,0,0,0,0,0,0
1979,134,5.4,12,0,0,0,0,0,0,1,0,0,0,0,0,0,0,0,0,0,0,0,0
2019,166,3.6,11873,0,0,0,0,0,0,1,0,0,0,0,0,0,0,0,0,0,0,0,0
1990,134,4.0,16,0,0,0,0,0,0,0,0,0,0,0,0,0,0,0,0,0,0,0,0
1951,145,6.3,9,0,0,0,0,0,0,1,0,0,0,0,0,0,0,0,0,0,0,0,0
1980,131,5.8,33,0,0,0,0,0,0,0,0,0,0,0,0,0,0,1,0,0,0,0,0
2002,112,6.2,95,0,0,0,0,0,0,1,0,0,0,0,0,0,0,0,0,0,0,0,0
1959,129,5.7,15,0,0,0,0,0,0,0,0,0,0,0,0,1,0,0,0,0,0,0,0
2018,70,8.0,6,0,0,0,0,0,0,1,0,0,0,0,0,0,0,0,0,0,0,0,0
1976,143,6.7,251,0,0,0,0,0,0,0,0,0,0,0,0,0,0,0,0,0,0,0,0
1998,134,4.9,11,0,0,0,0,0,0,0,0,0,0,0,0,0,0,0,0,0,0,0,0
1931,134,6.2,12,0,0,0,0,0,0,1,0,0,0,0,0,0,0,0,0,0,0,0,0
1983,134,6.0,8,0,0,0,0,0,0,1,0,0,0,0,0,0,0,0,0,0,0,0,0
1996,135,5.1,159,0,0,0,1,0,0,0,0,0,0,0,0,0,0,0,0,0,0,0,0
1960,134,7.1,19,0,0,0,0,0,0,0,0,0,0,0,0,0,0,1,0,0,0,0,0
1948,122,6.7,39,0,0,0,0,0,0,0,0,0,0,0,0,1,0,0,0,0,0,0,0
1997,124,7.2,13,0,0,0,0,0,0,1,0,0,0,0,0,0,0,0,0,0,0,0,0
1981,152,7.8,501,0,0,0,0,0,0,1,0,0,0,0,0,0,0,0,0,0,0,0,0
2005,126,6.5,2566,0,0,0,0,0,0,0,0,0,0,0,0,0,0,0,0,0,0,0,0
1987,134,4.4,53,0,0,0,0,0,0,1,0,0,0,0,0,0,0,0,0,0,0,0,0
1995,134,3.2,13,0,0,0,0,0,0,0,0,0,0,0,0,0,0,0,0,0,0,0,0
2001,130,5.2,17,0,0,0,0,0,0,0,0,0,0,0,0,0,0,0,0,0,1,0,0
2012,148,4.1,750,0,0,0,1,0,0,0,0,0,0,0,0,0,0,0,0,0,0,0,0
2013,110,6.5,510,0,0,0,0,0,0,1,0,0,0,0,0,0,0,0,0,0,0,0,0
2009,142,3.9,6741,0,0,0,0,0,0,0,0,0,0,0,0,0,0,0,0,0,0,0,0
2009,130,7.4,16640,0,0,0,0,0,0,0,0,0,0,0,0,0,0,0,0,0,0,0,0
1984,120,7.1,55,0,0,0,0,0,0,1,0,0,0,0,0,0,0,0,0,0,0,0,0
1989,95,7.2,212,0,0,0,0,0,0,1,0,0,0,0,0,0,0,0,0,0,0,0,0
1992,46,7.6,8,0,0,0,0,0,1,0,0,0,0,0,0,0,0,0,0,0,0,0,0
1997,88,5.1,12,0,0,0,0,0,0,1,0,0,0,0,0,0,0,0,0,0,0,0,0
1963,124,5.8,10,1,0,0,0,0,0,0,0,0,0,0,0,0,0,0,0,0,0,0,0
1999,157,6.0,22,0,0,0,0,0,0,0,0,0,0,0,0,0,0,0,0,0,0,0,0
1961,134,4.7,7,0,0,0,0,0,0,1,0,0,0,0,0,0,0,0,0,0,0,0,0
2019,113,8.2,8,0,0,0,0,0,0,1,0,0,0,0,0,0,0,0,0,0,0,0,0
1949,140,6.2,5,0,0,0,0,0,0,1,0,0,0,0,0,0,0,0,0,0,0,0,0
1959,144,6.8,9,0,0,0,0,0,0,0,0,0,0,0,0,0,1,0,0,0,0,0,0
1971,139,6.6,16,0,0,0,0,0,0,1,0,0,0,0,0,0,0,0,0,0,0,0,0
1959,175,6.7,45,0,0,0,0,0,0,0,0,0,0,0,0,0,0,1,0,0,0,0,0
1981,134,5.4,5,0,0,0,0,0,0,0,0,0,0,0,0,0,0,0,0,0,0,0,0
1994,137,3.7,7,0,0,0,0,0,0,1,0,0,0,0,0,0,0,0,0,0,0,0,0
2000,135,5.8,39,0,0,0,0,0,0,0,0,0,0,0,0,0,0,1,0,0,0,0,0
1960,150,7.9,415,0,0,0,0,0,0,1,0,0,0,0,0,0,0,0,0,0,0,0,0
1994,104,3.1,135,0,0,0,0,0,0,0,0,0,0,0,0,0,0,0,0,0,0,0,0
1989,162,5.6,146,0,0,0,0,0,0,0,0,0,0,0,0,0,0,0,0,0,0,0,0
1988,134,4.0,9,0,0,0,0,0,0,0,0,0,0,0,0,0,0,0,0,0,0,0,0
1990,134,4.2,11,0,0,0,0,0,0,0,0,0,0,0,0,0,0,0,0,0,0,0,0
1984,134,6.2,45,0,0,0,0,0,0,0,0,0,0,0,0,0,0,0,0,0,1,0,0
1984,134,6.6,5,0,0,0,0,0,0,0,0,0,0,0,0,0,0,0,0,0,0,0,0
2019,103,6.3,1098,0,0,0,0,0,0,1,0,0,0,0,0,0,0,0,0,0,0,0,0
1988,150,4.6,18,0,0,0,0,0,0,0,0,0,0,0,0,0,0,0,0,0,0,0,0
1968,149,7.3,78,0,0,0,0,0,0,1,0,0,0,0,0,0,0,0,0,0,0,0,0
2017,114,6.9,17,0,0,0,0,0,0,1,0,0,0,0,0,0,0,0,0,0,0,0,0
2013,90,8.2,45,0,0,0,0,0,0,0,0,0,0,0,0,0,0,0,0,0,0,0,0
2016,132,7.7,23991,0,0,0,1,0,0,0,0,0,0,0,0,0,0,0,0,0,0,0,0
2005,117,5.5,1324,0,0,0,0,0,0,0,0,0,0,0,0,0,0,0,0,0,0,0,0
1993,86,7.1,182,0,0,0,1,0,0,0,0,0,0,0,0,0,0,0,0,0,0,0,0
1986,134,5.7,21,0,0,0,0,0,0,1,0,0,0,0,0,0,0,0,0,0,0,0,0
1994,120,4.0,23,0,0,0,0,0,0,0,0,0,0,0,0,0,0,0,0,0,0,0,0
1995,175,6.8,13394,0,0,0,0,0,0,0,0,0,0,0,0,0,0,0,0,0,0,0,0
2014,115,4.2,64,0,0,0,0,0,0,0,0,0,0,0,0,0,0,0,0,0,1,0,0
1983,127,6.2,56,0,0,0,0,0,0,0,0,0,0,0,0,0,0,0,0,0,0,0,0
1998,145,6.5,1094,0,0,0,0,0,0,1,0,0,0,0,0,0,0,0,0,0,0,0,0
2018,99,4.8,30,0,0,0,0,0,0,1,0,0,0,0,0,0,0,0,0,0,0,0,0
1990,134,4.1,13,0,0,0,0,0,0,0,0,0,0,1,0,0,0,0,0,0,0,0,0
1985,185,6.1,57,0,0,0,0,0,0,0,0,0,0,0,0,0,0,0,0,0,0,0,0
1984,130,6.5,43,0,0,0,0,1,0,0,0,0,0,0,0,0,0,0,0,0,0,0,0
2014,110,2.7,128,0,0,0,0,0,0,0,0,0,0,0,0,0,0,0,0,0,0,0,0
1977,156,6.7,72,0,0,0,0,0,0,1,0,0,0,0,0,0,0,0,0,0,0,0,0
1986,193,7.4,1946,0,0,0,0,0,0,0,0,0,0,0,0,0,0,0,0,0,0,0,0
2009,110,2.9,125,0,0,0,0,0,0,1,0,0,0,0,0,0,0,0,0,0,0,0,0
2008,97,5.0,105,0,0,0,0,1,0,0,0,0,0,0,0,0,0,0,0,0,0,0,0
1978,134,6.0,42,0,0,0,0,0,0,0,0,0,0,0,0,0,0,0,0,0,0,0,0
1980,134,7.6,15,0,0,0,0,0,0,0,0,0,0,0,0,0,0,0,0,0,0,0,0
1992,134,6.2,22,0,0,0,0,0,0,0,0,0,0,0,0,0,0,0,0,0,0,0,0
1985,130,4.4,16,0,0,0,0,0,0,0,0,0,0,0,0,0,0,0,0,0,0,0,0
2000,180,4.4,237,0,0,0,0,0,0,1,0,0,0,0,0,0,0,0,0,0,0,0,0
1936,134,6.3,9,0,0,0,0,0,0,0,0,0,0,0,0,0,0,0,0,0,0,1,0
1995,134,5.0,58,0,0,0,0,0,0,0,0,0,0,0,0,0,0,0,0,0,0,0,0
1979,168,7.0,55,0,0,0,0,0,0,0,0,0,0,0,0,0,0,0,0,0,0,0,0
2010,135,7.1,11005,0,0,0,0,0,0,1,0,0,0,0,0,0,0,0,0,0,0,0,0
1999,124,5.1,514,0,0,0,0,0,0,0,0,0,0,0,0,0,0,0,0,0,0,0,0
2014,97,3.0,7,0,0,0,0,0,0,0,0,0,0,0,0,0,0,0,0,0,0,0,0
1978,160,7.7,37,0,0,1,0,0,0,0,0,0,0,0,0,0,0,0,0,0,0,0,0
2018,114,7.6,13986,1,0,0,0,0,0,0,0,0,0,0,0,0,0,0,0,0,0,0,0
1982,134,3.8,5,0,0,0,0,0,0,0,0,0,0,0,0,0,0,0,0,0,0,0,0
1980,159,7.5,2146,0,0,0,0,0,0,0,0,0,0,0,0,0,0,0,0,0,0,0,0
1991,134,5.5,95,0,0,0,0,0,0,1,0,0,0,0,0,0,0,0,0,0,0,0,0
2002,173,3.9,390,0,0,0,0,0,0,0,0,0,0,0,0,0,0,0,0,0,0,0,0
2008,142,2.1,1238,0,0,0,0,0,0,0,0,0,0,0,0,0,0,0,0,0,0,0,0
2019,96,6.6,29,0,0,0,0,0,0,1,0,0,0,0,0,0,0,0,0,0,0,0,0
1992,150,5.1,27,0,0,0,0,0,0,1,0,0,0,0,0,0,0,0,0,0,0,0,0
2005,107,4.5,63,0,0,0,0,0,0,1,0,0,0,0,0,0,0,0,0,0,0,0,0
1988,157,5.1,53,0,0,0,0,0,0,0,0,0,0,0,0,0,0,0,0,0,0,0,0
2001,134,2.9,105,0,0,0,0,0,0,0,0,0,0,0,0,0,0,0,0,0,0,0,0
1981,134,6.4,5,0,0,0,0,0,0,0,0,0,0,0,0,0,0,0,0,0,0,0,0
1977,134,5.3,10,0,0,0,0,0,0,0,0,0,0,0,0,0,0,0,0,0,0,0,0
1984,145,5.7,131,0,0,0,0,0,0,0,0,0,0,0,0,0,0,0,0,0,0,0,0
1989,134,4.9,21,0,0,0,0,0,0,0,0,0,0,0,0,0,0,0,0,0,0,0,0
2001,134,5.6,7,0,0,0,0,0,0,0,0,0,0,0,0,0,0,1,0,0,0,0,0
1993,156,4.3,15,0,0,0,0,0,0,1,0,0,0,0,0,0,0,0,0,0,0,0,0
1989,134,4.3,13,0,0,0,0,0,0,0,0,0,0,0,0,0,0,0,0,0,0,0,0
1974,131,5.9,115,0,0,0,0,0,0,1,0,0,0,0,0,0,0,0,0,0,0,0,0
1991,121,7.0,49,0,0,0,0,0,0,1,0,0,0,0,0,0,0,0,0,0,0,0,0
2003,134,5.0,86,0,0,0,0,0,0,0,1,0,0,0,0,0,0,0,0,0,0,0,0
1973,134,5.4,13,0,0,0,0,0,0,0,0,0,0,0,0,0,0,0,0,0,0,0,0
2018,148,6.7,23,0,0,0,0,0,0,1,0,0,0,0,0,0,0,0,0,0,0,0,0
1964,168,7.1,487,0,0,0,1,0,0,0,0,0,0,0,0,0,0,0,0,0,0,0,0
1983,134,2.7,9,0,0,0,0,0,0,0,0,0,0,0,0,0,0,0,0,0,0,1,0
1990,134,6.6,25,0,0,0,0,0,0,0,0,0,0,1,0,0,0,0,0,0,0,0,0
1978,134,6.6,411,0,0,0,0,0,0,0,0,0,0,0,0,0,0,0,0,0,0,0,0
2001,151,6.0,937,0,0,0,0,0,0,1,0,0,0,0,0,0,0,0,0,0,0,0,0
2019,100,8.7,31,0,0,0,0,0,0,1,0,0,0,0,0,0,0,0,0,0,0,0,0
1980,134,5.6,11,0,0,0,0,0,0,1,0,0,0,0,0,0,0,0,0,0,0,0,0
1957,152,6.9,29,0,0,0,0,0,0,1,0,0,0,0,0,0,0,0,0,0,0,0,0
1983,141,7.8,1113,0,0,0,1,0,0,0,0,0,0,0,0,0,0,0,0,0,0,0,0
2018,110,5.6,10,0,0,0,0,0,0,1,0,0,0,0,0,0,0,0,0,0,0,0,0
1971,148,6.9,34,0,0,0,0,0,0,1,0,0,0,0,0,0,0,0,0,0,0,0,0
1970,167,7.2,946,0,0,0,0,0,0,1,0,0,0,0,0,0,0,0,0,0,0,0,0
1981,199,6.4,92,0,0,0,0,0,0,0,0,0,0,0,0,0,0,0,0,0,0,0,0
2013,84,7.8,485,0,0,0,0,0,1,0,0,0,0,0,0,0,0,0,0,0,0,0,0
2006,119,5.6,24,0,0,0,0,0,0,0,0,0,0,0,0,0,0,0,0,0,1,0,0
2015,135,4.9,2856,0,0,0,1,0,0,0,0,0,0,0,0,0,0,0,0,0,0,0,0
1963,134,4.7,9,0,0,0,0,0,0,1,0,0,0,0,0,0,0,0,0,0,0,0,0
2004,127,5.1,46,0,0,0,0,0,0,0,0,0,0,0,0,1,0,0,0,0,0,0,0
1987,119,5.9,29,0,0,0,1,0,0,0,0,0,0,0,0,0,0,0,0,0,0,0,0
1991,154,3.2,49,0,0,0,0,0,0,0,0,0,0,0,0,0,0,0,0,0,0,0,0
2015,112,6.1,458,0,0,0,1,0,0,0,0,0,0,0,0,0,0,0,0,0,0,0,0
1987,134,6.4,33,0,0,0,0,0,0,0,0,0,0,0,0,0,0,0,0,0,0,0,0
1997,123,3.8,18,0,0,0,0,0,0,0,0,0,0,0,0,0,0,0,0,0,0,0,0
1997,130,5.5,101,0,0,0,0,0,0,1,0,0,0,0,0,0,0,0,0,0,0,0,0
1999,90,7.8,3764,0,0,0,0,0,0,0,0,0,0,0,0,0,1,0,0,0,0,0,0
1983,127,6.4,45,0,0,0,0,1,0,0,0,0,0,0,0,0,0,0,0,0,0,0,0
1954,134,3.6,8,0,0,0,0,0,0,0,0,0,0,0,0,0,0,1,0,0,0,0,0
1959,139,7.1,17,0,0,0,0,0,0,1,0,0,0,0,0,0,0,0,0,0,0,0,0
1983,121,6.7,14,0,0,0,1,0,0,0,0,0,0,0,0,0,0,0,0,0,0,0,0
1993,150,5.0,504,0,0,0,0,0,0,0,0,0,0,0,0,0,0,0,0,0,0,0,0
2018,116,6.9,11446,0,0,0,0,0,0,1,0,0,0,0,0,0,0,0,0,0,0,0,0
1973,132,6.8,48,0,0,0,0,0,0,0,0,0,0,0,0,0,0,0,0,0,0,0,0
1998,162,5.7,1146,0,0,0,0,0,0,0,0,0,0,0,0,0,0,0,0,0,0,0,0
2020,116,3.3,10,0,0,0,1,0,0,0,0,0,0,0,0,0,0,0,0,0,0,0,0
2002,119,4.7,182,0,0,0,1,0,0,0,0,0,0,0,0,0,0,0,0,0,0,0,0
2016,125,5.7,216,0,0,0,0,0,0,1,0,0,0,0,0,0,0,0,0,0,0,0,0
2019,150,7.4,15660,0,0,0,0,0,0,0,0,0,0,0,0,0,0,0,0,0,0,0,0
2012,128,8.1,869,0,0,0,1,0,0,0,0,0,0,0,0,0,0,0,0,0,0,0,0
2020,119,2.3,8106,0,0,0,0,0,0,0,0,0,0,0,0,0,0,0,0,0,0,0,0
1976,157,5.6,38,0,0,0,0,0,0,0,0,0,0,0,0,0,0,0,0,0,0,0,0
1984,167,5.9,23,0,0,0,0,0,0,0,1,0,0,0,0,0,0,0,0,0,0,0,0
2018,119,5.6,221,0,0,0,1,0,0,0,0,0,0,0,0,0,0,0,0,0,0,0,0
2004,174,7.4,15192,0,0,0,0,0,0,0,0,0,0,0,0,0,0,0,0,0,0,0,0
1993,190,7.2,3064,0,0,0,0,0,0,0,0,0,0,0,0,0,0,0,0,0,0,0,0
1976,140,5.7,15,0,0,0,0,0,0,0,0,0,0,0,0,0,0,0,0,0,0,0,0
2007,121,4.0,11,0,0,0,0,1,0,0,0,0,0,0,0,0,0,0,0,0,0,0,0
2008,134,5.8,18,0,0,0,1,0,0,0,0,0,0,0,0,0,0,0,0,0,0,0,0
2019,134,5.2,5,0,0,0,1,0,0,0,0,0,0,0,0,0,0,0,0,0,0,0,0
1993,147,3.7,141,0,0,0,0,1,0,0,0,0,0,0,0,0,0,0,0,0,0,0,0
2004,74,6.3,12,0,0,0,0,0,0,0,0,0,0,0,0,0,0,0,0,0,0,0,0
2019,130,4.6,20,0,0,0,0,0,0,0,0,0,0,0,0,0,0,0,0,0,0,0,0
1986,101,7.5,944,0,0,0,0,0,0,0,0,0,0,0,0,0,1,0,0,0,0,0,0
2017,100,7.7,52,0,0,0,0,0,0,1,0,0,0,0,0,0,0,0,0,0,0,0,0
2005,123,3.3,245,0,0,0,0,0,0,0,0,0,0,0,0,0,1,0,0,0,0,0,0
1970,127,7.7,546,0,0,0,0,0,0,1,0,0,0,0,0,0,0,0,0,0,0,0,0
2019,96,3.5,239,0,0,0,0,0,0,0,0,0,0,1,0,0,0,0,0,0,0,0,0
1996,160,7.5,3110,0,0,0,0,0,0,1,0,0,0,0,0,0,0,0,0,0,0,0,0
2015,122,4.0,1220,0,0,0,0,0,0,1,0,0,0,0,0,0,0,0,0,0,0,0,0
2006,79,5.9,1159,0,1,0,0,0,0,0,0,0,0,0,0,0,0,0,0,0,0,0,0
1942,171,6.2,14,0,0,0,0,0,0,1,0,0,0,0,0,0,0,0,0,0,0,0,0
1979,130,6.5,19,0,0,0,0,0,0,1,0,0,0,0,0,0,0,0,0,0,0,0,0
2019,136,4.0,1141,0,0,0,1,0,0,0,0,0,0,0,0,0,0,0,0,0,0,0,0
1965,158,6.9,145,0,0,0,0,0,0,1,0,0,0,0,0,0,0,0,0,0,0,0,0
1984,106,7.2,242,0,0,0,0,0,0,1,0,0,0,0,0,0,0,0,0,0,0,0,0
1980,134,5.8,16,0,0,0,0,0,0,0,0,0,0,0,0,0,0,0,0,0,1,0,0
2003,134,3.2,60,0,0,0,0,0,0,0,0,0,0,0,0,0,0,0,0,0,0,0,0
2007,103,5.1,49,0,0,0,1,0,0,0,0,0,0,0,0,0,0,0,0,0,0,0,0
2011,125,5.0,104,0,0,0,0,0,0,1,0,0,0,0,0,0,0,0,0,0,0,0,0
2009,94,7.7,24,0,0,0,0,0,0,1,0,0,0,0,0,0,0,0,0,0,0,0,0
1990,223,5.2,82,0,0,0,0,0,0,0,0,0,0,0,0,0,0,0,0,0,0,0,0
1991,134,2.8,6,0,0,0,0,0,0,0,0,0,0,1,0,0,0,0,0,0,0,0,0
1988,156,4.8,181,0,0,0,0,0,0,0,0,0,0,0,0,0,0,0,0,0,0,0,0
2001,134,3.6,12,0,0,0,0,0,0,0,0,0,0,0,0,0,0,0,0,0,0,0,0
1978,128,7.5,862,0,0,0,1,0,0,0,0,0,0,0,0,0,0,0,0,0,0,0,0
2010,157,5.7,9891,0,0,0,1,0,0,0,0,0,0,0,0,0,0,0,0,0,0,0,0
2000,124,4.4,361,0,0,0,0,0,0,0,0,0,0,0,0,0,0,0,0,0,0,0,0
1989,103,6.6,34,0,0,0,0,0,0,1,0,0,0,0,0,0,0,0,0,0,0,0,0
1987,134,5.1,27,0,0,0,0,0,0,0,0,0,0,0,0,0,0,0,0,0,0,0,0
1958,51,5.8,12,0,0,0,0,0,0,0,0,0,0,0,0,0,0,1,0,0,0,0,0
1941,171,7.0,26,0,0,0,0,0,0,0,0,0,0,0,0,0,1,0,0,0,0,0,0
2018,92,8.1,27,0,0,0,0,0,0,1,0,0,0,0,0,0,0,0,0,0,0,0,0
1992,152,6.4,541,0,0,0,1,0,0,0,0,0,0,0,0,0,0,0,0,0,0,0,0
1950,134,7.8,11,0,0,0,0,0,0,1,0,0,0,0,0,0,0,0,0,0,0,0,0
2003,174,4.0,467,0,0,0,0,0,0,0,0,0,0,0,0,0,0,0,0,0,0,0,0
1975,139,7.5,367,0,0,0,1,0,0,0,0,0,0,0,0,0,0,0,0,0,0,0,0
1977,90,6.2,49,0,0,0,0,0,0,0,0,0,0,0,0,0,0,0,0,0,0,0,0
1986,134,6.2,13,0,0,0,0,0,0,0,0,0,0,0,0,0,0,1,0,0,0,0,0
2016,130,5.2,10,0,0,0,0,0,0,0,0,0,0,0,0,0,0,0,0,0,0,0,0
2008,97,7.2,222,0,0,0,1,0,0,0,0,0,0,0,0,0,0,0,0,0,0,0,0
2010,168,5.8,1249,0,0,0,0,0,0,0,0,0,0,0,0,0,0,0,0,0,0,0,0
2010,120,7.2,2238,0,0,0,1,0,0,0,0,0,0,0,0,0,0,0,0,0,0,0,0
1991,134,5.3,76,0,0,0,0,0,0,0,0,0,0,0,0,0,0,0,0,0,0,0,0
1992,157,7.2,7726,0,0,0,0,0,0,0,0,0,0,0,0,0,0,0,0,0,0,0,0
2000,157,5.2,1769,0,0,0,0,0,0,0,0,0,0,0,0,0,0,0,0,0,0,0,0
2012,141,4.3,6582,0,0,0,0,0,0,0,0,0,0,0,0,0,0,0,0,0,0,0,0
1997,134,6.6,19,0,0,0,0,0,0,0,0,0,0,0,0,0,0,0,0,0,0,0,0
1996,162,6.0,5748,0,0,0,0,0,0,0,0,0,0,0,0,0,0,0,0,0,0,0,0
1968,138,6.8,19,0,0,0,0,0,0,0,0,0,0,0,0,0,0,0,0,0,0,0,0
1996,134,6.2,28,0,0,0,0,0,0,1,0,0,0,0,0,0,0,0,0,0,0,0,0
1970,160,7.2,327,0,0,0,0,0,0,1,0,0,0,0,0,0,0,0,0,0,0,0,0
1995,134,6.7,166,0,0,0,1,0,0,0,0,0,0,0,0,0,0,0,0,0,0,0,0
1998,134,2.5,11,0,0,0,0,0,0,0,0,0,0,1,0,0,0,0,0,0,0,0,0
1971,134,5.5,6,0,0,0,0,0,0,0,0,0,0,0,0,0,0,0,0,0,0,0,0
1989,113,7.1,272,0,0,0,0,0,0,0,0,0,0,0,0,0,1,0,0,0,0,0,0
2017,116,6.8,449,0,0,0,0,1,0,0,0,0,0,0,0,0,0,0,0,0,0,0,0
2012,158,5.1,221,0,0,0,1,0,0,0,0,0,0,0,0,0,0,0,0,0,0,0,0
1989,134,5.1,18,0,0,0,1,0,0,0,0,0,0,0,0,0,0,0,0,0,0,0,0
1999,153,5.3,758,0,0,0,0,0,0,0,0,0,0,0,0,0,0,0,0,0,0,0,0
2014,130,6.4,7877,0,0,0,1,0,0,0,0,0,0,0,0,0,0,0,0,0,0,0,0
1981,141,5.7,34,0,0,0,0,0,0,0,0,0,0,0,0,0,0,0,0,0,0,0,0
1985,134,7.2,5,0,0,0,0,0,0,0,0,0,0,0,0,0,0,0,0,0,0,0,0
1988,172,6.6,1024,0,0,0,0,0,0,1,0,0,0,0,0,0,0,0,0,0,0,0,0
1978,134,6.3,11,0,0,0,0,0,0,0,0,0,0,0,0,0,0,0,0,0,0,0,0
1991,151,4.8,84,0,0,0,0,0,0,0,0,0,0,0,0,0,0,0,0,0,0,0,0
1981,117,4.1,7,0,0,0,0,0,0,0,0,0,0,0,0,0,0,0,0,0,0,0,0
1980,134,5.5,6,0,0,0,0,0,0,0,0,0,0,0,0,0,0,0,0,0,0,0,0
1973,134,5.2,31,0,0,0,0,1,0,0,0,0,0,0,0,0,0,0,0,0,0,0,0
1974,126,6.1,9,0,0,0,0,0,0,0,0,0,0,0,0,0,0,0,0,0,0,0,0
1978,134,5.7,18,0,0,0,0,0,0,0,0,0,0,0,0,0,0,0,0,0,0,0,0
1996,117,2.7,21,0,0,0,0,0,0,0,0,0,0,1,0,0,0,0,0,0,0,0,0
1977,210,6.2,357,0,0,0,0,0,0,0,0,0,0,0,0,0,0,0,0,0,0,0,0
1999,87,5.6,21,0,0,0,0,0,0,0,0,0,0,1,0,0,0,0,0,0,0,0,0
1988,134,3.9,8,0,0,0,0,0,0,0,0,0,0,0,0,0,0,0,0,0,1,0,0
2000,134,5.9,11,0,0,0,0,0,0,0,0,0,0,1,0,0,0,0,0,0,0,0,0
1987,134,5.8,36,0,0,0,0,0,0,0,0,0,0,1,0,0,0,0,0,0,0,0,0
1989,127,4.1,39,0,0,0,0,0,0,0,0,0,0,1,0,0,0,0,0,0,0,0,0
1991,130,5.5,41,0,0,0,0,0,0,0,0,0,0,1,0,0,0,0,0,0,0,0,0
1991,134,5.2,26,0,0,0,0,0,0,0,0,0,0,1,0,0,0,0,0,0,0,0,0
1999,97,2.8,8,0,0,0,0,0,0,0,0,0,0,1,0,0,0,0,0,0,0,0,0
2006,135,8.3,22723,0,0,0,1,0,0,0,0,0,0,0,0,0,0,0,0,0,0,0,0
1958,145,4.7,7,0,0,0,0,0,0,1,0,0,0,0,0,0,0,0,0,0,0,0,0
1974,132,6.2,109,0,0,0,0,0,0,0,0,0,0,0,0,0,0,0,0,0,0,0,0
1998,134,4.7,15,0,0,0,0,1,0,0,0,0,0,0,0,0,0,0,0,0,0,0,0
2015,82,7.5,77,0,0,0,0,0,0,1,0,0,0,0,0,0,0,0,0,0,0,0,0
2007,131,6.3,527,0,0,0,0,0,0,1,0,0,0,0,0,0,0,0,0,0,0,0,0
1980,126,7.6,1621,0,0,0,1,0,0,0,0,0,0,0,0,0,0,0,0,0,0,0,0
1992,193,6.5,1879,0,0,0,0,0,0,0,0,0,0,0,0,0,0,0,0,0,0,0,0
2020,133,7.4,16142,0,0,0,0,0,0,0,0,0,0,0,0,0,0,0,0,0,0,0,0
1983,91,8.1,27,0,0,0,0,0,0,1,0,0,0,0,0,0,0,0,0,0,0,0,0
1981,134,5.5,31,0,0,0,0,0,0,1,0,0,0,0,0,0,0,0,0,0,0,0,0
2010,160,3.2,100,0,0,0,0,0,0,0,0,0,0,0,0,0,0,0,0,0,0,0,0
1994,134,5.9,23,0,0,0,0,0,0,1,0,0,0,0,0,0,0,0,0,0,0,0,0
1982,169,6.9,365,0,0,0,0,0,0,0,0,0,0,0,0,0,0,0,0,0,0,0,0
1994,167,5.1,330,0,0,0,0,0,0,0,0,0,0,0,0,0,0,0,0,0,0,0,0
1987,158,5.8,293,0,0,0,0,0,0,1,0,0,0,0,0,0,0,0,0,0,0,0,0
1964,140,5.8,9,1,0,0,0,0,0,0,0,0,0,0,0,0,0,0,0,0,0,0,0
1956,134,5.6,5,0,0,0,0,0,0,0,0,0,0,0,0,0,0,0,0,0,0,0,0
1992,155,5.8,17,0,0,0,0,0,0,0,0,0,0,0,0,0,0,0,0,0,0,0,0
1989,134,3.5,13,0,0,0,0,1,0,0,0,0,0,0,0,0,0,0,0,0,0,0,0
2005,155,4.1,320,0,0,0,1,0,0,0,0,0,0,0,0,0,0,0,0,0,0,0,0
1975,132,7.1,254,0,0,0,0,0,0,1,0,0,0,0,0,0,0,0,0,0,0,0,0
2008,134,3.7,23,0,0,0,1,0,0,0,0,0,0,0,0,0,0,0,0,0,0,0,0
2003,161,4.4,1565,0,0,0,0,0,0,0,0,0,0,0,0,0,0,0,0,0,0,0,0
1997,120,4.6,7,0,0,0,0,0,0,1,0,0,0,0,0,0,0,0,0,0,0,0,0
2014,90,5.5,68,0,0,0,0,0,0,1,0,0,0,0,0,0,0,0,0,0,0,0,0
1980,115,5.9,27,0,0,0,0,1,0,0,0,0,0,0,0,0,0,0,0,0,0,0,0
2020,100,7.8,8,0,0,0,0,0,0,1,0,0,0,0,0,0,0,0,0,0,0,0,0
2003,152,4.1,197,0,0,0,0,0,0,1,0,0,0,0,0,0,0,0,0,0,0,0,0
2016,126,5.8,5407,0,0,0,1,0,0,0,0,0,0,0,0,0,0,0,0,0,0,0,0
2014,146,5.3,26761,0,0,0,0,0,0,0,0,0,0,0,0,0,0,0,0,0,0,0,0
2013,69,7.6,22,0,1,0,0,0,0,0,0,0,0,0,0,0,0,0,0,0,0,0,0
2014,64,6.8,14,0,1,0,0,0,0,0,0,0,0,0,0,0,0,0,0,0,0,0,0
2014,134,7.8,6,0,1,0,0,0,0,0,0,0,0,0,0,0,0,0,0,0,0,0,0
2015,134,7.6,9,0,1,0,0,0,0,0,0,0,0,0,0,0,0,0,0,0,0,0,0
2008,135,4.6,2328,0,0,0,0,0,0,0,0,0,0,0,0,0,0,0,0,0,0,0,0
2014,127,4.3,3927,0,0,0,0,0,0,0,0,0,0,0,0,0,0,0,0,0,0,0,0
1992,160,6.3,124,0,0,0,0,0,0,0,0,0,0,0,0,0,0,0,0,0,0,0,0
1977,139,6.7,118,0,0,0,0,0,0,1,0,0,0,0,0,0,0,0,0,0,0,0,0
1963,111,7.1,46,0,0,0,0,0,0,1,0,0,0,0,0,0,0,0,0,0,0,0,0
2002,157,6.1,91,0,0,0,0,0,0,0,0,0,0,0,0,0,0,0,0,0,0,0,0
1962,142,6.3,38,0,0,0,0,0,0,0,0,0,0,0,0,0,0,0,0,0,0,0,0
1993,171,5.1,2735,0,0,0,1,0,0,0,0,0,0,0,0,0,0,0,0,0,0,0,0
2014,56,6.2,16,0,0,0,0,0,1,0,0,0,0,0,0,0,0,0,0,0,0,0,0
2008,95,7.6,109,0,0,0,0,0,1,0,0,0,0,0,0,0,0,0,0,0,0,0,0
1986,146,6.3,79,0,0,0,1,0,0,0,0,0,0,0,0,0,0,0,0,0,0,0,0
2019,132,7.5,270,0,0,0,0,0,0,1,0,0,0,0,0,0,0,0,0,0,0,0,0
1995,134,5.7,6,0,0,0,0,0,0,0,1,0,0,0,0,0,0,0,0,0,0,0,0
2004,142,2.5,140,0,0,0,1,0,0,0,0,0,0,0,0,0,0,0,0,0,0,0,0
2015,133,5.7,5679,0,0,0,1,0,0,0,0,0,0,0,0,0,0,0,0,0,0,0,0
2017,84,5.6,12,0,0,0,0,0,0,1,0,0,0,0,0,0,0,0,0,0,0,0,0
2009,100,5.3,286,0,0,0,0,0,0,0,0,0,0,0,0,0,0,0,0,0,0,0,0
1974,142,6.1,15,0,0,0,0,0,0,0,0,0,0,0,0,0,0,0,0,0,0,0,0
1937,137,6.3,12,0,0,0,0,0,0,1,0,0,0,0,0,0,0,0,0,0,0,0,0
1990,160,5.9,618,0,0,0,0,0,0,0,0,0,0,0,0,0,0,0,0,0,0,0,0
1969,134,5.9,39,0,0,0,0,0,0,0,0,0,0,0,0,0,0,0,0,0,0,0,0
1995,149,5.1,70,0,0,0,0,0,0,0,0,0,0,0,0,1,0,0,0,0,0,0,0
2004,143,3.7,451,0,0,0,0,0,0,0,0,0,0,0,0,0,0,0,0,0,0,0,0
2008,153,5.2,5334,0,0,0,1,0,0,0,0,0,0,0,0,0,0,0,0,0,0,0,0
1992,134,5.2,6,0,0,0,0,0,0,0,0,0,0,0,0,0,0,0,0,0,0,0,0
1943,143,7.4,93,0,0,0,0,0,0,1,0,0,0,0,0,0,0,0,0,0,0,0,0
1980,134,4.9,17,0,0,0,0,0,0,0,0,0,0,0,0,0,0,0,0,0,0,0,0
1956,137,6.1,10,0,0,0,0,0,0,0,0,0,0,0,0,0,0,0,0,0,0,0,0
2012,129,4.2,557,1,0,0,0,0,0,0,0,0,0,0,0,0,0,0,0,0,0,0,0
1986,90,4.2,8,0,0,0,0,0,0,0,0,0,0,0,0,0,0,0,0,0,0,0,0
2005,171,4.5,1329,0,0,0,0,0,0,1,0,0,0,0,0,0,0,0,0,0,0,0,0
2004,119,4.6,20,0,0,0,0,0,0,0,0,0,0,0,0,1,0,0,0,0,0,0,0
1978,142,7.1,128,0,0,0,0,0,0,1,0,0,0,0,0,0,0,0,0,0,0,0,0
2009,123,3.3,131,0,0,0,0,0,0,0,0,0,0,0,0,0,0,0,0,0,0,0,0
2019,122,4.6,224,0,0,0,0,0,0,0,0,0,0,0,0,0,0,0,0,0,0,0,0
1983,140,7.4,603,0,0,0,1,0,0,0,0,0,0,0,0,0,0,0,0,0,0,0,0
1977,124,7.4,197,0,0,0,0,0,0,1,0,0,0,0,0,0,0,0,0,0,0,0,0
2010,123,6.1,12605,0,0,0,0,0,0,0,0,0,0,0,0,0,0,0,0,0,0,0,0
1957,134,6.0,6,0,0,0,0,0,0,1,0,0,0,0,0,0,0,0,0,0,0,0,0
2002,146,4.5,299,0,0,0,1,0,0,0,0,0,0,0,0,0,0,0,0,0,0,0,0
2006,134,2.7,19,0,0,0,0,0,0,0,0,0,0,0,0,0,0,0,0,0,0,0,0
2003,100,5.5,32,0,0,0,1,0,0,0,0,0,0,0,0,0,0,0,0,0,0,0,0
2010,117,6.0,2096,0,0,0,0,0,0,0,0,0,0,0,0,0,0,0,0,0,0,0,0
2012,90,7.9,13,0,0,0,0,0,0,1,0,0,0,0,0,0,0,0,0,0,0,0,0
1989,143,5.8,102,0,0,0,0,0,0,0,0,0,0,0,0,0,0,0,0,0,0,1,0
1960,151,6.8,150,0,0,0,0,0,0,0,0,0,0,0,0,0,0,0,0,0,0,0,0
1993,173,4.5,25,0,0,0,0,0,0,0,0,0,0,0,0,0,1,0,0,0,0,0,0
1964,153,6.7,134,0,0,0,0,0,0,1,0,0,0,0,0,0,0,0,0,0,0,0,0
1991,135,5.5,26,0,0,0,0,0,0,0,0,0,0,0,0,0,0,0,0,0,0,0,0
1999,150,5.4,603,0,0,0,0,0,0,0,0,0,0,0,0,0,0,0,0,0,0,0,0
2005,142,5.2,232,0,0,0,1,0,0,0,0,0,0,0,0,0,0,0,0,0,0,0,0
2003,102,2.4,9,0,0,0,0,0,0,1,0,0,0,0,0,0,0,0,0,0,0,0,0
2021,141,3.5,514,0,0,0,0,0,0,0,0,0,0,0,0,0,0,0,0,0,1,0,0
1976,124,7.9,16,0,0,0,0,0,0,1,0,0,0,0,0,0,0,0,0,0,0,0,0
1997,134,6.3,28,0,0,0,0,1,0,0,0,0,0,0,0,0,0,0,0,0,0,0,0
2005,128,4.7,88,0,0,0,0,0,0,1,0,0,0,0,0,0,0,0,0,0,0,0,0
2002,165,3.5,270,0,0,0,0,0,0,0,0,0,0,0,0,1,0,0,0,0,0,0,0
2021,134,3.1,18,0,0,0,0,0,0,0,0,0,0,1,0,0,0,0,0,0,0,0,0
2003,171,7.1,21982,0,0,0,0,0,0,0,0,0,0,0,0,0,0,0,0,0,0,0,0
2014,134,6.8,12,0,0,0,0,0,0,0,0,0,0,0,0,0,0,0,0,0,1,0,0
1986,140,6.3,304,0,0,0,0,0,0,0,0,0,0,0,0,0,0,0,0,0,0,0,0
1978,137,7.4,51,0,0,0,0,0,0,1,0,0,0,0,0,0,0,0,0,0,0,0,0
1974,125,7.4,241,0,0,0,0,0,0,1,0,0,0,0,0,0,0,0,0,0,0,0,0
2020,85,7.3,15,0,0,0,0,0,0,1,0,0,0,0,0,0,0,0,0,0,0,0,0
1972,125,8.6,1523,0,0,0,0,0,0,1,0,0,0,0,0,0,0,0,0,0,0,0,0
2015,134,7.5,43,0,0,0,0,0,0,1,0,0,0,0,0,0,0,0,0,0,0,0,0
2001,140,3.8,20,0,0,0,0,0,0,1,0,0,0,0,0,0,0,0,0,0,0,0,0
2020,100,6.9,13,0,0,0,0,1,0,0,0,0,0,0,0,0,0,0,0,0,0,0,0
1977,134,6.0,22,0,0,0,0,0,0,0,0,0,0,0,0,0,0,0,0,0,0,0,0
2014,145,5.4,258,0,0,0,0,0,0,0,0,0,0,0,0,0,0,0,0,0,0,0,0
1997,166,6.2,8445,0,0,0,0,0,0,0,0,0,0,0,0,0,0,0,0,0,0,0,0
1981,187,7.2,865,0,0,0,0,0,0,0,0,0,0,0,0,0,0,0,0,0,0,0,0
2002,142,3.8,394,0,0,0,0,0,0,0,0,0,0,0,0,0,0,0,0,0,0,0,0
1994,134,5.0,37,0,0,0,0,0,0,0,0,0,0,0,0,0,0,0,0,0,0,0,0
1997,140,6.3,47,0,0,0,0,0,0,0,0,0,0,0,0,0,0,0,0,0,0,0,0
1994,159,7.4,1923,0,0,0,0,0,0,0,0,0,0,0,0,0,0,0,0,0,0,0,0
2010,159,4.6,19,0,0,0,0,0,0,0,0,0,0,0,0,0,0,0,0,0,0,0,0
2008,110,4.2,2028,0,0,0,1,0,0,0,0,0,0,0,0,0,0,0,0,0,0,0,0
2018,130,5.8,6,0,0,0,0,0,0,0,0,0,0,0,0,0,0,0,0,0,1,0,0
2017,65,7.8,28,0,1,0,0,0,0,0,0,0,0,0,0,0,0,0,0,0,0,0,0
1993,180,5.7,31,0,0,0,0,0,0,0,0,0,0,0,0,0,0,0,0,0,0,0,0
1996,156,4.7,318,0,0,0,0,0,0,0,0,0,0,0,0,0,0,0,0,0,0,0,0
1997,130,6.6,23,0,0,0,0,0,0,1,0,0,0,0,0,0,0,0,0,0,0,0,0
2012,117,6.5,188,0,1,0,0,0,0,0,0,0,0,0,0,0,0,0,0,0,0,0,0
2004,124,5.2,1028,0,0,0,0,0,0,0,0,0,0,1,0,0,0,0,0,0,0,0,0
1946,134,6.4,9,0,0,0,0,0,0,0,0,0,0,0,0,0,0,0,0,0,0,1,0
2020,96,6.5,29,0,0,0,0,0,0,1,0,0,0,0,0,0,0,0,0,0,0,0,0
1990,144,5.1,187,0,0,0,0,0,0,0,0,0,0,0,0,0,0,0,0,0,0,0,0
2000,141,4.4,213,0,0,0,0,0,0,0,0,0,0,0,0,0,0,0,0,0,0,0,0
1981,159,6.5,165,0,0,0,0,0,0,0,0,0,0,0,0,0,0,0,0,0,0,0,0
1961,134,5.9,10,0,0,0,1,0,0,0,0,0,0,0,0,0,0,0,0,0,0,0,0
2006,154,6.4,19091,0,0,0,0,0,0,0,0,0,0,0,0,0,0,0,0,0,0,0,0
2013,152,5.2,21272,0,0,0,0,0,0,0,0,0,0,0,0,0,0,0,0,0,0,0,0
1993,187,5.9,575,0,0,0,0,0,0,0,0,0,0,0,0,0,0,0,0,0,0,0,0
2011,92,6.7,302,0,0,0,0,0,0,1,0,0,0,0,0,0,0,0,0,0,0,0,0
2011,105,4.3,126,0,0,0,0,0,0,1,0,0,0,0,0,0,0,0,0,0,0,0,0
2003,143,4.2,851,0,0,0,0,0,0,0,0,0,0,1,0,0,0,0,0,0,0,0,0
2014,134,6.6,8,0,0,0,0,0,0,1,0,0,0,0,0,0,0,0,0,0,0,0,0
2018,65,8.5,41,0,0,0,0,0,0,1,0,0,0,0,0,0,0,0,0,0,0,0,0
2007,140,3.8,15,0,0,0,1,0,0,0,0,0,0,0,0,0,0,0,0,0,0,0,0
2001,120,4.6,628,0,0,0,1,0,0,0,0,0,0,0,0,0,0,0,0,0,0,0,0
1998,177,7.6,49322,0,0,0,1,0,0,0,0,0,0,0,0,0,0,0,0,0,0,0,0
2015,143,2.5,794,0,0,0,1,0,0,0,0,0,0,0,0,0,0,0,0,0,0,0,0
2003,169,5.4,2224,0,0,0,1,0,0,0,0,0,0,0,0,0,0,0,0,0,0,0,0
2018,104,4.3,18,0,0,0,0,0,0,1,0,0,0,0,0,0,0,0,0,0,0,0,0
2004,134,7.4,39,0,0,0,1,0,0,0,0,0,0,0,0,0,0,0,0,0,0,0,0
2002,171,5.6,569,0,0,0,0,0,0,0,0,0,0,0,0,0,0,0,0,0,0,0,0
2018,116,7.5,820,0,0,0,0,0,0,0,0,0,0,0,0,0,0,1,0,0,0,0,0
2010,134,4.1,17,1,0,0,0,0,0,0,0,0,0,0,0,0,0,0,0,0,0,0,0
2005,125,3.4,278,0,0,0,1,0,0,0,0,0,0,0,0,0,0,0,0,0,0,0,0
2006,112,3.7,70,0,0,0,1,0,0,0,0,0,0,0,0,0,0,0,0,0,0,0,0
1981,164,6.9,315,0,0,0,0,0,0,1,0,0,0,0,0,0,0,0,0,0,0,0,0
1998,186,4.5,139,0,0,0,0,0,0,0,0,0,0,0,0,0,0,0,0,0,0,0,0
1987,150,5.1,46,0,0,0,0,0,0,0,0,0,0,0,0,0,1,0,0,0,0,0,0
1985,107,8.5,6,0,0,0,1,0,0,0,0,0,0,0,0,0,0,0,0,0,0,0,0
2014,109,5.3,243,0,0,0,1,0,0,0,0,0,0,0,0,0,0,0,0,0,0,0,0
2017,128,6.6,614,0,0,0,0,1,0,0,0,0,0,0,0,0,0,0,0,0,0,0,0
1955,150,6.5,16,0,0,0,0,1,0,0,0,0,0,0,0,0,0,0,0,0,0,0,0
1993,137,5.8,40,0,0,0,0,0,0,0,0,0,0,0,0,0,0,0,0,0,0,0,0
2000,134,5.1,887,0,0,0,1,0,0,0,0,0,0,0,0,0,0,0,0,0,0,0,0
1974,137,7.2,368,0,0,0,1,0,0,0,0,0,0,0,0,0,0,0,0,0,0,0,0
2007,86,5.7,7,0,0,0,0,0,0,1,0,0,0,0,0,0,0,0,0,0,0,0,0
1991,133,4.2,531,0,0,0,0,0,0,0,0,0,0,0,0,0,0,0,0,0,0,0,0
2009,161,5.7,4842,0,0,0,0,0,0,0,0,0,0,0,0,0,0,0,0,0,0,0,0
1943,134,6.6,5,0,0,0,0,0,0,0,0,0,0,0,0,0,0,0,0,0,0,1,0
2000,129,6.0,996,0,0,0,0,0,0,0,0,0,0,0,0,0,0,0,0,0,0,0,0
1977,134,7.8,33,0,0,0,0,0,0,0,0,0,0,0,0,0,0,0,0,0,0,0,0
2008,165,4.7,915,0,0,0,1,0,0,0,0,0,0,0,0,0,0,0,0,0,0,0,0
2010,121,4.3,171,0,0,0,1,0,0,0,0,0,0,0,0,0,0,0,0,0,0,0,0
2018,143,8.9,10,0,0,0,1,0,0,0,0,0,0,0,0,0,0,0,0,0,0,0,0
2014,98,7.4,1844,0,0,0,0,0,0,1,0,0,0,0,0,0,0,0,0,0,0,0,0
2000,155,5.9,1975,0,0,0,0,0,0,1,0,0,0,0,0,0,0,0,0,0,0,0,0
2007,120,3.6,346,0,0,0,1,0,0,0,0,0,0,0,0,0,0,0,0,0,0,0,0
2011,142,6.1,22,0,0,0,0,1,0,0,0,0,0,0,0,0,0,0,0,0,0,0,0
2002,145,3.9,441,0,0,0,0,0,0,1,0,0,0,0,0,0,0,0,0,0,0,0,0
2002,134,3.0,255,0,0,0,0,0,0,0,1,0,0,0,0,0,0,0,0,0,0,0,0
2005,172,6.1,3296,0,0,0,1,0,0,0,0,0,0,0,0,0,0,0,0,0,0,0,0
2016,124,1.9,4165,0,0,0,1,0,0,0,0,0,0,0,0,0,0,0,0,0,0,0,0
2012,136,4.9,3748,0,0,0,1,0,0,0,0,0,0,0,0,0,0,0,0,0,0,0,0
2001,131,5.4,2023,0,0,0,0,0,0,0,0,0,0,0,0,0,0,0,0,0,0,0,0
2005,160,5.6,3775,0,0,0,0,0,0,1,0,0,0,0,0,0,0,0,0,0,0,0,0
2003,134,3.4,19,0,0,0,0,1,0,0,0,0,0,0,0,0,0,0,0,0,0,0,0
2004,165,4.2,1724,0,0,0,1,0,0,0,0,0,0,0,0,0,0,0,0,0,0,0,0
1994,169,5.8,1158,0,0,0,0,0,0,1,0,0,0,0,0,0,0,0,0,0,0,0,0
2001,97,8.8,5,0,0,0,0,0,0,0,1,0,0,0,0,0,0,0,0,0,0,0,0
2011,87,5.8,56,0,0,0,1,0,0,0,0,0,0,0,0,0,0,0,0,0,0,0,0
2007,122,5.4,2352,0,0,0,0,0,0,1,0,0,0,0,0,0,0,0,0,0,0,0,0
1963,134,5.0,12,0,0,0,0,0,0,0,0,0,0,0,0,0,0,0,0,0,0,1,0
2005,134,6.0,12,0,0,0,0,0,0,0,0,0,0,0,0,0,0,0,0,0,0,0,0
2019,155,7.3,4115,0,0,0,0,0,0,0,0,0,0,0,0,0,0,0,0,0,0,0,0
1991,134,6.6,16,0,0,0,0,0,0,0,0,1,0,0,0,0,0,0,0,0,0,0,0
2016,147,8.0,4340,0,0,0,1,0,0,0,0,0,0,0,0,0,0,0,0,0,0,0,0
1996,134,5.7,9,0,0,0,0,0,0,1,0,0,0,0,0,0,0,0,0,0,0,0,0
2019,45,6.6,18,0,0,0,0,0,0,1,0,0,0,0,0,0,0,0,0,0,0,0,0
2017,130,3.4,130,0,0,0,1,0,0,0,0,0,0,0,0,0,0,0,0,0,0,0,0
1998,134,2.1,15,0,0,0,0,0,0,0,0,0,0,1,0,0,0,0,0,0,0,0,0
1992,126,3.2,23,0,0,0,0,0,0,0,0,0,0,0,0,0,0,0,0,0,0,0,0
1981,189,7.1,2230,0,0,0,0,0,0,1,0,0,0,0,0,0,0,0,0,0,0,0,0
1999,117,4.4,151,0,0,0,0,0,0,0,0,0,0,0,0,0,0,0,0,0,0,0,0
1966,125,6.4,7,0,0,0,0,0,0,0,1,0,0,0,0,0,0,0,0,0,0,0,0
1989,134,6.2,48,0,0,0,0,0,0,0,0,0,0,0,0,0,0,0,0,0,0,0,0
2014,106,3.6,20,0,0,0,0,0,0,0,0,0,0,0,0,0,0,1,0,0,0,0,0
1997,134,6.0,14,0,0,0,1,0,0,0,0,0,0,0,0,0,0,0,0,0,0,0,0
1981,148,5.8,27,0,0,0,1,0,0,0,0,0,0,0,0,0,0,0,0,0,0,0,0
2006,117,3.6,125,0,0,0,1,0,0,0,0,0,0,0,0,0,0,0,0,0,0,0,0
2011,140,6.0,9109,0,0,0,1,0,0,0,0,0,0,0,0,0,0,0,0,0,0,0,0
1966,134,6.4,18,0,0,0,1,0,0,0,0,0,0,0,0,0,0,0,0,0,0,0,0
1979,134,5.0,6,0,0,0,0,0,0,0,0,0,0,0,0,0,0,0,0,0,0,0,0
1953,161,5.9,16,0,0,0,1,0,0,0,0,0,0,0,0,0,0,0,0,0,0,0,0
1971,134,6.2,6,0,0,0,0,0,0,1,0,0,0,0,0,0,0,0,0,0,0,0,0
1966,134,5.0,9,0,0,0,0,0,0,0,0,0,0,0,0,1,0,0,0,0,0,0,0
1946,134,5.4,5,0,0,0,0,0,0,0,0,0,0,0,0,0,0,0,0,0,0,0,0
1990,134,4.9,10,0,0,0,0,0,0,0,0,0,0,0,0,0,0,0,0,0,0,0,0
1975,137,6.2,22,0,0,0,0,0,0,1,0,0,0,0,0,0,0,0,0,0,0,0,0
2010,126,5.2,2027,0,0,0,0,0,0,0,0,0,0,0,0,0,0,0,0,0,0,0,0
1976,134,6.2,12,0,0,0,0,0,0,0,0,0,0,0,0,0,0,0,0,0,0,0,0
2001,224,8.1,107234,0,0,0,0,0,0,1,0,0,0,0,0,0,0,0,0,0,0,0,0
1971,134,7.0,41,0,0,0,0,0,0,0,0,0,0,0,0,0,0,0,0,0,0,0,0
2006,144,8.0,44090,0,0,0,1,0,0,0,0,0,0,0,0,0,0,0,0,0,0,0,0
2013,125,6.5,55,0,0,0,0,0,0,0,0,0,0,0,0,0,0,1,0,0,0,0,0
2017,48,7.2,13,0,0,0,0,0,0,1,0,0,0,0,0,0,0,0,0,0,0,0,0
1997,172,4.5,611,0,0,0,0,0,0,0,0,0,0,0,0,0,0,0,0,0,0,0,0
1949,134,7.8,23,0,0,0,0,0,0,1,0,0,0,0,0,0,0,0,0,0,0,0,0
2010,145,6.3,514,0,0,0,0,0,0,0,0,0,0,0,0,0,0,0,0,0,0,0,0
2021,68,2.8,522,0,0,0,0,1,0,0,0,0,0,0,0,0,0,0,0,0,0,0,0
1979,139,6.1,87,0,0,0,0,0,0,0,0,0,0,0,0,0,0,0,0,0,0,0,0
1991,134,3.5,6,0,0,0,0,0,0,0,0,0,0,0,0,0,0,0,0,0,0,0,0
1980,134,4.3,10,0,0,0,0,0,0,0,0,0,0,0,0,0,0,0,0,0,0,0,0
1984,134,4.5,33,0,0,0,0,0,0,0,0,0,0,0,0,1,0,0,0,0,0,0,0
2005,119,3.4,39,0,0,0,0,1,0,0,0,0,0,0,0,0,0,0,0,0,0,0,0
1953,132,8.0,25,0,0,0,0,0,0,0,0,0,0,0,0,0,0,1,0,0,0,0,0
2018,140,7.8,2701,0,0,0,0,0,0,1,0,0,0,0,0,0,0,0,0,0,0,0,0
2020,134,6.7,7,0,0,0,0,0,0,0,0,0,0,0,0,0,0,0,0,0,0,1,0
2001,202,6.7,2534,0,0,0,0,0,0,0,0,0,0,0,0,0,0,0,0,0,0,0,0
1958,120,7.3,43,0,0,0,0,0,0,1,0,0,0,0,0,0,0,0,0,0,0,0,0
2014,63,6.9,17,0,0,0,0,0,0,1,0,0,0,0,0,0,0,0,0,0,0,0,0
2004,170,4.4,932,0,0,0,0,0,0,0,0,0,0,0,0,0,0,0,0,0,0,0,0
2013,113,5.4,129,0,0,0,0,1,0,0,0,0,0,0,0,0,0,0,0,0,0,0,0
1979,134,6.0,5,0,0,0,0,0,0,0,0,0,0,0,0,0,0,0,0,0,0,0,0
1984,136,6.8,126,0,0,0,1,0,0,0,0,0,0,0,0,0,0,0,0,0,0,0,0
1971,155,7.0,69,0,0,0,1,0,0,0,0,0,0,0,0,0,0,0,0,0,0,0,0
1991,133,4.7,37,0,0,0,0,0,0,1,0,0,0,0,0,0,0,0,0,0,0,0,0
1982,134,5.0,10,0,0,0,0,0,0,1,0,0,0,0,0,0,0,0,0,0,0,0,0
2014,115,7.9,1520,0,0,0,0,0,0,1,0,0,0,0,0,0,0,0,0,0,0,0,0
2004,186,7.9,21444,0,0,0,0,0,0,0,0,0,0,0,0,0,0,0,0,0,0,0,0
1999,180,3.2,588,0,0,0,0,0,0,0,0,0,0,0,0,0,0,0,0,0,0,0,0
1966,135,5.7,14,0,0,0,0,0,0,0,0,0,0,0,0,0,1,0,0,0,0,0,0
2015,60,6.6,5,0,0,0,0,0,1,0,0,0,0,0,0,0,0,0,0,0,0,0,0
1944,134,6.6,14,0,0,0,0,0,0,1,0,0,0,0,0,0,0,0,0,0,0,0,0
1978,123,6.2,16,0,0,0,0,0,0,0,0,0,0,0,0,0,0,0,0,0,1,0,0
1954,134,4.6,5,1,0,0,0,0,0,0,0,0,0,0,0,0,0,0,0,0,0,0,0
1971,148,6.5,117,0,0,0,0,0,0,1,0,0,0,0,0,0,0,0,0,0,0,0,0
1960,134,6.3,9,0,0,0,0,0,0,0,0,0,0,0,0,0,0,0,0,0,1,0,0
2002,131,6.7,88,0,0,0,0,0,0,0,0,0,0,0,0,1,0,0,0,0,0,0,0
2012,147,7.4,8,0,0,0,0,0,0,0,0,0,1,0,0,0,0,0,0,0,0,0,0
1983,134,5.8,6,0,0,0,0,0,0,0,0,0,0,0,0,0,0,0,0,0,0,0,0
1972,134,6.3,107,0,0,0,0,0,0,0,0,0,0,0,0,0,0,0,0,0,0,0,0
1985,134,7.8,5,0,0,0,0,0,0,0,0,0,0,0,0,0,0,0,0,0,0,0,0
1992,142,4.6,18,0,0,0,0,0,0,0,0,0,0,0,0,0,0,0,0,0,0,0,0
2010,152,5.0,626,0,0,0,0,0,0,0,0,0,0,0,0,0,0,0,0,0,0,0,0
1991,187,7.4,2638,0,0,0,0,0,0,1,0,0,0,0,0,0,0,0,0,0,0,0,0
2016,92,7.3,278,0,0,0,0,0,0,1,0,0,0,0,0,0,0,0,0,0,0,0,0
2011,107,5.8,205,0,0,0,0,0,0,0,0,0,0,0,0,0,0,0,0,0,0,0,0
1917,134,6.7,22,1,0,0,0,0,0,0,0,0,0,0,0,0,0,0,0,0,0,0,0
1981,134,5.4,14,0,0,0,0,0,0,0,0,0,0,0,0,0,0,0,0,0,0,0,0
1989,176,5.8,43,0,0,0,0,0,0,0,0,0,0,0,0,0,0,0,0,0,0,0,0
2018,108,6.0,77,0,0,0,0,0,0,1,0,0,0,0,0,0,0,0,0,0,0,0,0
2019,74,8.8,10,0,0,0,1,0,0,0,0,0,0,0,0,0,0,0,0,0,0,0,0
2013,118,3.4,124,0,0,0,0,0,0,0,0,0,0,0,0,0,0,0,0,0,0,0,0
2018,92,6.6,7,0,0,0,1,0,0,0,0,0,0,0,0,0,0,0,0,0,0,0,0
1988,134,6.3,17,0,0,0,0,0,0,1,0,0,0,0,0,0,0,0,0,0,0,0,0
1967,160,6.5,50,0,0,0,1,0,0,0,0,0,0,0,0,0,0,0,0,0,0,0,0
1997,110,6.0,22,1,0,0,0,0,0,0,0,0,0,0,0,0,0,0,0,0,0,0,0
1985,134,5.6,27,0,0,0,0,0,0,0,1,0,0,0,0,0,0,0,0,0,0,0,0
2010,120,6.6,32,0,1,0,0,0,0,0,0,0,0,0,0,0,0,0,0,0,0,0,0
1993,90,5.2,9,0,0,0,0,0,0,1,0,0,0,0,0,0,0,0,0,0,0,0,0
1967,134,5.9,7,0,0,0,0,0,0,0,0,0,0,0,0,0,0,0,0,0,0,0,0
2020,141,2.4,49164,0,0,0,0,0,0,0,0,0,0,0,0,0,0,0,0,0,0,0,0
2000,134,3.7,7,0,0,0,0,0,0,0,0,0,0,0,0,0,0,1,0,0,0,0,0
2012,113,6.2,18,0,0,0,1,0,0,0,0,0,0,0,0,0,0,0,0,0,0,0,0
2012,125,5.3,199,0,0,0,1,0,0,0,0,0,0,0,0,0,0,0,0,0,0,0,0
2017,123,6.5,15,0,0,0,1,0,0,0,0,0,0,0,0,0,0,0,0,0,0,0,0
1964,176,7.3,190,0,0,0,1,0,0,0,0,0,0,0,0,0,0,0,0,0,0,0,0
1939,166,6.6,8,0,0,0,0,0,0,0,0,0,0,0,0,0,0,0,0,0,0,0,0
2008,115,8.9,94,0,0,0,0,0,1,0,0,0,0,0,0,0,0,0,0,0,0,0,0
2018,104,6.3,1624,0,0,0,0,0,0,0,0,0,0,0,0,0,0,0,1,0,0,0,0
2014,140,4.9,679,0,0,0,1,0,0,0,0,0,0,0,0,0,0,0,0,0,0,0,0
1990,171,7.5,331,0,0,0,0,0,0,1,0,0,0,0,0,0,0,0,0,0,0,0,0
2016,109,6.7,1111,0,0,0,0,0,0,1,0,0,0,0,0,0,0,0,0,0,0,0,0
2002,149,5.1,5207,0,0,0,1,0,0,0,0,0,0,0,0,0,0,0,0,0,0,0,0
2004,163,6.1,1404,0,0,0,0,0,0,0,0,0,0,0,0,0,0,0,0,0,0,0,0
2009,125,5.7,19,0,0,0,0,1,0,0,0,0,0,0,0,0,0,0,0,0,0,0,0
2004,108,6.3,116,0,0,0,1,0,0,0,0,0,0,0,0,0,0,0,0,0,0,0,0
2017,77,5.7,14,0,0,0,0,0,0,0,0,0,0,1,0,0,0,0,0,0,0,0,0
2013,104,6.8,949,1,0,0,0,0,0,0,0,0,0,0,0,0,0,0,0,0,0,0,0
1988,137,8.2,37,0,0,0,0,0,0,1,0,0,0,0,0,0,0,0,0,0,0,0,0
2017,145,5.9,880,0,0,0,0,0,0,0,0,0,0,0,0,0,0,0,0,0,0,0,0
2010,125,4.4,47,0,0,0,0,0,0,1,0,0,0,0,0,0,0,0,0,0,0,0,0
2007,132,7.4,11346,0,0,0,1,0,0,0,0,0,0,0,0,0,0,0,0,0,0,0,0
2014,116,5.4,45,0,0,0,1,0,0,0,0,0,0,0,0,0,0,0,0,0,0,0,0
2017,130,5.5,16,0,0,0,1,0,0,0,0,0,0,0,0,0,0,0,0,0,0,0,0
2012,155,5.3,255,0,0,0,0,0,0,0,0,0,0,0,0,0,0,0,0,0,0,0,0
2007,145,5.8,271,0,0,0,0,0,0,1,0,0,0,0,0,0,0,0,0,0,0,0,0
2019,119,7.1,23,0,0,0,1,0,0,0,0,0,0,0,0,0,0,0,0,0,0,0,0
2018,81,6.6,36,0,0,0,0,0,0,1,0,0,0,0,0,0,0,0,0,0,0,0,0
2012,127,7.9,591417,1,0,0,0,0,0,0,0,0,0,0,0,0,0,0,0,0,0,0,0
1939,164,6.4,11,0,0,0,0,0,0,1,0,0,0,0,0,0,0,0,0,0,0,0,0
2012,100,5.9,7,0,0,0,0,0,0,1,0,0,0,0,0,0,0,0,0,0,0,0,0
2019,85,7.1,29,0,0,0,0,0,0,1,0,0,0,0,0,0,0,0,0,0,0,0,0
2007,165,8.4,175810,0,0,0,0,0,0,1,0,0,0,0,0,0,0,0,0,0,0,0,0
2014,174,5.6,5137,0,0,0,0,0,0,0,0,0,0,0,0,0,0,0,0,0,0,0,0
2016,118,8.0,220526,0,0,1,0,0,0,0,0,0,0,0,0,0,0,0,0,0,0,0,0
2016,117,6.8,6373,0,0,0,1,0,0,0,0,0,0,0,0,0,0,0,0,0,0,0,0
2013,108,6.6,588,0,0,0,0,0,0,1,0,0,0,0,0,0,0,0,0,0,0,0,0
2019,105,8.6,1417,0,0,0,0,0,0,0,1,0,0,0,0,0,0,0,0,0,0,0,0
2006,134,6.2,46,0,0,0,0,0,0,1,0,0,0,0,0,0,0,0,0,0,0,0,0
2001,126,5.1,207,0,0,0,0,0,0,0,0,0,0,0,0,0,0,0,0,0,0,0,0
2020,69,6.1,12,0,1,0,0,0,0,0,0,0,0,0,0,0,0,0,0,0,0,0,0
2014,103,5.8,102,0,0,0,0,0,0,1,0,0,0,0,0,0,0,0,0,0,0,0,0
1999,134,6.1,15,0,0,0,0,0,0,0,0,0,0,0,0,0,0,0,0,0,0,0,0
1996,160,5.1,510,0,0,0,0,0,0,0,0,0,0,0,0,0,0,0,0,0,0,0,0
1973,138,6.5,156,0,0,0,0,0,0,0,0,0,0,0,0,0,0,1,0,0,0,0,0
2003,255,5.2,2601,0,0,0,0,0,0,1,0,0,0,0,0,0,0,0,0,0,0,0,0
1986,134,6.1,35,0,0,0,0,0,0,0,0,0,0,0,0,0,0,0,0,0,0,0,0
2015,92,5.8,2434,0,0,0,0,0,0,1,0,0,0,0,0,0,0,0,0,0,0,0,0
1982,134,7.1,12,0,0,0,0,0,0,0,1,0,0,0,0,0,0,0,0,0,0,0,0
2012,125,6.1,99,0,0,0,0,0,0,1,0,0,0,0,0,0,0,0,0,0,0,0,0
1999,134,5.1,16,0,0,0,0,0,0,0,0,0,0,0,0,0,0,0,0,0,0,0,0
1987,153,6.0,217,0,0,0,0,0,0,0,0,0,0,0,0,0,0,0,0,0,0,0,0
1997,160,5.5,515,0,0,0,0,0,0,0,0,0,0,0,0,0,0,0,0,0,0,0,0
2019,120,7.8,8,0,0,0,0,0,0,1,0,0,0,0,0,0,0,0,0,0,0,0,0
2007,88,7.0,761,0,0,0,1,0,0,0,0,0,0,0,0,0,0,0,0,0,0,0,0
1979,134,6.1,74,0,0,0,0,0,0,0,0,0,0,0,0,0,0,0,0,0,0,0,0
2005,149,4.4,98,0,0,0,0,0,0,0,0,0,0,0,0,0,0,0,0,0,0,0,0
2009,90,3.8,8,0,0,0,0,0,0,0,0,0,0,0,0,0,0,0,0,0,0,0,0
2020,77,6.4,1653,0,0,0,0,1,0,0,0,0,0,0,0,0,0,0,0,0,0,0,0
2009,146,5.3,4375,0,0,0,0,0,0,1,0,0,0,0,0,0,0,0,0,0,0,0,0
2012,100,5.7,3677,0,0,0,0,0,0,0,0,0,0,0,0,0,0,1,0,0,0,0,0
2014,68,7.7,45,0,0,0,0,1,0,0,0,0,0,0,0,0,0,0,0,0,0,0,0
2017,105,6.8,2573,0,0,0,1,0,0,0,0,0,0,0,0,0,0,0,0,0,0,0,0
2011,110,3.3,303,0,0,0,0,0,0,0,0,0,0,0,0,0,0,0,0,0,0,0,0
2020,132,7.6,15188,0,0,0,1,0,0,0,0,0,0,0,0,0,0,0,0,0,0,0,0
2013,136,7.3,14888,0,0,0,0,0,0,1,0,0,0,0,0,0,0,0,0,0,0,0,0
1965,134,6.6,16,0,0,0,0,0,0,0,0,0,0,0,0,0,0,0,0,0,0,0,0
1993,156,5.1,267,0,0,0,0,0,0,0,0,0,0,0,0,0,0,0,0,0,0,0,0
1980,134,6.2,71,0,0,0,0,0,0,0,0,0,0,0,0,0,0,0,0,0,0,0,0
1984,134,6.4,34,0,0,0,0,0,0,1,0,0,0,0,0,0,0,0,0,0,0,0,0
2019,107,7.0,5,0,0,0,0,1,0,0,0,0,0,0,0,0,0,0,0,0,0,0,0
2009,134,3.0,17,0,0,0,0,1,0,0,0,0,0,0,0,0,0,0,0,0,0,0,0
1991,152,5.9,1267,0,0,0,0,0,0,1,0,0,0,0,0,0,0,0,0,0,0,0,0
1986,145,5.7,87,0,0,0,0,0,0,1,0,0,0,0,0,0,0,0,0,0,0,0,0
2020,142,4.7,6994,0,0,0,0,0,0,1,0,0,0,0,0,0,0,0,0,0,0,0,0
2009,128,6.8,15191,0,0,0,1,0,0,0,0,0,0,0,0,0,0,0,0,0,0,0,0
2016,90,7.4,26,0,0,0,0,0,0,0,0,0,0,0,0,0,0,0,0,0,1,0,0
2017,107,7.4,828,0,0,0,1,0,0,0,0,0,0,0,0,0,0,0,0,0,0,0,0
2003,120,3.8,205,0,0,0,0,0,0,1,0,0,0,0,0,0,0,0,0,0,0,0,0
1997,160,5.1,126,0,0,0,0,0,0,0,0,0,0,0,0,0,0,1,0,0,0,0,0
2011,156,5.8,1006,0,0,0,1,0,0,0,0,0,0,0,0,0,0,0,0,0,0,0,0
2016,134,3.5,17,0,0,0,0,0,0,0,0,0,0,0,0,0,0,1,0,0,0,0,0
2015,122,5.2,47,0,0,0,0,0,0,0,0,0,0,0,0,0,0,1,0,0,0,0,0
2011,141,5.3,117,0,0,0,1,0,0,0,0,0,0,0,0,0,0,0,0,0,0,0,0
2009,107,6.0,10,0,0,0,0,0,0,0,0,0,0,0,0,0,0,1,0,0,0,0,0
2016,114,4.3,873,0,0,0,0,1,0,0,0,0,0,0,0,0,0,0,0,0,0,0,0
2008,134,6.0,10,0,0,0,0,0,0,0,0,0,0,0,0,0,0,1,0,0,0,0,0
1983,134,6.4,5,0,0,0,0,0,0,0,0,0,0,0,0,0,0,1,0,0,0,0,0
2009,91,6.5,246,0,0,0,0,0,1,0,0,0,0,0,0,0,0,0,0,0,0,0,0
2006,136,3.1,15,0,0,0,0,0,0,0,0,0,0,0,0,0,0,0,0,0,0,0,0
2004,143,3.6,120,0,0,0,0,0,0,1,0,0,0,0,0,0,0,0,0,0,0,0,0
1960,134,7.3,96,0,0,0,1,0,0,0,0,0,0,0,0,0,0,0,0,0,0,0,0
1984,134,4.7,16,0,0,0,0,0,0,0,0,0,0,0,0,0,0,1,0,0,0,0,0
1966,164,6.8,154,0,0,0,0,0,0,0,0,0,0,0,0,0,0,1,0,0,0,0,0
2009,134,4.7,28,0,0,0,1,0,0,0,0,0,0,0,0,0,0,0,0,0,0,0,0
2006,126,4.2,40,0,0,0,1,0,0,0,0,0,0,0,0,0,0,0,0,0,0,0,0
2016,132,6.6,13,0,0,0,1,0,0,0,0,0,0,0,0,0,0,0,0,0,0,0,0
2001,131,6.0,1567,0,0,0,1,0,0,0,0,0,0,0,0,0,0,0,0,0,0,0,0
2009,130,5.7,304,0,0,0,1,0,0,0,0,0,0,0,0,0,0,0,0,0,0,0,0
1989,146,5.5,867,0,0,0,0,0,0,1,0,0,0,0,0,0,0,0,0,0,0,0,0
1984,134,4.9,30,0,0,0,0,0,0,1,0,0,0,0,0,0,0,0,0,0,0,0,0
1959,157,7.6,60,0,0,0,0,0,0,0,0,0,0,0,0,0,0,1,0,0,0,0,0
2018,133,7.2,7588,0,0,0,1,0,0,0,0,0,0,0,0,0,0,0,0,0,0,0,0
2020,94,10.0,5,0,0,0,0,0,0,1,0,0,0,0,0,0,0,0,0,0,0,0,0
2012,134,4.4,10,0,0,0,1,0,0,0,0,0,0,0,0,0,0,0,0,0,0,0,0
2016,120,4.4,104,0,0,0,1,0,0,0,0,0,0,0,0,0,0,0,0,0,0,0,0
2018,122,7.4,1570,0,0,0,0,0,0,1,0,0,0,0,0,0,0,0,0,0,0,0,0
2021,101,9.3,79,0,0,0,1,0,0,0,0,0,0,0,0,0,0,0,0,0,0,0,0
1981,161,6.5,377,0,0,0,0,0,0,1,0,0,0,0,0,0,0,0,0,0,0,0,0
2008,180,2.6,2334,0,0,0,0,0,0,0,0,0,0,0,0,0,0,0,0,0,0,0,0
2018,129,5.8,12,0,0,0,1,0,0,0,0,0,0,0,0,0,0,0,0,0,0,0,0
2014,134,2.9,8,0,0,0,0,0,0,0,0,0,0,0,0,0,1,0,0,0,0,0,0
2011,152,5.3,426,0,0,0,0,0,0,1,0,0,0,0,0,0,0,0,0,0,0,0,0
2018,140,3.0,2092,0,0,0,1,0,0,0,0,0,0,0,0,0,0,0,0,0,0,0,0
2017,134,4.2,12,0,0,0,0,0,0,1,0,0,0,0,0,0,0,0,0,0,0,0,0
2001,134,5.1,61,0,0,0,0,0,0,0,0,0,0,0,0,0,0,1,0,0,0,0,0
2019,134,5.9,8,0,0,0,1,0,0,0,0,0,0,0,0,0,0,0,0,0,0,0,0
2012,102,5.3,7,0,0,0,1,0,0,0,0,0,0,0,0,0,0,0,0,0,0,0,0
2018,106,6.0,365,0,0,0,0,0,0,1,0,0,0,0,0,0,0,0,0,0,0,0,0
1985,134,4.1,19,0,0,0,0,0,0,1,0,0,0,0,0,0,0,0,0,0,0,0,0
1983,134,4.8,29,0,0,0,1,0,0,0,0,0,0,0,0,0,0,0,0,0,0,0,0
2016,133,4.5,552,0,0,0,1,0,0,0,0,0,0,0,0,0,0,0,0,0,0,0,0
2008,91,5.1,42,0,0,0,0,0,0,1,0,0,0,0,0,0,0,0,0,0,0,0,0
2010,155,7.1,5376,0,0,0,1,0,0,0,0,0,0,0,0,0,0,0,0,0,0,0,0
2019,175,7.5,8210,0,0,0,0,0,0,0,0,0,0,0,0,0,0,0,0,0,0,0,0
2009,141,4.8,2513,0,0,0,0,0,0,0,0,0,0,0,0,0,0,0,0,0,0,0,0
2009,156,7.1,9678,0,0,0,0,0,0,1,0,0,0,0,0,0,0,0,0,0,0,0,0
2015,127,7.1,23,0,0,0,0,0,0,1,0,0,0,0,0,0,0,0,0,0,0,0,0
2017,133,6.2,2690,0,0,0,0,0,0,0,0,0,0,0,0,0,0,0,0,0,0,0,0
2014,117,5.1,75,0,0,0,1,0,0,0,0,0,0,0,0,0,0,0,0,0,0,0,0
2005,180,4.7,3457,0,0,0,0,0,0,0,0,0,0,0,0,1,0,0,0,0,0,0,0
2020,149,7.6,32403,0,0,0,0,0,0,0,0,0,0,0,0,0,0,0,0,0,0,0,0
2019,126,6.3,8808,0,0,0,1,0,0,0,0,0,0,0,0,0,0,0,0,0,0,0,0
2018,110,5.6,2027,0,0,0,0,0,0,0,0,0,0,1,0,0,0,0,0,0,0,0,0
2018,120,6.4,10011,0,0,0,0,0,0,1,0,0,0,0,0,0,0,0,0,0,0,0,0
2011,106,4.8,1434,0,0,0,1,0,0,0,0,0,0,0,0,0,0,0,0,0,0,0,0
2017,180,4.7,31,0,0,0,0,0,0,0,0,0,0,0,0,0,0,1,0,0,0,0,0
2012,140,6.6,3690,0,0,0,1,0,0,0,0,0,0,0,0,0,0,0,0,0,0,0,0
2015,130,5.3,81,0,0,0,0,0,0,0,1,0,0,0,0,0,0,0,0,0,0,0,0
2012,144,5.5,67,0,0,0,1,0,0,0,0,0,0,0,0,0,0,0,0,0,0,0,0
2019,124,6.2,8,0,0,0,0,0,0,0,0,0,0,0,0,0,0,1,0,0,0,0,0
2014,112,5.6,611,1,0,0,0,0,0,0,0,0,0,0,0,0,0,0,0,0,0,0,0
2014,118,3.9,14,0,0,0,0,0,0,1,0,0,0,0,0,0,0,0,0,0,0,0,0
2014,125,5.1,110,0,0,0,0,0,0,1,0,0,0,0,0,0,0,0,0,0,0,0,0
2016,184,7.9,43713,0,0,1,0,0,0,0,0,0,0,0,0,0,0,0,0,0,0,0,0
1962,138,5.0,14,0,0,0,1,0,0,0,0,0,0,0,0,0,0,0,0,0,0,0,0
1992,145,5.9,103,0,0,0,0,0,0,1,0,0,0,0,0,0,0,0,0,0,0,0,0
1957,120,7.2,12,0,0,0,0,0,0,1,0,0,0,0,0,0,0,0,0,0,0,0,0
1976,137,6.5,88,0,0,0,0,0,0,1,0,0,0,0,0,0,0,0,0,0,0,0,0
1970,148,7.5,22,0,0,0,0,0,0,1,0,0,0,0,0,0,0,0,0,0,0,0,0
1960,130,6.6,14,0,0,0,0,0,0,0,1,0,0,0,0,0,0,0,0,0,0,0,0
1986,151,5.1,19,0,0,0,0,0,0,1,0,0,0,0,0,0,0,0,0,0,0,0,0
1985,137,4.4,28,0,0,0,0,0,0,0,0,0,0,0,0,0,0,0,0,0,0,0,0
1999,132,4.6,23,0,0,0,0,0,0,0,0,0,0,0,0,0,0,0,0,0,0,0,0
1959,134,5.4,5,0,0,0,0,0,0,1,0,0,0,0,0,0,0,0,0,0,0,0,0
1996,134,7.5,26,0,0,0,0,0,0,1,0,0,0,0,0,0,0,0,0,0,0,0,0
2003,134,8.9,46,0,0,0,0,0,0,1,0,0,0,0,0,0,0,0,0,0,0,0,0
2002,162,3.5,1145,0,0,0,0,0,0,0,0,0,0,0,0,0,0,0,0,0,0,0,0
1996,160,7.8,2079,0,0,0,0,0,0,0,0,0,0,0,0,0,0,0,0,0,0,0,0
1996,134,3.1,27,0,0,0,0,0,0,0,1,0,0,0,0,0,0,0,0,0,0,0,0
1964,152,7.0,26,0,0,0,0,0,0,1,0,0,0,0,0,0,0,0,0,0,0,0,0
2018,145,5.7,10,0,0,0,1,0,0,0,0,0,0,0,0,0,0,0,0,0,0,0,0
1972,134,6.8,53,0,0,0,0,0,0,1,0,0,0,0,0,0,0,0,0,0,0,0,0
1980,113,5.4,15,0,0,0,0,0,0,1,0,0,0,0,0,0,0,0,0,0,0,0,0
1979,134,5.5,8,0,0,0,0,0,0,1,0,0,0,0,0,0,0,0,0,0,0,0,0
2008,137,3.1,491,0,0,0,1,0,0,0,0,0,0,0,0,0,0,0,0,0,0,0,0
1981,134,6.0,16,0,0,0,0,0,0,1,0,0,0,0,0,0,0,0,0,0,0,0,0
1984,139,3.7,13,0,0,0,0,0,0,0,0,0,0,0,0,0,0,0,0,0,0,0,0
1986,134,4.7,18,0,0,0,0,0,0,0,0,0,0,0,0,0,0,1,0,0,0,0,0
1984,134,5.4,37,0,0,0,0,0,0,1,0,0,0,0,0,0,0,0,0,0,0,0,0
1995,144,6.3,224,0,0,0,0,0,0,0,0,0,0,0,0,0,0,0,0,0,0,0,0
1992,134,4.2,19,0,0,0,0,0,0,1,0,0,0,0,0,0,0,0,0,0,0,0,0
2018,116,8.6,155,0,0,0,0,0,0,1,0,0,0,0,0,0,0,0,0,0,0,0,0
1984,128,5.4,17,0,0,0,0,0,0,0,0,0,0,0,0,0,0,0,0,0,0,0,0
2017,113,4.5,399,0,0,0,0,0,0,0,0,0,0,0,0,0,0,0,0,0,1,0,0
2013,123,5.8,94,0,0,0,0,1,0,0,0,0,0,0,0,0,0,0,0,0,0,0,0
2021,124,8.6,93,0,0,0,0,0,0,1,0,0,0,0,0,0,0,0,0,0,0,0,0
2014,120,2.3,235,0,0,0,0,0,0,0,0,0,0,1,0,0,0,0,0,0,0,0,0
2017,148,2.7,761,0,0,0,0,0,0,0,0,0,0,0,0,0,0,0,0,0,0,0,0
2016,71,7.2,555,0,0,0,0,0,1,0,0,0,0,0,0,0,0,0,0,0,0,0,0
2016,133,7.6,13676,1,0,0,0,0,0,0,0,0,0,0,0,0,0,0,0,0,0,0,0
1987,134,5.2,12,0,0,0,0,0,0,0,0,0,0,0,0,0,0,0,0,0,0,0,0
2021,130,4.6,1383,0,0,0,0,0,0,1,0,0,0,0,0,0,0,0,0,0,0,0,0
1994,119,3.7,77,0,0,0,0,0,0,0,0,0,0,0,0,0,0,0,0,0,0,0,0
1959,124,5.3,17,0,0,0,0,0,0,0,0,0,0,0,0,0,0,0,0,0,0,0,0
2019,128,6.2,3845,0,0,0,1,0,0,0,0,0,0,0,0,0,0,0,0,0,0,0,0
2010,95,7.1,33,0,0,0,0,0,1,0,0,0,0,0,0,0,0,0,0,0,0,0,0
2009,121,6.2,112,0,0,0,1,0,0,0,0,0,0,0,0,0,0,0,0,0,0,0,0
1974,133,6.3,253,0,0,0,0,0,0,1,0,0,0,0,0,0,0,0,0,0,0,0,0
1951,134,6.8,12,0,0,0,0,0,0,1,0,0,0,0,0,0,0,0,0,0,0,0,0
1994,134,6.8,65,0,0,0,0,0,0,0,0,0,0,0,0,0,0,1,0,0,0,0,0
2004,122,4.6,395,0,0,0,0,0,0,0,0,0,0,0,0,1,0,0,0,0,0,0,0
2006,133,3.2,9,0,0,0,0,0,0,0,0,0,0,0,0,0,0,0,0,0,1,0,0
1950,134,7.4,16,0,0,0,0,0,0,1,0,0,0,0,0,0,0,0,0,0,0,0,0
1958,110,8.0,1273,0,0,0,0,0,0,0,0,1,0,0,0,0,0,0,0,0,0,0,0
2016,106,5.4,146,0,0,0,0,0,0,1,0,0,0,0,0,0,0,0,0,0,0,0,0
2009,130,7.0,287,0,0,0,0,0,0,1,0,0,0,0,0,0,0,0,0,0,0,0,0
2015,102,3.6,27,0,0,0,0,0,0,0,0,0,0,0,0,0,0,1,0,0,0,0,0
2013,130,7.7,23388,0,0,0,0,0,0,0,0,0,0,0,0,0,0,0,0,0,0,0,0
2004,145,5.1,1909,0,0,0,0,0,0,0,0,0,0,0,0,0,0,0,0,0,0,0,0
1996,128,5.0,60,0,0,0,0,0,0,0,0,0,0,0,0,0,0,0,0,0,0,0,0
1998,134,3.3,15,0,0,0,0,0,0,0,0,0,0,0,0,0,0,0,0,0,0,0,0
1979,137,6.5,10,0,0,0,0,0,0,0,0,0,0,0,0,0,0,0,0,0,0,0,0
1977,134,5.4,17,0,0,0,0,0,0,0,0,0,0,0,0,0,0,0,0,0,0,0,0
1976,134,5.9,42,0,0,0,0,0,0,0,0,0,0,0,0,0,0,0,0,0,0,0,0
1985,109,6.4,16,0,0,0,0,0,0,0,0,0,0,0,0,0,0,0,0,0,0,0,0
1994,134,5.3,17,0,0,0,0,0,0,0,0,0,0,0,0,0,0,0,0,0,0,0,0
1989,131,5.7,36,0,0,0,0,0,0,0,0,0,0,0,0,0,0,0,0,0,0,0,0
1983,181,6.1,423,0,0,0,0,0,0,0,0,0,0,0,0,0,0,0,0,0,0,0,0
1997,134,4.4,170,0,0,0,0,0,0,0,0,0,0,0,0,0,0,0,0,0,0,0,0
1981,130,6.9,21,1,0,0,0,0,0,0,0,0,0,0,0,0,0,0,0,0,0,0,0
1965,163,7.3,77,0,0,0,0,0,0,0,0,0,0,0,0,0,0,0,0,0,0,0,0
2013,105,5.3,497,0,1,0,0,0,0,0,0,0,0,0,0,0,0,0,0,0,0,0,0
2013,137,6.8,19,0,0,0,0,0,0,1,0,0,0,0,0,0,0,0,0,0,0,0,0
1985,92,4.9,21,0,0,0,0,0,0,0,0,0,0,0,0,0,0,0,0,0,0,0,0
2019,134,9.3,18,0,0,0,0,0,1,0,0,0,0,0,0,0,0,0,0,0,0,0,0
2001,134,8.8,85,0,0,0,0,0,0,1,0,0,0,0,0,0,0,0,0,0,0,0,0
1949,165,7.1,387,0,0,0,0,0,0,1,0,0,0,0,0,0,0,0,0,0,0,0,0
1989,134,4.5,13,0,0,0,0,0,0,0,0,0,0,1,0,0,0,0,0,0,0,0,0
1970,147,6.6,112,0,0,0,0,1,0,0,0,0,0,0,0,0,0,0,0,0,0,0,0
1987,130,7.6,21,0,0,0,0,0,0,0,0,0,0,0,0,0,0,1,0,0,0,0,0
1998,164,4.1,420,0,0,0,0,0,0,0,0,0,0,0,0,0,0,0,0,0,0,0,0
1970,134,5.6,8,0,0,0,0,0,0,0,0,0,0,0,0,0,0,0,0,0,0,0,0
1946,134,7.0,9,0,0,0,0,0,0,0,0,0,0,0,0,0,0,0,0,0,0,1,0
2012,145,5.0,108,0,0,0,0,0,0,0,0,0,0,0,0,0,0,0,0,0,0,0,0
2008,114,7.1,976,0,0,0,0,1,0,0,0,0,0,0,0,0,0,0,0,0,0,0,0
1944,134,5.5,11,0,0,0,0,0,0,0,0,0,0,0,0,0,0,0,0,0,0,0,0
1990,159,5.6,146,0,0,0,0,0,0,0,0,0,0,0,0,0,0,0,0,0,0,0,0
1967,134,6.3,6,0,0,0,0,0,0,1,0,0,0,0,0,0,0,0,0,0,0,0,0
2009,134,6.0,175,0,0,0,0,0,0,0,0,0,0,0,0,0,0,0,0,0,0,0,0
1988,134,4.9,27,0,0,0,0,0,0,0,0,0,0,0,0,0,0,0,0,0,0,0,0
2016,106,7.7,35,0,1,0,0,0,0,0,0,0,0,0,0,0,0,0,0,0,0,0,0
2007,80,8.0,29,0,0,0,0,0,0,0,1,0,0,0,0,0,0,0,0,0,0,0,0
2015,82,6.3,36,0,0,0,0,0,0,1,0,0,0,0,0,0,0,0,0,0,0,0,0
1959,167,9.0,22,0,0,0,0,0,0,0,0,0,0,0,0,0,0,0,0,0,0,1,0
1969,137,6.2,12,0,0,0,0,0,0,0,0,0,0,0,0,1,0,0,0,0,0,0,0
2013,105,6.7,92,0,0,0,0,0,0,1,0,0,0,0,0,0,0,0,0,0,0,0,0
1957,144,6.8,14,0,0,0,1,0,0,0,0,0,0,0,0,0,0,0,0,0,0,0,0
1995,155,4.3,530,0,0,0,0,0,0,0,0,0,0,0,0,0,0,0,0,0,0,0,0
2005,162,4.8,1019,0,0,0,0,0,0,1,0,0,0,0,0,0,0,0,0,0,0,0,0
2015,119,6.3,1588,0,0,0,0,0,0,0,0,0,0,0,0,0,0,0,0,0,0,0,0
1981,136,6.6,34,0,0,0,0,0,0,0,0,0,0,0,0,0,0,0,0,0,0,0,0
2014,130,5.2,347,0,0,0,1,0,0,0,0,0,0,0,0,0,0,0,0,0,0,0,0
1987,134,6.0,9,0,0,0,0,0,0,0,0,0,0,0,0,0,0,0,0,0,1,0,0
1983,148,5.2,38,0,0,0,0,0,0,1,0,0,0,0,0,0,0,0,0,0,0,0,0
1989,160,7.2,699,0,0,0,0,0,0,1,0,0,0,0,0,0,0,0,0,0,0,0,0
1986,130,5.8,43,0,0,0,0,0,0,1,0,0,0,0,0,0,0,0,0,0,0,0,0
1962,147,7.4,48,0,0,0,0,0,0,1,0,0,0,0,0,0,0,0,0,0,0,0,0
1987,134,4.3,6,0,0,0,0,0,0,0,0,0,0,0,0,0,0,0,0,0,0,0,0
2003,134,5.9,43,0,0,0,0,0,0,0,0,0,0,0,0,0,0,0,0,0,0,0,0
2004,134,8.8,92,0,0,0,0,0,0,0,0,0,0,0,0,0,0,0,0,0,0,0,0
2004,179,7.0,33177,0,0,0,0,0,0,0,0,0,0,0,0,0,0,0,0,0,0,0,0
2015,127,7.3,35,0,0,0,1,0,0,0,0,0,0,0,0,0,0,0,0,0,0,0,0
1982,134,5.1,44,0,0,0,0,0,0,0,0,0,0,0,0,0,0,0,0,0,0,0,0
1994,175,6.5,5725,0,0,0,0,0,0,0,0,0,0,0,0,0,0,0,0,0,0,0,0
2013,134,5.3,185,0,1,0,0,0,0,0,0,0,0,0,0,0,0,0,0,0,0,0,0
2003,134,6.0,514,0,0,0,0,0,0,1,0,0,0,0,0,0,0,0,0,0,0,0,0
2021,120,4.2,118,0,0,1,0,0,0,0,0,0,0,0,0,0,0,0,0,0,0,0,0
1959,134,6.7,59,0,0,0,0,0,0,1,0,0,0,0,0,0,0,0,0,0,0,0,0
1998,134,2.6,8,0,0,0,0,0,0,0,0,0,0,1,0,0,0,0,0,0,0,0,0
2003,197,4.0,4401,0,0,0,1,0,0,0,0,0,0,0,0,0,0,0,0,0,0,0,0
2007,134,5.8,10,0,0,0,1,0,0,0,0,0,0,0,0,0,0,0,0,0,0,0,0
1962,134,6.5,6,0,0,0,1,0,0,0,0,0,0,0,0,0,0,0,0,0,0,0,0
1998,150,4.5,40,0,0,0,0,0,0,0,0,0,0,0,0,1,0,0,0,0,0,0,0
1964,134,5.2,5,0,0,0,0,0,0,1,0,0,0,0,0,0,0,0,0,0,0,0,0
1971,147,6.5,47,0,0,0,1,0,0,0,0,0,0,0,0,0,0,0,0,0,0,0,0
1989,134,5.1,68,0,0,0,0,0,0,0,0,0,0,0,0,0,0,0,0,0,0,0,0
2014,128,5.1,8139,0,0,0,0,0,0,0,0,0,0,0,0,0,0,0,0,0,0,0,0
1988,134,6.8,13,0,0,0,0,0,0,1,0,0,0,0,0,0,0,0,0,0,0,0,0
1999,146,4.7,7,0,0,0,1,0,0,0,0,0,0,0,0,0,0,0,0,0,0,0,0
1978,151,6.7,127,0,0,0,0,0,0,1,0,0,0,0,0,0,0,0,0,0,0,0,0
2017,45,6.8,101,0,0,0,0,0,0,0,0,0,0,0,0,0,0,1,0,0,0,0,0
1966,134,5.2,8,0,0,0,0,0,0,0,0,0,0,0,0,0,1,0,0,0,0,0,0
2019,100,4.1,47,0,0,0,0,0,0,0,0,0,0,1,0,0,0,0,0,0,0,0,0
1988,120,7.8,51,0,0,0,0,0,0,1,0,0,0,0,0,0,0,0,0,0,0,0,0
2005,129,7.2,2185,0,0,0,1,0,0,0,0,0,0,0,0,0,0,0,0,0,0,0,0
2002,154,3.7,1125,0,0,0,0,0,0,0,0,0,0,0,0,0,0,0,0,0,0,0,0
1982,134,3.3,6,0,0,0,0,0,0,1,0,0,0,0,0,0,0,0,0,0,0,0,0
2005,145,5.5,4840,0,0,0,1,0,0,0,0,0,0,0,0,0,0,0,0,0,0,0,0
2017,134,2.7,13,0,0,0,0,0,0,0,1,0,0,0,0,0,0,0,0,0,0,0,0
1987,180,5.1,32,0,0,0,0,0,0,1,0,0,0,0,0,0,0,0,0,0,0,0,0
2017,178,5.4,5,0,0,1,0,0,0,0,0,0,0,0,0,0,0,0,0,0,0,0,0
1989,134,5.2,40,0,0,0,0,0,0,1,0,0,0,0,0,0,0,0,0,0,0,0,0
1964,134,6.1,8,0,0,0,0,0,0,1,0,0,0,0,0,0,0,0,0,0,0,0,0
1991,127,2.8,9,0,0,0,0,0,0,0,0,0,0,0,0,0,0,0,0,0,1,0,0
1967,136,7.7,85,0,0,0,0,0,0,1,0,0,0,0,0,0,0,0,0,0,0,0,0
2021,106,8.1,24,0,0,0,0,0,0,1,0,0,0,0,0,0,0,0,0,0,0,0,0
1998,165,5.3,2083,0,0,0,0,0,0,0,0,0,0,0,0,0,0,0,0,0,0,0,0
2001,172,5.2,124,0,0,0,0,0,0,0,0,0,0,0,0,0,0,0,0,0,0,0,0
2019,134,7.0,9,0,0,0,0,0,0,1,0,0,0,0,0,0,0,0,0,0,0,0,0
2019,136,6.0,850,0,0,0,0,0,0,0,0,0,0,0,0,0,0,0,0,0,0,0,0
2006,137,7.0,6120,0,0,0,1,0,0,0,0,0,0,0,0,0,0,0,0,0,0,0,0
2020,135,6.5,8972,0,0,0,0,0,0,0,0,0,0,0,0,0,0,0,0,0,0,0,0
1951,134,4.9,10,0,0,0,0,0,0,0,1,0,0,0,0,0,0,0,0,0,0,0,0
2010,128,6.6,23,0,0,1,0,0,0,0,0,0,0,0,0,0,0,0,0,0,0,0,0
1998,90,7.6,54,0,0,0,0,0,0,1,0,0,0,0,0,0,0,0,0,0,0,0,0
2010,134,4.6,52,0,0,0,0,0,0,0,0,0,0,1,0,0,0,0,0,0,0,0,0
1977,134,6.7,27,0,0,0,1,0,0,0,0,0,0,0,0,0,0,0,0,0,0,0,0
1989,134,5.5,17,0,0,0,0,0,0,1,0,0,0,0,0,0,0,0,0,0,0,0,0
1994,130,7.7,406,0,0,0,0,0,0,1,0,0,0,0,0,0,0,0,0,0,0,0,0
1966,150,6.8,116,0,0,0,0,0,0,1,0,0,0,0,0,0,0,0,0,0,0,0,0
1969,150,5.7,21,0,0,0,0,0,0,0,0,0,0,0,0,0,0,0,0,0,0,0,0
1970,134,6.6,41,0,0,0,0,0,0,1,0,0,0,0,0,0,0,0,0,0,0,0,0
1971,142,5.2,32,0,0,0,0,0,0,1,0,0,0,0,0,0,0,0,0,0,0,0,0
2004,158,4.8,126,0,0,0,0,0,0,0,0,0,0,0,0,0,0,0,0,0,0,0,0
2005,125,4.7,137,0,0,0,0,0,0,0,0,0,0,0,0,0,0,0,0,0,0,0,0
2005,134,8.7,84,0,0,0,0,0,0,0,0,0,0,0,0,0,0,0,0,0,0,0,0
1980,134,6.4,99,0,0,0,1,0,0,0,0,0,0,0,0,0,0,0,0,0,0,0,0
2004,90,6.9,80,0,0,0,0,0,0,1,0,0,0,0,0,0,0,0,0,0,0,0,0
1972,120,7.3,6,0,0,0,0,0,0,1,0,0,0,0,0,0,0,0,0,0,0,0,0
1999,137,5.2,5,0,0,0,0,0,0,0,0,0,0,0,0,0,0,1,0,0,0,0,0
1973,131,6.5,129,0,0,0,1,0,0,0,0,0,0,0,0,0,0,0,0,0,0,0,0
1983,167,7.5,744,0,0,0,1,0,0,0,0,0,0,0,0,0,0,0,0,0,0,0,0
1977,134,6.2,5,0,0,0,0,0,0,1,0,0,0,0,0,0,0,0,0,0,0,0,0
1983,136,5.9,29,0,0,0,0,0,0,0,0,0,0,0,0,0,0,0,0,0,0,0,0
2005,150,6.6,9520,0,0,1,0,0,0,0,0,0,0,0,0,0,0,0,0,0,0,0,0
2013,122,6.2,105,0,0,0,0,0,0,1,0,0,0,0,0,0,0,0,0,0,0,0,0
1981,121,6.5,48,0,0,0,0,0,0,0,0,0,0,1,0,0,0,0,0,0,0,0,0
2007,121,3.6,38,0,0,0,0,0,0,0,0,0,0,0,0,0,0,0,0,0,0,0,0
2019,148,6.4,10230,0,0,0,0,0,0,0,0,0,0,0,0,0,0,0,0,0,0,0,0
2015,120,8.0,18207,1,0,0,0,0,0,0,0,0,0,0,0,0,0,0,0,0,0,0,0
2014,130,7.2,478,0,0,1,0,0,0,0,0,0,0,0,0,0,0,0,0,0,0,0,0
1976,161,6.7,114,0,0,0,1,0,0,0,0,0,0,0,0,0,0,0,0,0,0,0,0
1962,141,7.1,39,0,0,0,1,0,0,0,0,0,0,0,0,0,0,0,0,0,0,0,0
1954,199,7.3,46,0,0,0,0,0,0,0,0,0,0,0,0,0,0,0,0,0,0,1,0
1980,110,7.1,15,0,0,0,0,0,0,1,0,0,0,0,0,0,0,0,0,0,0,0,0
2007,137,7.6,7563,0,0,0,0,1,0,0,0,0,0,0,0,0,0,0,0,0,0,0,0
1974,158,6.8,214,0,0,0,1,0,0,0,0,0,0,0,0,0,0,0,0,0,0,0,0
2000,134,6.2,15,0,0,0,0,0,0,1,0,0,0,0,0,0,0,0,0,0,0,0,0
2012,134,3.4,69,0,0,0,1,0,0,0,0,0,0,0,0,0,0,0,0,0,0,0,0
2018,112,7.4,3929,0,0,1,0,0,0,0,0,0,0,0,0,0,0,0,0,0,0,0,0
2017,92,6.0,89,0,0,0,0,0,0,1,0,0,0,0,0,0,0,0,0,0,0,0,0
1960,120,6.0,65,0,0,0,0,0,0,1,0,0,0,0,0,0,0,0,0,0,0,0,0
1979,113,6.9,289,0,0,0,0,0,0,1,0,0,0,0,0,0,0,0,0,0,0,0,0
1974,112,4.2,16,0,0,0,0,0,0,1,0,0,0,0,0,0,0,0,0,0,0,0,0
2003,132,8.1,10024,0,0,0,0,1,0,0,0,0,0,0,0,0,0,0,0,0,0,0,0
1984,166,5.9,83,0,0,0,0,0,0,0,0,0,0,0,0,0,0,0,0,0,0,0,0
1988,134,4.5,30,0,0,0,0,0,0,0,0,0,0,0,0,0,0,0,0,0,0,0,0
1985,177,6.2,1604,0,0,0,0,0,0,0,0,0,0,0,0,0,0,0,0,0,0,0,0
1998,135,4.2,31,0,0,0,0,0,0,0,0,0,0,0,0,0,0,0,0,0,0,0,0
1987,134,4.5,20,0,0,0,0,0,0,0,0,0,0,0,0,0,0,0,0,0,0,0,0
2018,134,7.4,6647,0,0,0,0,0,0,0,0,0,0,0,0,0,0,0,0,0,0,0,0
2014,113,7.3,11913,0,0,0,0,0,0,0,0,0,0,0,0,0,0,0,0,0,0,0,0
2019,103,7.4,8198,0,0,0,0,0,0,0,0,0,0,0,0,0,0,0,0,0,0,0,0
1983,134,6.4,14,0,0,0,0,0,0,0,0,0,0,0,0,0,0,0,0,0,0,0,0
1988,134,5.0,54,0,0,0,0,0,0,0,0,0,0,0,0,0,0,0,0,0,0,0,0
2009,134,4.9,46,0,0,0,0,1,0,0,0,0,0,0,0,0,0,0,0,0,0,0,0
2014,100,7.2,3565,0,0,0,0,0,0,1,0,0,0,0,0,0,0,0,0,0,0,0,0
2007,110,4.8,1890,0,0,0,1,0,0,0,0,0,0,0,0,0,0,0,0,0,0,0,0
1955,132,6.4,16,0,0,0,0,0,0,0,0,0,0,0,0,0,0,0,0,0,0,0,0
2019,152,3.6,3146,0,0,0,0,0,0,0,0,0,0,0,0,0,0,0,0,0,0,0,0
2003,160,3.5,132,0,0,0,0,0,0,1,0,0,0,0,0,0,0,0,0,0,0,0,0
2002,134,6.3,33,0,0,0,0,0,0,1,0,0,0,0,0,0,0,0,0,0,0,0,0
2020,134,6.8,6,0,0,0,0,0,0,0,0,0,0,1,0,0,0,0,0,0,0,0,0
2019,130,4.9,73,0,0,0,1,0,0,0,0,0,0,0,0,0,0,0,0,0,0,0,0
2017,94,5.1,291,0,0,0,0,0,0,0,0,0,0,0,0,0,0,0,0,0,1,0,0
2012,134,4.2,17,0,0,0,0,0,0,0,0,0,0,0,0,0,0,0,0,0,1,0,0
2002,109,5.4,17,0,0,0,0,0,0,0,0,0,0,0,0,0,0,0,0,0,0,0,0
1987,155,4.9,108,0,0,0,0,0,0,0,0,0,0,0,0,0,0,0,0,0,0,0,0
2016,90,8.5,166,0,0,0,0,0,1,0,0,0,0,0,0,0,0,0,0,0,0,0,0
2019,106,6.1,554,0,0,0,0,0,0,1,0,0,0,0,0,0,0,0,0,0,0,0,0
2009,134,7.9,53,0,1,0,0,0,0,0,0,0,0,0,0,0,0,0,0,0,0,0,0
2014,122,6.8,10089,0,0,0,0,0,0,0,0,0,0,0,0,0,0,0,0,0,0,0,0
1971,154,7.1,61,0,0,0,0,0,0,0,1,0,0,0,0,0,0,0,0,0,0,0,0
2015,109,8.2,24900,0,0,0,0,0,0,1,0,0,0,0,0,0,0,0,0,0,0,0,0
2017,80,8.2,27,0,0,0,0,0,1,0,0,0,0,0,0,0,0,0,0,0,0,0,0
2014,135,5.2,105,0,0,0,1,0,0,0,0,0,0,0,0,0,0,0,0,0,0,0,0
2002,117,4.1,74,0,0,0,0,0,0,0,0,0,0,0,0,0,0,0,0,0,0,0,0
1950,136,6.2,5,0,0,0,0,0,0,1,0,0,0,0,0,0,0,0,0,0,0,0,0
1984,162,7.3,655,0,0,0,0,0,0,0,0,0,0,0,0,0,0,0,0,0,0,0,0
2005,107,5.3,30,0,0,0,0,0,0,1,0,0,0,0,0,0,0,0,0,0,0,0,0
1992,134,5.3,43,0,0,0,0,0,0,1,0,0,0,0,0,0,0,0,0,0,0,0,0
2020,111,5.8,1317,0,0,0,1,0,0,0,0,0,0,0,0,0,0,0,0,0,0,0,0
2009,156,5.2,284,0,0,0,0,0,0,0,0,0,0,0,0,0,0,0,0,0,0,0,0
1983,165,8.4,3771,0,0,0,0,0,0,1,0,0,0,0,0,0,0,0,0,0,0,0,0
1960,134,7.3,23,0,0,0,0,0,0,1,0,0,0,0,0,0,0,0,0,0,0,0,0
1996,130,5.8,95,0,0,0,0,0,0,0,0,0,0,0,0,0,0,0,0,0,0,0,0
1986,118,7.2,105,0,0,0,0,0,0,1,0,0,0,0,0,0,0,0,0,0,0,0,0
1999,153,5.4,903,0,0,0,1,0,0,0,0,0,0,0,0,0,0,0,0,0,0,0,0
1991,143,5.2,44,0,0,0,0,0,0,0,0,0,0,0,0,0,0,0,0,0,0,0,0
2005,134,4.4,19,0,0,0,0,0,0,1,0,0,0,0,0,0,0,0,0,0,0,0,0
1954,134,6.7,6,0,0,0,0,0,0,1,0,0,0,0,0,0,0,0,0,0,0,0,0
1970,151,6.8,51,0,0,0,0,0,0,1,0,0,0,0,0,0,0,0,0,0,0,0,0
2001,152,4.8,24,0,0,0,0,0,0,0,0,0,0,0,0,0,0,0,0,0,0,0,0
1985,178,6.5,95,0,0,0,1,0,0,0,0,0,0,0,0,0,0,0,0,0,0,0,0
2004,166,6.2,6068,0,0,0,1,0,0,0,0,0,0,0,0,0,0,0,0,0,0,0,0
2011,103,5.1,91,1,0,0,0,0,0,0,0,0,0,0,0,0,0,0,0,0,0,0,0
2017,96,3.3,6,0,0,0,1,0,0,0,0,0,0,0,0,0,0,0,0,0,0,0,0
2016,119,2.4,2622,0,0,0,1,0,0,0,0,0,0,0,0,0,0,0,0,0,0,0,0
2013,98,4.8,514,0,0,1,0,0,0,0,0,0,0,0,0,0,0,0,0,0,0,0,0
2020,134,5.4,5,0,0,0,1,0,0,0,0,0,0,0,0,0,0,0,0,0,0,0,0
1985,92,7.7,42,0,0,0,0,0,1,0,0,0,0,0,0,0,0,0,0,0,0,0,0
2013,151,5.6,6035,0,0,0,1,0,0,0,0,0,0,0,0,0,0,0,0,0,0,0,0
2003,99,7.7,2042,0,0,0,0,0,0,1,0,0,0,0,0,0,0,0,0,0,0,0,0
1975,156,8.1,868,0,0,0,0,0,0,0,0,0,0,0,0,1,0,0,0,0,0,0,0
2011,161,4.7,5258,0,0,0,0,0,0,1,0,0,0,0,0,0,0,0,0,0,0,0,0
2018,130,2.8,10,0,0,0,0,0,0,1,0,0,0,0,0,0,0,0,0,0,0,0,0
1998,120,4.3,25,0,0,0,0,0,0,0,0,0,0,1,0,0,0,0,0,0,0,0,0
1982,134,7.0,6,0,0,0,0,0,0,1,0,0,0,0,0,0,0,0,0,0,0,0,0
2003,95,4.2,6,0,0,0,0,0,0,0,0,0,0,1,0,0,0,0,0,0,0,0,0
1989,134,4.4,10,0,0,0,0,0,0,0,0,0,0,0,0,0,0,0,0,0,0,0,0
1983,150,5.4,76,0,0,0,0,0,0,0,0,0,0,0,0,0,0,0,0,0,0,0,0
2005,134,4.7,15,0,0,0,0,0,0,0,0,0,0,0,0,0,0,0,0,0,0,0,0
2002,115,3.5,8,0,0,0,0,0,0,0,0,0,0,0,0,0,0,0,0,0,0,0,0
2012,110,4.7,202,0,0,0,0,0,0,0,0,0,0,0,0,0,0,0,0,0,0,0,0
2001,105,7.0,278,0,0,0,0,0,0,1,0,0,0,0,0,0,0,0,0,0,0,0,0
1993,130,5.4,2081,0,0,0,0,0,0,1,0,0,0,0,0,0,0,0,0,0,0,0,0
1961,134,7.5,55,0,0,0,0,0,0,1,0,0,0,0,0,0,0,0,0,0,0,0,0
1958,150,6.5,21,1,0,0,0,0,0,0,0,0,0,0,0,0,0,0,0,0,0,0,0
1972,107,6.9,69,0,0,0,0,0,0,1,0,0,0,0,0,0,0,0,0,0,0,0,0
1932,154,5.8,13,0,0,0,0,0,0,0,0,0,0,0,0,0,0,0,0,0,0,1,0
1975,134,7.9,9,0,0,0,0,0,0,1,0,0,0,0,0,0,0,0,0,0,0,0,0
1976,134,7.9,16,0,0,0,0,0,0,1,0,0,0,0,0,0,0,0,0,0,0,0,0
1976,134,8.6,41,0,0,0,0,0,0,1,0,0,0,0,0,0,0,0,0,0,0,0,0
1954,106,5.9,16,1,0,0,0,0,0,0,0,0,0,0,0,0,0,0,0,0,0,0,0
2005,99,2.7,58,0,0,0,0,0,0,0,0,0,0,0,0,0,0,1,0,0,0,0,0
1975,103,6.7,17,0,0,0,1,0,0,0,0,0,0,0,0,0,0,0,0,0,0,0,0
1934,155,8.5,6,0,0,0,0,0,0,1,0,0,0,0,0,0,0,0,0,0,0,0,0
1983,170,6.5,99,0,0,0,0,0,0,1,0,0,0,0,0,0,0,0,0,0,0,0,0
1976,124,5.7,14,0,0,0,0,0,0,1,0,0,0,0,0,0,0,0,0,0,0,0,0
1986,134,4.8,8,0,0,0,0,0,0,0,0,0,0,0,0,0,0,0,0,0,0,0,0
2009,109,3.6,2925,0,0,0,1,0,0,0,0,0,0,0,0,0,0,0,0,0,0,0,0
2018,96,7.9,7,0,0,0,0,0,0,1,0,0,0,0,0,0,0,0,0,0,0,0,0
2020,80,6.7,384,0,0,0,0,0,0,1,0,0,0,0,0,0,0,0,0,0,0,0,0
2010,110,6.9,126,0,0,1,0,0,0,0,0,0,0,0,0,0,0,0,0,0,0,0,0
1950,134,7.9,13,0,0,0,0,0,0,1,0,0,0,0,0,0,0,0,0,0,0,0,0
1991,134,4.8,12,0,0,0,0,0,0,1,0,0,0,0,0,0,0,0,0,0,0,0,0
1981,134,7.9,13,0,0,0,0,0,0,1,0,0,0,0,0,0,0,0,0,0,0,0,0
1942,155,7.2,12,0,0,0,0,0,0,1,0,0,0,0,0,0,0,0,0,0,0,0,0
2004,134,6.2,292,0,0,0,0,0,0,1,0,0,0,0,0,0,0,0,0,0,0,0,0
1981,139,6.2,115,0,0,0,1,0,0,0,0,0,0,0,0,0,0,0,0,0,0,0,0
1979,155,6.6,109,0,0,0,0,0,0,1,0,0,0,0,0,0,0,0,0,0,0,0,0
1947,120,7.7,14,0,0,0,0,0,0,0,0,0,0,0,0,0,0,0,0,0,0,1,0
1992,152,5.5,14,0,0,0,0,0,0,0,0,0,0,0,0,0,0,1,0,0,0,0,0
2008,134,3.9,87,0,0,0,1,0,0,0,0,0,0,0,0,0,0,0,0,0,0,0,0
2016,134,6.6,19,0,0,0,0,0,0,0,0,0,0,0,0,0,0,1,0,0,0,0,0
2015,129,7.2,623,0,0,0,1,0,0,0,0,0,0,0,0,0,0,0,0,0,0,0,0
1991,150,5.3,13,0,0,0,0,0,0,0,0,0,0,0,0,0,0,0,0,0,0,0,0
1985,134,5.0,6,0,0,0,0,0,0,0,0,0,0,0,0,0,0,0,0,0,0,0,0
2018,79,6.6,18,0,0,0,0,0,0,0,0,0,0,0,0,0,1,0,0,0,0,0,0
1996,134,3.7,62,0,0,0,0,0,0,0,0,0,0,0,0,0,0,1,0,0,0,0,0
1945,134,6.4,9,0,0,0,0,0,0,0,0,0,0,0,0,0,0,0,0,0,0,1,0
1991,134,4.8,19,0,0,0,0,0,0,0,0,0,0,0,0,0,0,0,0,0,0,0,0
1993,134,5.7,44,0,0,0,0,0,0,0,0,0,0,0,0,0,0,1,0,0,0,0,0
1982,140,6.1,22,0,0,0,0,0,0,1,0,0,0,0,0,0,0,0,0,0,0,0,0
1971,151,6.7,119,0,0,0,0,0,0,1,0,0,0,0,0,0,0,0,0,0,0,0,0
1992,134,5.7,11,0,0,0,0,0,0,0,0,0,0,0,0,0,0,1,0,0,0,0,0
1954,134,7.4,7,1,0,0,0,0,0,0,0,0,0,0,0,0,0,0,0,0,0,0,0
1976,134,6.5,144,0,0,0,0,0,0,1,0,0,0,0,0,0,0,0,0,0,0,0,0
2008,163,3.5,351,0,0,0,0,0,0,1,0,0,0,0,0,0,0,0,0,0,0,0,0
2020,134,9.3,27,0,0,0,0,0,0,1,0,0,0,0,0,0,0,0,0,0,0,0,0
1960,134,6.7,16,0,0,0,0,0,0,1,0,0,0,0,0,0,0,0,0,0,0,0,0
1973,134,5.7,6,0,0,0,0,0,0,0,0,0,0,0,0,0,0,0,0,0,0,0,0
1998,153,3.4,299,0,0,0,0,0,0,1,0,0,0,0,0,0,0,0,0,0,0,0,0
1958,134,5.3,6,0,0,0,0,0,0,1,0,0,0,0,0,0,0,0,0,0,0,0,0
1983,134,7.2,21,0,0,0,0,0,0,0,0,0,0,0,0,0,0,0,0,0,0,0,0
1962,128,5.9,23,0,0,0,1,0,0,0,0,0,0,0,0,0,0,0,0,0,0,0,0
1982,134,5.5,17,0,0,0,0,0,0,1,0,0,0,0,0,0,0,0,0,0,0,0,0
1967,162,7.2,47,0,0,0,0,0,0,1,0,0,0,0,0,0,0,0,0,0,0,0,0
2018,99,6.6,41,0,0,0,0,0,0,1,0,0,0,0,0,0,0,0,0,0,0,0,0
2014,134,2.9,11,0,0,0,1,0,0,0,0,0,0,0,0,0,0,0,0,0,0,0,0
1948,152,7.5,98,0,0,0,0,0,0,0,1,0,0,0,0,0,0,0,0,0,0,0,0
1971,126,6.8,44,0,0,0,0,0,0,1,0,0,0,0,0,0,0,0,0,0,0,0,0
2000,172,3.8,4247,0,0,0,0,0,0,0,0,0,0,0,0,0,0,0,0,0,0,0,0
1997,148,6.4,123,0,0,0,0,0,0,1,0,0,0,0,0,0,0,0,0,0,0,0,0
1956,113,7.2,36,0,0,0,1,0,0,0,0,0,0,0,0,0,0,0,0,0,0,0,0
1961,137,7.4,31,0,0,0,1,0,0,0,0,0,0,0,0,0,0,0,0,0,0,0,0
1964,113,7.6,97,0,0,0,0,0,0,1,0,0,0,0,0,0,0,0,0,0,0,0,0
2010,104,7.2,442,0,0,0,0,0,0,1,0,0,0,0,0,0,0,0,0,0,0,0,0
1971,138,6.1,17,0,0,0,0,0,0,0,0,0,0,0,0,0,0,0,0,0,1,0,0
2006,115,3.6,38,0,0,0,0,0,0,1,0,0,0,0,0,0,0,0,0,0,0,0,0
2011,134,5.1,8,0,0,0,1,0,0,0,0,0,0,0,0,0,0,0,0,0,0,0,0
2013,63,8.2,78,0,0,0,0,0,1,0,0,0,0,0,0,0,0,0,0,0,0,0,0
1985,134,3.8,12,0,0,0,0,0,0,0,0,0,0,0,0,0,0,0,0,0,0,0,0
1995,127,4.4,794,0,0,0,1,0,0,0,0,0,0,0,0,0,0,0,0,0,0,0,0
1973,120,5.6,11,0,0,0,0,0,0,1,0,0,0,0,0,0,0,0,0,0,0,0,0
1986,134,4.1,8,0,0,0,0,0,0,0,0,0,0,0,0,0,0,0,0,0,0,0,0
1976,134,7.9,11,0,0,0,0,0,0,1,0,0,0,0,0,0,0,0,0,0,0,0,0
2006,134,6.6,56,0,0,0,1,0,0,0,0,0,0,0,0,0,0,0,0,0,0,0,0
1992,155,4.8,8,0,0,0,0,0,0,0,0,0,0,0,0,0,0,1,0,0,0,0,0
1984,134,3.9,43,0,0,0,0,0,0,0,0,0,0,0,0,0,0,0,0,0,0,0,0
2005,134,3.6,8,0,0,0,0,0,0,0,0,0,0,0,0,0,0,0,0,0,0,0,0
1989,134,5.4,21,0,0,0,0,0,0,0,0,0,0,0,0,0,0,0,0,0,0,0,0
1971,151,7.0,302,0,0,0,0,0,0,0,0,0,0,0,0,0,0,0,0,0,0,0,0
1986,135,4.7,36,0,0,0,0,0,0,0,0,0,0,0,0,0,0,0,0,0,0,0,0
1985,134,6.6,7,0,0,0,0,0,0,0,0,0,0,0,0,0,0,0,0,0,0,0,0
1985,134,5.6,35,0,0,0,0,0,0,0,0,0,0,0,0,0,0,0,0,0,0,0,0
1987,134,5.5,27,0,0,0,0,0,0,1,0,0,0,0,0,0,0,0,0,0,0,0,0
1987,134,5.4,39,0,0,0,0,0,0,0,0,0,0,0,0,0,0,0,0,0,0,0,0
1968,160,5.8,11,0,0,0,1,0,0,0,0,0,0,0,0,0,0,0,0,0,0,0,0
1970,224,8.0,4684,0,0,0,1,0,0,0,0,0,0,0,0,0,0,0,0,0,0,0,0
1989,150,4.1,7,0,0,0,0,0,0,1,0,0,0,0,0,0,0,0,0,0,0,0,0
1990,142,3.8,37,0,0,0,0,0,0,1,0,0,0,0,0,0,0,0,0,0,0,0,0
1964,134,6.2,13,0,0,0,0,0,0,1,0,0,0,0,0,0,0,0,0,0,0,0,0
1978,157,4.6,19,0,0,0,0,0,0,0,0,0,0,0,0,0,0,0,0,0,0,0,0
2020,162,8.8,16,0,0,0,0,0,0,1,0,0,0,0,0,0,0,0,0,0,0,0,0
1985,140,4.9,14,0,0,0,0,0,0,1,0,0,0,0,0,0,0,0,0,0,0,0,0
1966,128,7.6,864,0,0,0,0,0,0,1,0,0,0,0,0,0,0,0,0,0,0,0,0
1988,141,3.9,7,0,0,0,0,0,0,0,0,0,0,0,0,0,0,0,0,0,0,0,0
1977,134,5.6,10,0,0,0,0,0,0,0,0,0,0,0,0,0,0,0,0,0,0,0,0
1987,134,4.3,9,0,0,0,0,0,0,0,0,0,0,0,0,1,0,0,0,0,0,0,0
1984,129,5.2,12,0,0,0,0,0,0,0,0,0,0,0,0,0,0,0,0,0,0,0,0
1985,150,4.7,20,0,0,0,0,0,0,1,0,0,0,0,0,0,0,0,0,0,0,0,0
2000,142,5.5,11,0,0,0,0,0,0,0,0,0,0,0,0,0,0,0,0,0,1,0,0
1971,164,7.4,536,0,0,0,0,0,0,1,0,0,0,0,0,0,0,0,0,0,0,0,0
1988,140,6.6,30,0,0,0,0,0,0,1,0,0,0,0,0,0,0,0,0,0,0,0,0
2008,163,5.4,2058,0,0,0,1,0,0,0,0,0,0,0,0,0,0,0,0,0,0,0,0
1972,138,5.6,13,0,0,0,0,0,0,1,0,0,0,0,0,0,0,0,0,0,0,0,0
2011,139,5.8,8946,0,0,0,1,0,0,0,0,0,0,0,0,0,0,0,0,0,0,0,0
2013,101,6.4,4535,0,0,0,1,0,0,0,0,0,0,0,0,0,0,0,0,0,0,0,0
1998,161,5.0,45,0,0,0,0,0,0,1,0,0,0,0,0,0,0,0,0,0,0,0,0
2012,180,3.5,191,0,0,0,1,0,0,0,0,0,0,0,0,0,0,0,0,0,0,0,0
2015,134,4.0,7,0,0,0,1,0,0,0,0,0,0,0,0,0,0,0,0,0,0,0,0
1968,134,6.9,72,0,0,0,0,0,0,0,0,0,0,0,0,1,0,0,0,0,0,0,0
2013,112,6.7,26,0,0,0,1,0,0,0,0,0,0,0,0,0,0,0,0,0,0,0,0
1970,153,7.0,53,0,0,0,0,0,0,1,0,0,0,0,0,0,0,0,0,0,0,0,0
1968,165,6.4,59,0,0,0,0,0,0,1,0,0,0,0,0,0,0,0,0,0,0,0,0
1972,142,6.9,168,0,0,0,0,0,0,1,0,0,0,0,0,0,0,0,0,0,0,0,0
2006,129,3.5,902,0,0,0,0,0,0,1,0,0,0,0,0,0,0,0,0,0,0,0,0
2009,119,5.6,93,0,0,0,0,0,0,1,0,0,0,0,0,0,0,0,0,0,0,0,0
1966,134,6.4,10,0,0,0,0,0,0,1,0,0,0,0,0,0,0,0,0,0,0,0,0
1963,164,6.9,196,0,0,0,1,0,0,0,0,0,0,0,0,0,0,0,0,0,0,0,0
2018,108,6.1,31,0,0,0,1,0,0,0,0,0,0,0,0,0,0,0,0,0,0,0,0
1986,134,5.6,9,0,0,0,0,0,0,1,0,0,0,0,0,0,0,0,0,0,0,0,0
1992,141,6.3,55,0,0,0,0,0,0,1,0,0,0,0,0,0,0,0,0,0,0,0,0
1975,134,6.2,10,0,0,0,0,0,0,1,0,0,0,0,0,0,0,0,0,0,0,0,0
1965,167,7.3,53,0,0,0,0,0,0,0,0,0,0,0,0,1,0,0,0,0,0,0,0
1997,134,4.3,56,0,0,0,0,0,0,1,0,0,0,0,0,0,0,0,0,0,0,0,0
2002,158,5.3,2102,0,0,0,1,0,0,0,0,0,0,0,0,0,0,0,0,0,0,0,0
1993,134,4.1,15,0,0,0,0,0,0,1,0,0,0,0,0,0,0,0,0,0,0,0,0
2005,134,4.8,20,0,0,0,0,0,0,0,0,0,0,0,0,0,0,1,0,0,0,0,0
1981,153,6.6,56,0,0,0,0,0,0,0,0,0,0,0,0,0,0,0,0,0,0,0,0
1984,131,5.1,22,0,0,0,0,0,0,0,0,0,0,0,0,0,0,0,0,0,0,0,0
2001,134,4.6,15,0,0,0,0,0,0,0,0,0,0,0,0,0,0,0,0,0,0,0,0
2005,134,6.9,30,0,0,0,0,0,0,0,0,0,0,0,0,0,0,0,0,0,0,0,0
1944,122,7.8,6,0,0,0,0,0,0,0,0,0,0,0,0,0,0,0,0,0,0,1,0
1969,148,5.1,18,0,0,0,0,0,0,1,0,0,0,0,0,0,0,0,0,0,0,0,0
2004,150,3.9,683,0,0,0,0,0,0,0,0,0,0,0,0,0,0,0,0,0,0,0,0
1979,117,6.5,93,0,0,0,1,0,0,0,0,0,0,0,0,0,0,0,0,0,0,0,0
2003,110,5.6,7,0,0,0,0,0,0,0,0,0,0,0,0,0,0,0,0,0,0,0,0
1985,164,7.3,1210,0,0,0,0,0,0,0,0,0,0,0,0,0,0,0,0,0,0,0,0
2000,134,4.8,19,0,0,0,0,0,0,0,0,0,0,0,0,0,0,0,0,0,0,0,0
1990,134,4.2,9,0,0,0,0,0,0,0,0,0,0,0,0,0,0,0,0,0,0,0,0
2009,134,4.9,28,0,0,0,1,0,0,0,0,0,0,0,0,0,0,0,0,0,0,0,0
2006,102,3.2,8,0,0,0,0,0,0,0,0,0,0,0,0,0,0,0,0,0,0,0,0
1995,134,3.0,9,0,0,0,0,0,0,0,0,0,0,0,0,0,0,1,0,0,0,0,0
2018,90,7.1,283,0,0,0,0,0,0,1,0,0,0,0,0,0,0,0,0,0,0,0,0
2009,134,3.3,7,0,0,0,1,0,0,0,0,0,0,0,0,0,0,0,0,0,0,0,0
2002,134,3.6,7,0,0,0,0,0,0,0,0,0,0,0,0,0,0,0,0,0,0,0,0
2001,131,5.0,10,0,0,0,0,0,0,0,1,0,0,0,0,0,0,0,0,0,0,0,0
2017,117,6.0,4495,0,0,0,1,0,0,0,0,0,0,0,0,0,0,0,0,0,0,0,0
1963,134,7.8,53,0,0,0,0,0,0,1,0,0,0,0,0,0,0,0,0,0,0,0,0
1989,149,5.7,16,0,0,0,0,0,0,0,0,0,0,0,0,0,0,0,0,0,0,0,0
2005,134,3.7,15,0,0,0,0,0,0,0,0,0,0,0,0,0,0,0,0,0,0,0,0
2013,134,6.5,91,0,0,0,0,0,0,1,0,0,0,0,0,0,0,0,0,0,0,0,0
2011,97,5.3,149,0,0,0,0,0,0,1,0,0,0,0,0,0,0,0,0,0,0,0,0
2013,135,6.0,2639,0,0,0,1,0,0,0,0,0,0,0,0,0,0,0,0,0,0,0,0
2012,146,6.2,3031,0,0,0,0,0,0,1,0,0,0,0,0,0,0,0,0,0,0,0,0
2015,60,3.3,20,0,1,0,0,0,0,0,0,0,0,0,0,0,0,0,0,0,0,0,0
2014,99,4.5,35,0,1,0,0,0,0,0,0,0,0,0,0,0,0,0,0,0,0,0,0
1989,134,4.8,13,0,0,0,0,0,0,0,0,0,0,0,0,0,0,0,0,0,0,0,0
1967,170,6.8,160,0,0,0,0,0,0,1,0,0,0,0,0,0,0,0,0,0,0,0,0
1995,134,5.1,99,0,0,0,0,0,0,0,0,0,0,0,0,0,0,0,0,0,0,0,0
1967,134,4.4,7,0,0,0,0,0,0,1,0,0,0,0,0,0,0,0,0,0,0,0,0
2019,141,5.0,321,0,0,0,0,0,0,1,0,0,0,0,0,0,0,0,0,0,0,0,0
1955,134,7.4,19,0,0,0,1,0,0,0,0,0,0,0,0,0,0,0,0,0,0,0,0
1972,111,6.0,23,0,0,0,0,0,0,1,0,0,0,0,0,0,0,0,0,0,0,0,0
2010,109,4.1,1739,0,0,0,0,0,0,1,0,0,0,0,0,0,0,0,0,0,0,0,0
2020,98,6.6,411,0,0,0,0,0,0,1,0,0,0,0,0,0,0,0,0,0,0,0,0
2011,114,2.5,225,0,0,0,1,0,0,0,0,0,0,0,0,0,0,0,0,0,0,0,0
1975,150,7.5,1272,0,0,0,0,0,0,1,0,0,0,0,0,0,0,0,0,0,0,0,0
1998,134,8.6,82,0,0,0,0,0,0,0,0,0,0,0,0,0,0,0,0,0,0,0,0
1998,134,5.8,50,0,0,0,0,0,0,0,0,0,0,0,0,0,0,0,0,0,0,0,0
2011,87,6.2,9,0,0,0,1,0,0,0,0,0,0,0,0,0,0,0,0,0,0,0,0
1999,160,6.2,5078,0,0,0,0,0,0,1,0,0,0,0,0,0,0,0,0,0,0,0,0
2010,105,6.5,855,0,0,0,1,0,0,0,0,0,0,0,0,0,0,0,0,0,0,0,0
1986,128,7.7,1248,0,0,0,0,0,0,1,0,0,0,0,0,0,0,0,0,0,0,0,0
2004,107,3.9,22,0,0,0,0,1,0,0,0,0,0,0,0,0,0,0,0,0,0,0,0
2017,113,6.1,222,0,0,0,0,1,0,0,0,0,0,0,0,0,0,0,0,0,0,0,0
1954,145,7.0,103,0,0,1,0,0,0,0,0,0,0,0,0,0,0,0,0,0,0,0,0
2017,130,4.1,101,0,0,0,0,0,0,1,0,0,0,0,0,0,0,0,0,0,0,0,0
1947,134,5.5,11,0,0,0,0,0,0,1,0,0,0,0,0,0,0,0,0,0,0,0,0
1957,119,7.3,27,0,0,0,0,0,0,0,0,0,0,0,0,0,0,1,0,0,0,0,0
2016,129,4.6,1739,0,0,0,0,0,0,0,0,0,0,0,0,0,0,0,0,0,0,0,0
2001,134,5.2,6,0,0,0,0,0,0,0,0,0,0,0,0,0,0,0,0,0,0,1,0
1985,134,4.2,17,0,0,0,0,0,0,0,0,0,0,0,0,0,0,0,0,0,0,0,0
1935,134,5.4,7,1,0,0,0,0,0,0,0,0,0,0,0,0,0,0,0,0,0,0,0
1949,120,7.1,12,0,0,0,0,0,0,1,0,0,0,0,0,0,0,0,0,0,0,0,0
1998,135,4.3,34,0,0,0,0,0,0,0,0,0,0,0,0,0,0,0,0,0,0,0,0
1936,161,6.1,17,0,0,0,0,0,0,1,0,0,0,0,0,0,0,0,0,0,0,0,0
1957,148,7.5,17,0,0,0,0,0,0,1,0,0,0,0,0,0,0,0,0,0,0,0,0
2003,134,3.6,59,0,0,0,0,0,0,0,0,0,0,0,0,0,1,0,0,0,0,0,0
2012,113,6.4,3068,0,0,0,0,1,0,0,0,0,0,0,0,0,0,0,0,0,0,0,0
1954,134,6.1,8,0,0,0,1,0,0,0,0,0,0,0,0,0,0,0,0,0,0,0,0
1935,90,6.3,9,0,0,0,0,0,0,1,0,0,0,0,0,0,0,0,0,0,0,0,0
1957,134,6.8,35,0,0,0,1,0,0,0,0,0,0,0,0,0,0,0,0,0,0,0,0
1989,102,4.5,6,0,0,0,0,0,0,1,0,0,0,0,0,0,0,0,0,0,0,0,0
2015,154,5.4,323,0,0,0,1,0,0,0,0,0,0,0,0,0,0,0,0,0,0,0,0
2016,133,3.2,235,0,0,0,0,0,0,0,0,0,0,0,0,0,0,1,0,0,0,0,0
2005,105,7.6,14,0,0,0,1,0,0,0,0,0,0,0,0,0,0,0,0,0,0,0,0
2018,120,5.8,2074,0,0,0,0,0,0,1,0,0,0,0,0,0,0,0,0,0,0,0,0
2016,113,4.3,74,0,0,0,0,0,0,0,0,0,0,0,0,0,0,0,0,0,1,0,0
1991,134,6.3,6,0,0,0,0,0,0,0,0,0,0,0,0,0,0,0,0,0,0,0,0
2008,130,3.4,1099,0,0,0,0,0,0,0,0,0,0,0,0,0,0,0,0,0,0,0,0
2000,154,6.7,6531,0,0,0,0,0,0,0,0,0,0,0,0,0,0,0,0,0,0,0,0
2019,130,6.5,12611,0,0,0,0,0,0,1,0,0,0,0,0,0,0,0,0,0,0,0,0
2004,117,3.8,25,0,0,0,0,0,0,0,0,0,0,0,0,0,0,0,0,0,0,0,0
2016,134,4.7,7,1,0,0,0,0,0,0,0,0,0,0,0,0,0,0,0,0,0,0,0
2005,134,5.4,16,0,0,0,0,0,0,0,0,0,0,0,0,0,0,0,0,0,0,0,0
2008,134,5.4,10,0,0,0,0,0,0,0,0,0,0,0,0,0,0,0,0,0,0,0,0
1987,134,3.2,12,0,0,0,0,0,0,0,0,0,0,0,0,0,0,0,0,0,0,0,0
2008,110,7.1,1934,0,0,0,1,0,0,0,0,0,0,0,0,0,0,0,0,0,0,0,0
2002,104,6.8,245,0,0,0,0,0,0,1,0,0,0,0,0,0,0,0,0,0,0,0,0
2018,119,6.9,2334,0,0,0,1,0,0,0,0,0,0,0,0,0,0,0,0,0,0,0,0
2010,134,4.2,13,0,0,0,0,0,0,1,0,0,0,0,0,0,0,0,0,0,0,0,0
2001,155,5.3,27,0,0,0,0,0,0,0,0,0,0,0,0,0,0,0,0,0,0,0,0
1989,163,4.7,35,0,0,0,0,0,0,0,0,0,0,0,0,0,0,0,0,0,0,0,0
2018,134,8.3,39,0,0,0,0,0,0,1,0,0,0,0,0,0,0,0,0,0,0,0,0
2006,91,6.4,647,0,0,0,1,0,0,0,0,0,0,0,0,0,0,0,0,0,0,0,0
1996,134,6.5,20,0,0,0,1,0,0,0,0,0,0,0,0,0,0,0,0,0,0,0,0
2016,143,8.0,13,0,0,0,0,0,0,1,0,0,0,0,0,0,0,0,0,0,0,0,0
2014,99,7.8,11,0,0,0,0,0,0,0,0,0,0,0,0,0,0,1,0,0,0,0,0
2011,100,6.5,399,0,0,0,0,0,0,1,0,0,0,0,0,0,0,0,0,0,0,0,0
1961,134,4.5,6,0,0,0,0,0,0,0,0,0,0,0,0,0,0,1,0,0,0,0,0
2016,108,5.6,415,0,0,0,0,1,0,0,0,0,0,0,0,0,0,0,0,0,0,0,0
1989,134,4.6,9,0,0,0,0,0,0,0,1,0,0,0,0,0,0,0,0,0,0,0,0
1985,134,5.5,104,0,0,0,0,0,0,0,0,0,0,0,0,0,0,1,0,0,0,0,0
1997,180,5.3,474,0,0,0,0,0,0,1,0,0,0,0,0,0,0,0,0,0,0,0,0
1998,126,4.5,13,0,0,0,0,0,0,0,0,0,0,0,0,0,0,0,0,0,0,0,0
1965,102,6.7,23,0,0,0,0,0,0,1,0,0,0,0,0,0,0,0,0,0,0,0,0
1988,134,5.0,50,0,0,0,0,0,0,0,0,0,0,0,0,0,0,0,0,0,0,0,0
1997,127,3.5,13,0,0,0,0,0,0,1,0,0,0,0,0,0,0,0,0,0,0,0,0
1994,146,5.3,45,0,0,0,0,0,0,0,0,0,0,0,0,0,0,0,0,0,0,0,0
1986,134,5.8,12,0,0,0,0,0,0,0,0,0,0,0,0,0,0,0,0,0,0,0,0
1991,134,3.3,6,0,0,0,0,0,0,0,0,0,0,0,0,0,0,1,0,0,0,0,0
1966,134,5.3,38,0,0,0,1,0,0,0,0,0,0,0,0,0,0,0,0,0,0,0,0
2000,216,7.1,27990,0,0,0,0,0,0,0,0,0,0,0,0,1,0,0,0,0,0,0,0
2015,150,6.8,1601,0,0,0,1,0,0,0,0,0,0,0,0,0,0,0,0,0,0,0,0
1947,134,8.7,9,0,0,0,0,0,0,0,0,0,0,0,0,0,1,0,0,0,0,0,0
1984,130,7.1,153,0,0,0,0,0,0,1,0,0,0,0,0,0,0,0,0,0,0,0,0
2014,100,7.1,32,0,0,0,0,0,0,1,0,0,0,0,0,0,0,0,0,0,0,0,0
2009,112,6.8,119,0,0,0,0,0,0,0,0,0,0,0,0,0,0,0,0,0,1,0,0
2016,155,5.7,10903,0,0,0,0,0,0,0,0,0,0,0,0,0,0,0,0,0,0,0,0
1994,177,7.0,7623,0,0,0,0,0,0,0,0,0,0,0,0,0,0,0,0,0,0,0,0
1987,104,5.3,75,0,0,0,0,0,0,1,0,0,0,0,0,0,0,0,0,0,0,0,0
2019,113,4.2,45,0,0,0,0,0,0,0,0,0,0,0,0,0,0,0,0,0,1,0,0
2001,150,6.2,390,0,0,0,0,1,0,0,0,0,0,0,0,0,0,0,0,0,0,0,0
2013,100,4.8,13,0,0,0,0,0,0,1,0,0,0,0,0,0,0,0,0,0,0,0,0
2017,146,7.3,9395,0,0,0,0,1,0,0,0,0,0,0,0,0,0,0,0,0,0,0,0
1972,118,5.9,11,0,0,0,0,1,0,0,0,0,0,0,0,0,0,0,0,0,0,0,0
2016,134,4.1,7,0,0,0,1,0,0,0,0,0,0,0,0,0,0,0,0,0,0,0,0
2008,138,2.7,565,0,0,0,1,0,0,0,0,0,0,0,0,0,0,0,0,0,0,0,0
2011,124,5.5,72,0,0,1,0,0,0,0,0,0,0,0,0,0,0,0,0,0,0,0,0
2015,106,3.3,61,0,0,0,1,0,0,0,0,0,0,0,0,0,0,0,0,0,0,0,0
2013,92,6.6,1071,0,0,0,0,0,0,0,0,0,0,0,0,0,0,0,0,0,0,0,0
2001,114,7.4,23663,0,0,0,1,0,0,0,0,0,0,0,0,0,0,0,0,0,0,0,0
2015,115,5.8,28,0,0,0,0,1,0,0,0,0,0,0,0,0,0,0,0,0,0,0,0
1970,138,4.4,21,0,0,0,0,0,0,0,0,0,0,0,0,0,0,0,0,0,0,0,0
2021,93,9.0,37,0,0,0,0,0,0,1,0,0,0,0,0,0,0,0,0,0,0,0,0
1980,134,3.9,8,0,0,0,0,0,0,0,0,0,0,0,0,0,0,0,0,0,0,0,0
2004,110,6.7,296,0,0,0,0,0,0,1,0,0,0,0,0,0,0,0,0,0,0,0,0
2009,105,4.7,61,0,0,0,0,0,0,1,0,0,0,0,0,0,0,0,0,0,0,0,0
2021,85,7.9,1059,0,0,0,0,0,0,1,0,0,0,0,0,0,0,0,0,0,0,0,0
2020,134,7.6,33,0,0,0,0,0,0,1,0,0,0,0,0,0,0,0,0,0,0,0,0
1999,142,4.3,54,0,0,0,1,0,0,0,0,0,0,0,0,0,0,0,0,0,0,0,0
1957,172,8.0,8788,0,0,0,0,0,0,1,0,0,0,0,0,0,0,0,0,0,0,0,0
1938,134,9.0,6,0,0,0,0,0,0,1,0,0,0,0,0,0,0,0,0,0,0,0,0
2016,110,6.7,134,0,1,0,0,0,0,0,0,0,0,0,0,0,0,0,0,0,0,0,0
1995,134,4.8,10,0,0,0,0,0,0,0,0,0,0,0,0,0,0,0,0,0,0,0,0
1975,114,4.8,5,0,0,0,0,0,0,0,0,0,0,0,0,0,0,0,0,0,0,0,0
2018,84,7.9,15,0,0,0,0,0,1,0,0,0,0,0,0,0,0,0,0,0,0,0,0
2007,118,7.0,2180,0,0,0,1,0,0,0,0,0,0,0,0,0,0,0,0,0,0,0,0
2014,130,3.6,526,0,0,0,0,0,0,0,0,0,0,0,0,0,0,0,0,0,0,0,0
2004,95,5.3,6,0,0,0,1,0,0,0,0,0,0,0,0,0,0,0,0,0,0,0,0
2005,134,5.2,60,0,0,0,1,0,0,0,0,0,0,0,0,0,0,0,0,0,0,0,0
2005,136,3.6,466,0,0,0,1,0,0,0,0,0,0,0,0,0,0,0,0,0,0,0,0
1955,157,7.2,500,0,0,0,1,0,0,0,0,0,0,0,0,0,0,0,0,0,0,0,0
1997,133,6.4,6022,0,0,0,1,0,0,0,0,0,0,0,0,0,0,0,0,0,0,0,0
2006,134,4.5,47,0,0,0,0,0,0,0,0,0,0,0,0,0,1,0,0,0,0,0,0
1994,123,4.2,95,0,0,0,0,0,0,0,0,0,0,0,0,0,0,0,0,0,0,0,0
1996,140,5.4,332,0,0,0,1,0,0,0,0,0,0,0,0,0,0,0,0,0,0,0,0
1992,127,4.3,622,0,0,0,0,0,0,0,0,0,0,0,0,0,0,0,0,0,0,0,0
2007,110,4.0,21,0,0,0,1,0,0,0,0,0,0,0,0,0,0,0,0,0,0,0,0
1987,179,7.8,14451,0,0,0,0,0,0,0,0,0,0,0,0,0,0,0,0,0,0,0,0
1961,179,6.8,31,0,0,0,1,0,0,0,0,0,0,0,0,0,0,0,0,0,0,0,0
2017,93,4.8,53,0,0,0,1,0,0,0,0,0,0,0,0,0,0,0,0,0,0,0,0
1979,148,6.6,1328,0,0,0,0,0,0,0,0,0,0,0,0,0,0,0,0,0,0,0,0
1996,162,5.5,161,0,0,0,0,0,0,0,0,0,0,0,0,0,0,0,0,0,0,0,0
1974,138,6.7,17,0,0,0,0,0,0,1,0,0,0,0,0,0,0,0,0,0,0,0,0
1952,165,7.4,27,0,0,0,1,0,0,0,0,0,0,0,0,0,0,0,0,0,0,0,0
2010,118,4.2,178,0,0,0,0,0,0,1,0,0,0,0,0,0,0,0,0,0,0,0,0
2008,130,3.3,194,0,0,0,0,0,0,0,0,0,0,0,0,0,0,0,0,0,0,0,0
1957,120,5.5,20,0,0,0,0,1,0,0,0,0,0,0,0,0,0,0,0,0,0,0,0
1987,120,7.0,5,0,0,0,0,0,0,0,0,1,0,0,0,0,0,0,0,0,0,0,0
2015,133,3.8,1833,0,0,0,0,0,0,0,0,0,0,0,0,0,0,0,0,0,0,0,0
1964,126,6.3,110,0,0,0,0,0,0,0,0,0,0,0,0,0,0,1,0,0,0,0,0
2017,108,5.8,6,0,0,0,0,0,0,1,0,0,0,0,0,0,0,0,0,0,0,0,0
1977,119,6.6,114,0,0,0,0,0,0,1,0,0,0,0,0,0,0,0,0,0,0,0,0
1997,158,2.5,378,0,0,0,0,0,0,0,0,0,0,0,0,0,0,0,0,0,0,0,0
1997,150,7.3,424,0,0,0,0,0,0,0,0,0,0,0,0,0,0,0,0,0,0,0,0
2015,96,6.5,202,0,0,0,0,0,0,1,0,0,0,0,0,0,0,0,0,0,0,0,0
2020,106,4.8,11531,0,0,0,0,1,0,0,0,0,0,0,0,0,0,0,0,0,0,0,0
2015,134,6.6,8431,0,0,0,0,0,0,0,0,0,0,0,0,0,0,0,0,0,0,0,0
2016,120,6.7,7362,0,0,0,0,0,0,0,0,0,0,0,0,0,0,0,0,0,0,0,0
2015,197,5.8,11192,0,0,0,0,0,0,0,0,0,0,0,0,0,0,0,0,0,0,0,0
2017,111,2.5,6,0,0,0,1,0,0,0,0,0,0,0,0,0,0,0,0,0,0,0,0
2017,156,5.5,3629,0,0,0,1,0,0,0,0,0,0,0,0,0,0,0,0,0,0,0,0
2012,134,5.9,8,0,0,0,0,0,1,0,0,0,0,0,0,0,0,0,0,0,0,0,0
1960,134,6.0,6,0,0,0,0,0,0,1,0,0,0,0,0,0,0,0,0,0,0,0,0
2019,132,8.6,699,0,0,0,0,0,0,0,0,0,0,0,0,0,0,0,0,0,0,0,0
2018,114,7.2,13,0,0,0,0,0,0,1,0,0,0,0,0,0,0,0,0,0,0,0,0
2003,155,3.9,29,0,0,0,0,0,0,1,0,0,0,0,0,0,0,0,0,0,0,0,0
1986,135,6.0,48,0,0,0,0,0,0,0,0,0,0,0,0,0,0,0,0,0,0,0,0
2009,134,6.3,7,0,0,0,0,0,0,0,0,0,0,0,0,0,1,0,0,0,0,0,0
1983,133,6.5,45,0,0,0,0,0,0,1,0,0,0,0,0,0,0,0,0,0,0,0,0
1963,95,6.6,91,0,0,0,0,0,0,0,0,0,0,0,0,0,0,0,0,0,0,0,0
2001,135,5.0,1135,0,0,0,0,0,0,1,0,0,0,0,0,0,0,0,0,0,0,0,0
2001,134,4.2,95,0,0,0,1,0,0,0,0,0,0,0,0,0,0,0,0,0,0,0,0
1983,134,5.6,5,0,0,0,0,0,0,0,0,0,0,0,0,0,0,0,0,0,0,0,0
1992,95,6.1,25,0,0,0,0,0,0,1,0,0,0,0,0,0,0,0,0,0,0,0,0
2011,106,6.9,3861,0,0,0,1,0,0,0,0,0,0,0,0,0,0,0,0,0,0,0,0
2004,163,6.7,14312,0,0,0,1,0,0,0,0,0,0,0,0,0,0,0,0,0,0,0,0
1989,134,5.3,151,0,0,0,0,0,0,0,0,0,0,0,0,0,0,0,0,0,0,0,0
1958,134,6.6,21,0,0,0,0,0,0,1,0,0,0,0,0,0,0,0,0,0,0,0,0
2008,132,6.9,388,0,0,0,0,1,0,0,0,0,0,0,0,0,0,0,0,0,0,0,0
2017,134,6.9,11,0,0,0,0,0,0,1,0,0,0,0,0,0,0,0,0,0,0,0,0
1988,142,7.0,27,0,0,0,0,0,0,1,0,0,0,0,0,0,0,0,0,0,0,0,0
1977,150,7.2,66,0,0,0,0,1,0,0,0,0,0,0,0,0,0,0,0,0,0,0,0
2002,134,2.9,7,0,0,0,0,0,0,1,0,0,0,0,0,0,0,0,0,0,0,0,0
2018,140,6.9,14156,0,0,0,0,0,0,1,0,0,0,0,0,0,0,0,0,0,0,0,0
1988,156,4.8,25,0,0,0,0,0,0,1,0,0,0,0,0,0,0,0,0,0,0,0,0
2016,73,6.8,12,0,0,0,0,0,0,1,0,0,0,0,0,0,0,0,0,0,0,0,0
2014,100,2.7,192,0,0,0,0,0,0,1,0,0,0,0,0,0,0,0,0,0,0,0,0
2015,135,1.6,43,0,0,0,0,0,0,1,0,0,0,0,0,0,0,0,0,0,0,0,0
2016,100,4.8,27,0,0,0,0,0,0,0,1,0,0,0,0,0,0,0,0,0,0,0,0
2008,130,5.9,110,0,0,0,0,0,0,1,0,0,0,0,0,0,0,0,0,0,0,0,0
2014,120,5.7,339,0,0,0,1,0,0,0,0,0,0,0,0,0,0,0,0,0,0,0,0
2005,134,3.4,20,0,0,0,0,0,0,0,0,0,0,0,0,0,0,0,0,0,0,0,0
2011,134,5.4,8,0,0,0,0,0,0,0,0,0,0,0,0,0,0,0,0,0,0,0,0
2003,125,5.2,268,0,0,0,0,0,0,0,0,0,0,0,0,0,0,1,0,0,0,0,0
2008,134,7.7,6034,0,0,0,0,0,0,1,0,0,0,0,0,0,0,0,0,0,0,0,0
2013,136,4.9,114,0,0,0,0,0,0,0,0,0,0,0,0,0,0,0,0,0,0,0,0
2021,135,6.1,7295,0,0,0,0,0,0,0,0,0,0,0,0,0,0,0,0,0,0,0,0
2007,134,4.8,182,0,0,0,1,0,0,0,0,0,0,0,0,0,0,0,0,0,0,0,0
2003,146,3.3,548,0,0,0,0,0,0,0,0,0,0,0,0,0,0,0,0,0,0,0,0
2005,146,6.6,68,0,0,0,1,0,0,0,0,0,0,0,0,0,0,0,0,0,0,0,0
2012,77,6.4,153,0,0,0,0,0,0,1,0,0,0,0,0,0,0,0,0,0,0,0,0
2011,90,5.2,24,0,0,0,1,0,0,0,0,0,0,0,0,0,0,0,0,0,0,0,0
2011,121,4.9,40,0,0,0,1,0,0,0,0,0,0,0,0,0,0,0,0,0,0,0,0
1955,163,7.4,94,0,0,0,1,0,0,0,0,0,0,0,0,0,0,0,0,0,0,0,0
1972,124,5.3,7,0,0,0,0,0,0,1,0,0,0,0,0,0,0,0,0,0,0,0,0
2003,156,8.1,75813,0,0,0,1,0,0,0,0,0,0,0,0,0,0,0,0,0,0,0,0
2014,128,3.2,13,0,0,0,1,0,0,0,0,0,0,0,0,0,0,0,0,0,0,0,0
2017,140,3.3,3022,0,0,0,0,0,0,0,0,0,0,0,0,0,0,0,0,0,0,0,0
1975,134,7.0,5,0,1,0,0,0,0,0,0,0,0,0,0,0,0,0,0,0,0,0,0
1999,136,4.0,24,0,0,0,0,0,0,0,0,0,0,0,0,0,0,0,0,0,0,0,0
1942,133,5.8,8,0,0,0,0,0,0,0,0,0,0,0,0,0,0,0,0,0,0,1,0
1979,127,6.5,20,0,0,0,0,0,0,0,0,0,0,0,0,0,0,0,0,0,0,0,0
1993,162,4.2,171,0,0,0,0,0,0,0,0,0,0,0,0,0,0,0,0,0,0,0,0
1996,134,5.5,13,0,0,0,0,0,0,0,0,0,0,0,0,0,0,0,0,0,0,0,0
1996,134,5.6,32,0,0,0,0,1,0,0,0,0,0,0,0,0,0,0,0,0,0,0,0
1978,189,5.5,36,0,0,0,0,0,0,1,0,0,0,0,0,0,0,0,0,0,0,0,0
1990,134,3.6,24,0,0,0,0,0,0,0,0,0,0,0,0,0,0,0,0,0,0,0,0
1987,171,4.8,48,0,0,0,0,0,0,0,0,0,0,0,0,0,0,0,0,0,0,0,0
1978,189,7.5,2638,0,0,0,0,0,0,1,0,0,0,0,0,0,0,0,0,0,0,0,0
2016,134,6.2,9,0,0,0,1,0,0,0,0,0,0,0,0,0,0,0,0,0,0,0,0
1985,134,7.0,5,0,0,0,1,0,0,0,0,0,0,0,0,0,0,0,0,0,0,0,0
2004,130,5.4,3763,0,0,0,0,0,0,1,0,0,0,0,0,0,0,0,0,0,0,0,0
2011,127,6.2,6662,0,0,0,0,0,0,0,0,0,0,0,0,0,0,0,0,0,0,0,0
2013,124,4.9,2423,0,0,0,0,0,0,1,0,0,0,0,0,0,0,0,0,0,0,0,0
2010,134,3.7,23,0,0,0,0,0,0,0,0,0,0,0,0,0,0,0,0,0,0,0,0
1957,149,7.4,100,0,0,0,0,0,0,1,0,0,0,0,0,0,0,0,0,0,0,0,0
1986,134,6.2,15,0,0,0,0,0,0,1,0,0,0,0,0,0,0,0,0,0,0,0,0
2004,151,5.5,1732,0,0,0,0,0,0,0,0,0,0,0,0,0,0,0,0,0,0,0,0
2019,130,4.8,352,0,0,0,0,0,0,0,0,0,0,1,0,0,0,0,0,0,0,0,0
2019,101,6.3,598,0,0,0,0,0,0,1,0,0,0,0,0,0,0,0,0,0,0,0,0
2020,74,7.5,8,0,0,0,0,0,0,1,0,0,0,0,0,0,0,0,0,0,0,0,0
2004,127,4.4,193,0,0,0,0,0,0,0,0,0,0,0,0,0,1,0,0,0,0,0,0
1992,135,7.0,296,0,0,0,1,0,0,0,0,0,0,0,0,0,0,0,0,0,0,0,0
2017,132,5.7,31,0,0,0,0,0,0,0,0,0,0,0,0,0,0,1,0,0,0,0,0
2010,134,4.2,13,0,0,0,1,0,0,0,0,0,0,0,0,0,0,0,0,0,0,0,0
1993,163,7.1,314,0,0,0,0,0,0,0,0,0,0,0,0,0,0,0,0,0,0,0,0
1996,134,4.3,7,0,0,0,0,0,0,0,0,0,0,0,0,0,0,0,0,0,0,0,0
1995,132,7.6,2773,0,0,0,0,0,0,0,0,0,0,0,0,0,0,0,0,0,0,0,0
2017,134,5.5,28,0,0,0,0,0,0,1,0,0,0,0,0,0,0,0,0,0,0,0,0
2015,136,6.7,82,0,0,0,0,0,1,0,0,0,0,0,0,0,0,0,0,0,0,0,0
2019,134,6.5,8,0,0,0,0,0,0,1,0,0,0,0,0,0,0,0,0,0,0,0,0
2010,90,7.3,27,0,0,0,0,0,1,0,0,0,0,0,0,0,0,0,0,0,0,0,0
2018,95,5.5,258,0,0,0,0,0,0,0,0,0,0,0,0,0,0,0,0,0,1,0,0
2005,120,7.2,1186,0,0,0,0,0,0,1,0,0,0,0,0,0,0,0,0,0,0,0,0
2020,106,6.2,672,0,0,0,0,0,0,0,0,0,0,0,0,0,1,0,0,0,0,0,0
2013,119,7.4,24,0,0,0,1,0,0,0,0,0,0,0,0,0,0,0,0,0,0,0,0
2021,80,7.4,63,0,0,0,0,0,0,1,0,0,0,0,0,0,0,0,0,0,0,0,0
1984,96,7.5,391,0,0,0,0,0,0,0,0,0,0,0,0,0,0,0,0,0,0,0,0
2006,95,4.7,617,0,0,0,1,0,0,0,0,0,0,0,0,0,0,0,0,0,0,0,0
2016,104,6.2,13,0,0,0,0,0,0,1,0,0,0,0,0,0,0,0,0,0,0,0,0
2007,190,4.6,156,0,1,0,0,0,0,0,0,0,0,0,0,0,0,0,0,0,0,0,0
2008,117,4.4,59,0,1,0,0,0,0,0,0,0,0,0,0,0,0,0,0,0,0,0,0
2010,134,4.4,45,0,1,0,0,0,0,0,0,0,0,0,0,0,0,0,0,0,0,0,0
2011,100,5.3,348,0,0,0,1,0,0,0,0,0,0,0,0,0,0,0,0,0,0,0,0
2017,87,6.4,26,0,0,0,0,0,0,0,0,0,0,0,0,0,0,1,0,0,0,0,0
2010,122,3.1,8,0,0,0,0,0,0,1,0,0,0,0,0,0,0,0,0,0,0,0,0
1970,143,6.9,23,0,0,0,0,0,0,0,0,0,0,0,0,0,0,1,0,0,0,0,0
2008,134,3.5,467,0,0,0,0,0,0,0,0,0,0,0,0,0,0,0,0,0,0,0,0
2010,165,8.0,101014,0,0,0,0,0,0,1,0,0,0,0,0,0,0,0,0,0,0,0,0
2005,103,6.1,890,0,0,0,0,0,0,1,0,0,0,0,0,0,0,0,0,0,0,0,0
2012,120,6.5,13,0,0,0,0,0,0,1,0,0,0,0,0,0,0,0,0,0,0,0,0
2018,134,5.7,13,0,0,0,0,0,0,1,0,0,0,0,0,0,0,0,0,0,0,0,0
2004,134,4.3,6,0,0,0,0,0,0,0,0,0,0,0,0,0,0,0,0,0,1,0,0
2015,115,7.2,12421,0,0,0,0,0,0,0,0,0,0,0,0,0,0,0,0,0,0,0,0
2010,134,6.1,274,0,0,0,1,0,0,0,0,0,0,0,0,0,0,0,0,0,0,0,0
2011,132,5.4,9,0,0,0,0,0,0,0,0,0,0,0,0,0,0,1,0,0,0,0,0
2002,158,5.0,2756,0,0,0,1,0,0,0,0,0,0,0,0,0,0,0,0,0,0,0,0
1971,134,3.8,9,0,1,0,0,0,0,0,0,0,0,0,0,0,0,0,0,0,0,0,0
2004,150,4.2,580,0,0,0,0,0,0,1,0,0,0,0,0,0,0,0,0,0,0,0,0
1992,182,4.1,20,0,0,0,0,0,0,0,0,0,0,0,0,0,0,0,0,0,0,0,0
1976,132,5.8,14,0,0,0,0,0,0,0,0,0,0,0,0,0,0,1,0,0,0,0,0
1986,134,7.2,28,0,0,0,0,0,0,1,0,0,0,0,0,0,0,0,0,0,0,0,0
2003,134,3.4,10,0,0,0,0,0,0,0,0,1,0,0,0,0,0,0,0,0,0,0,0
1957,134,6.5,6,1,0,0,0,0,0,0,0,0,0,0,0,0,0,0,0,0,0,0,0
1972,136,5.6,14,1,0,0,0,0,0,0,0,0,0,0,0,0,0,0,0,0,0,0,0
1991,136,4.4,17,0,0,0,0,0,0,0,0,1,0,0,0,0,0,0,0,0,0,0,0
1995,157,5.5,564,0,0,0,0,0,0,0,0,0,0,0,0,0,0,0,0,0,0,0,0
1990,134,4.3,67,0,0,0,0,0,0,0,0,0,0,0,0,0,0,0,0,0,0,0,0
1979,129,6.0,21,0,0,0,0,0,0,1,0,0,0,0,0,0,0,0,0,0,0,0,0
1986,177,7.5,984,0,0,0,0,1,0,0,0,0,0,0,0,0,0,0,0,0,0,0,0
2005,125,5.9,81,0,0,0,0,0,0,0,0,0,0,0,0,0,1,0,0,0,0,0,0
2016,137,5.9,3892,0,0,0,0,0,0,0,0,0,0,0,0,0,0,0,0,0,0,0,0
1987,129,4.3,34,0,0,0,0,0,0,0,0,0,0,0,0,0,0,0,0,0,1,0,0
2017,147,6.3,5924,0,0,0,0,0,0,0,0,0,0,0,0,0,0,0,0,0,0,0,0
1991,129,4.5,11,0,0,0,0,1,0,0,0,0,0,0,0,0,0,0,0,0,0,0,0
1977,127,5.8,5,0,0,0,0,0,0,0,0,0,0,0,0,0,0,0,0,0,0,0,0
1994,128,4.5,127,0,0,0,0,0,0,0,0,0,0,0,0,0,0,0,0,0,0,0,0
2013,66,6.7,18,0,0,0,0,0,0,1,0,0,0,0,0,0,0,0,0,0,0,0,0
1955,134,7.5,13,0,0,0,1,0,0,0,0,0,0,0,0,0,0,0,0,0,0,0,0
1989,131,4.8,27,0,0,0,0,0,0,0,0,0,0,1,0,0,0,0,0,0,0,0,0
1991,134,3.9,21,0,0,0,0,0,0,1,0,0,0,0,0,0,0,0,0,0,0,0,0
1951,134,6.9,12,0,0,0,0,0,0,0,0,0,0,0,0,0,0,1,0,0,0,0,0
1971,156,6.7,13,0,0,0,0,0,0,1,0,0,0,0,0,0,0,0,0,0,0,0,0
1968,126,7.1,8,0,0,0,0,0,0,0,0,0,1,0,0,0,0,0,0,0,0,0,0
1982,143,7.9,863,0,0,0,0,0,0,1,0,0,0,0,0,0,0,0,0,0,0,0,0
1948,126,6.8,46,0,0,0,0,0,0,1,0,0,0,0,0,0,0,0,0,0,0,0,0
1973,134,5.5,13,0,0,0,0,0,0,0,0,0,0,0,0,0,0,1,0,0,0,0,0
1989,134,4.9,24,0,0,0,0,0,0,0,0,0,0,0,0,0,0,0,0,0,0,0,0
2016,73,7.2,86,0,0,0,0,0,1,0,0,0,0,0,0,0,0,0,0,0,0,0,0
2000,150,5.6,23,0,0,0,0,0,0,1,0,0,0,0,0,0,0,0,0,0,0,0,0
1954,139,6.7,61,0,0,0,0,0,0,1,0,0,0,0,0,0,0,0,0,0,0,0,0
1976,180,6.3,442,0,0,0,0,0,0,0,0,1,0,0,0,0,0,0,0,0,0,0,0
1979,134,6.2,8,1,0,0,0,0,0,0,0,0,0,0,0,0,0,0,0,0,0,0,0
1986,137,6.5,880,0,0,0,0,0,0,0,0,1,0,0,0,0,0,0,0,0,0,0,0
1951,134,6.2,21,0,0,0,0,0,0,0,0,0,0,0,0,0,1,0,0,0,0,0,0
1945,134,4.8,6,0,0,0,0,0,0,0,0,0,0,0,0,0,0,0,0,0,0,0,0
1946,134,7.4,7,0,0,0,0,0,0,1,0,0,0,0,0,0,0,0,0,0,0,0,0
1967,158,6.3,20,0,0,0,0,0,0,1,0,0,0,0,0,0,0,0,0,0,0,0,0
1965,134,6.3,13,0,0,0,0,0,0,1,0,0,0,0,0,0,0,0,0,0,0,0,0
2021,128,7.4,3737,0,0,0,0,0,0,1,0,0,0,0,0,0,0,0,0,0,0,0,0
1973,134,6.3,28,0,0,0,0,0,0,1,0,0,0,0,0,0,0,0,0,0,0,0,0
2005,104,4.3,773,0,0,0,0,0,0,1,0,0,0,0,0,0,0,0,0,0,0,0,0
1989,134,4.1,18,0,0,0,0,0,0,0,0,0,0,0,0,0,0,0,0,0,0,0,0
1979,116,6.8,15,0,0,0,0,0,0,1,0,0,0,0,0,0,0,0,0,0,0,0,0
1943,121,7.5,30,0,0,0,0,0,0,1,0,0,0,0,0,0,0,0,0,0,0,0,0
1981,117,6.4,30,0,0,0,0,0,0,1,0,0,0,0,0,0,0,0,0,0,0,0,0
2019,134,7.0,42,0,0,0,0,0,0,1,0,0,0,0,0,0,0,0,0,0,0,0,0
1962,134,5.9,7,0,0,0,0,0,0,1,0,0,0,0,0,0,0,0,0,0,0,0,0
2006,128,3.3,1074,0,0,0,0,0,0,0,0,0,0,0,0,0,0,0,0,0,0,0,0
2010,122,5.0,56,0,0,0,0,1,0,0,0,0,0,0,0,0,0,0,0,0,0,0,0
2004,134,7.2,78,0,0,0,0,0,0,1,0,0,0,0,0,0,0,0,0,0,0,0,0
2009,101,6.1,12,0,0,0,0,0,0,0,0,0,0,0,0,0,0,0,0,0,0,0,0
1996,148,4.1,51,0,0,0,0,0,0,0,0,0,0,0,0,0,0,0,0,0,0,0,0
1982,171,7.3,2420,0,0,0,0,0,0,0,0,0,0,0,0,0,0,0,0,0,0,0,0
1973,146,7.3,1564,0,0,0,0,0,0,1,0,0,0,0,0,0,0,0,0,0,0,0,0
2018,141,2.2,2644,0,0,0,1,0,0,0,0,0,0,0,0,0,0,0,0,0,0,0,0
2007,128,7.1,20942,0,0,0,1,0,0,0,0,0,0,0,0,0,0,0,0,0,0,0,0
2018,84,7.4,94,1,0,0,0,0,0,0,0,0,0,0,0,0,0,0,0,0,0,0,0
1982,112,7.6,420,0,0,0,0,0,0,1,0,0,0,0,0,0,0,0,0,0,0,0,0
1994,134,5.0,9,0,0,0,0,0,0,1,0,0,0,0,0,0,0,0,0,0,0,0,0
2010,152,5.4,426,0,0,0,0,0,0,0,0,0,0,0,0,0,0,0,0,0,0,0,0
1949,134,7.1,16,0,0,0,0,0,0,1,0,0,0,0,0,0,0,0,0,0,0,0,0
1988,134,6.6,41,0,0,0,0,0,0,1,0,0,0,0,0,0,0,0,0,0,0,0,0
2020,134,4.9,13,0,0,0,0,0,0,0,0,0,0,0,0,0,0,1,0,0,0,0,0
2014,146,8.2,344,0,0,0,0,0,0,1,0,0,0,0,0,0,0,0,0,0,0,0,0
1998,82,6.0,10,0,0,0,0,0,0,1,0,0,0,0,0,0,0,0,0,0,0,0,0
1981,134,6.6,19,0,0,0,0,0,0,0,0,0,0,0,0,0,0,0,0,0,0,1,0
2007,108,6.0,412,0,0,0,1,0,0,0,0,0,0,0,0,0,0,0,0,0,0,0,0
1980,134,6.6,12,0,0,0,0,0,0,0,0,1,0,0,0,0,0,0,0,0,0,0,0
1969,133,6.2,24,0,0,0,0,0,0,0,0,0,0,0,0,0,0,0,0,0,0,0,0
2018,133,5.9,954,0,0,0,1,0,0,0,0,0,0,0,0,0,0,0,0,0,0,0,0
2007,115,5.4,1373,0,0,0,0,1,0,0,0,0,0,0,0,0,0,0,0,0,0,0,0
1955,130,8.6,16,0,0,0,0,0,0,0,0,0,0,0,0,0,0,1,0,0,0,0,0
1989,134,4.4,28,0,0,0,0,0,0,1,0,0,0,0,0,0,0,0,0,0,0,0,0
1981,122,7.4,980,0,0,0,1,0,0,0,0,0,0,0,0,0,0,0,0,0,0,0,0
1991,214,5.5,424,0,0,0,0,0,0,0,0,0,0,0,0,0,0,0,0,0,0,0,0
2017,110,6.8,27,0,0,0,0,0,0,0,0,0,0,0,0,0,0,0,0,0,0,0,0
1946,134,8.1,14,0,0,0,0,0,0,0,0,0,0,0,0,0,0,0,0,0,0,1,0
1957,134,6.5,6,0,0,1,0,0,0,0,0,0,0,0,0,0,0,0,0,0,0,0,0
1963,125,7.0,21,0,0,0,0,0,0,1,0,0,0,0,0,0,0,0,0,0,0,0,0
1940,150,6.5,11,0,0,0,0,0,0,1,0,0,0,0,0,0,0,0,0,0,0,0,0
1978,140,6.5,13,0,0,0,1,0,0,0,0,0,0,0,0,0,0,0,0,0,0,0,0
1981,197,7.1,1572,0,0,0,0,0,0,0,0,0,0,0,0,0,0,0,0,0,0,0,0
1997,138,5.3,333,0,0,0,1,0,0,0,0,0,0,0,0,0,0,0,0,0,0,0,0
1986,140,5.6,164,0,0,0,1,0,0,0,0,0,0,0,0,0,0,0,0,0,0,0,0
1992,132,3.8,9,0,0,0,0,0,0,1,0,0,0,0,0,0,0,0,0,0,0,0,0
2013,122,3.2,1214,0,0,0,0,0,0,1,0,0,0,0,0,0,0,0,0,0,0,0,0
2016,67,9.0,46,0,0,0,0,0,1,0,0,0,0,0,0,0,0,0,0,0,0,0,0
1986,134,4.5,8,0,0,0,0,0,0,0,0,0,0,0,0,0,0,1,0,0,0,0,0
1986,139,5.1,32,0,0,0,0,0,0,0,0,0,0,0,0,0,0,0,0,0,0,0,0
1985,134,6.2,11,0,0,0,0,0,0,1,0,0,0,0,0,0,0,0,0,0,0,0,0
1983,134,5.5,359,0,0,0,0,0,0,0,0,0,0,0,0,0,0,0,0,0,0,0,0
1954,148,6.2,32,0,0,0,1,0,0,0,0,0,0,0,0,0,0,0,0,0,0,0,0
1975,134,5.8,9,0,0,0,0,0,0,1,0,0,0,0,0,0,0,0,0,0,0,0,0
1969,120,4.9,7,0,0,0,0,0,0,0,0,0,0,0,0,0,0,0,0,0,0,0,0
2015,137,6.2,25,0,0,0,0,0,0,0,0,0,0,0,0,0,0,0,0,0,0,0,0
1991,134,5.1,88,0,0,0,0,0,0,0,0,0,0,0,0,0,0,0,0,0,0,0,0
1952,134,6.6,9,0,0,0,0,0,0,1,0,0,0,0,0,0,0,0,0,0,0,0,0
1957,170,6.8,141,0,0,0,1,0,0,0,0,0,0,0,0,0,0,0,0,0,0,0,0
2011,108,2.5,290,0,0,0,1,0,0,0,0,0,0,0,0,0,0,0,0,0,0,0,0
1962,128,5.4,346,0,0,0,1,0,0,0,0,0,0,0,0,0,0,0,0,0,0,0,0
2006,134,3.7,57,0,0,0,1,0,0,0,0,0,0,0,0,0,0,0,0,0,0,0,0
1951,130,5.6,13,0,0,0,0,0,0,1,0,0,0,0,0,0,0,0,0,0,0,0,0
1947,147,6.6,25,0,0,0,0,0,0,0,0,0,0,0,0,0,0,0,0,0,0,1,0
1983,134,6.3,142,0,0,0,0,0,0,0,0,0,0,0,0,0,0,0,0,0,0,0,0
1999,104,6.6,30,0,0,0,0,0,0,1,0,0,0,0,0,0,0,0,0,0,0,0,0
1955,142,7.4,103,0,0,0,0,0,0,1,0,0,0,0,0,0,0,0,0,0,0,0,0
1979,126,6.4,151,0,0,0,1,0,0,0,0,0,0,0,0,0,0,0,0,0,0,0,0
1978,134,6.9,79,0,0,0,1,0,0,0,0,0,0,0,0,0,0,0,0,0,0,0,0
1953,120,6.2,8,0,0,0,0,0,0,1,0,0,0,0,0,0,0,0,0,0,0,0,0
1967,134,6.3,12,0,0,0,0,1,0,0,0,0,0,0,0,0,0,0,0,0,0,0,0
1957,137,6.5,18,0,0,0,0,0,0,0,0,0,0,0,0,0,0,0,0,0,0,0,0
2013,119,5.8,4198,0,0,0,1,0,0,0,0,0,0,0,0,0,0,0,0,0,0,0,0
2005,99,7.1,38,0,0,0,0,0,0,1,0,0,0,0,0,0,0,0,0,0,0,0,0
1935,134,3.4,5,0,0,0,0,0,0,0,0,0,0,0,0,0,0,0,0,0,0,1,0
2004,134,7.1,323,0,0,0,1,0,0,0,0,0,0,0,0,0,0,0,0,0,0,0,0
1959,157,6.5,139,0,0,0,0,0,0,1,0,0,0,0,0,0,0,0,0,0,0,0,0
2018,112,4.4,877,0,0,0,1,0,0,0,0,0,0,0,0,0,0,0,0,0,0,0,0
1956,142,5.8,12,0,0,0,0,0,0,0,0,0,0,0,0,0,0,1,0,0,0,0,0
1979,134,5.4,12,0,0,0,1,0,0,0,0,0,0,0,0,0,0,0,0,0,0,0,0
1957,173,8.0,1102,0,0,0,0,0,0,1,0,0,0,0,0,0,0,0,0,0,0,0,0
1978,124,5.5,53,0,0,0,0,0,0,0,0,0,0,0,0,0,0,0,0,0,0,0,0
1974,132,7.0,147,0,0,0,0,0,0,1,0,0,0,0,0,0,0,0,0,0,0,0,0
2007,134,6.1,30,0,0,0,0,0,0,0,0,0,0,0,0,0,0,0,0,0,0,0,0
1984,134,6.1,50,0,0,0,0,0,0,1,0,0,0,0,0,0,0,0,0,0,0,0,0
1965,134,5.7,7,0,0,0,0,0,0,1,0,0,0,0,0,0,0,0,0,0,0,0,0
1990,118,4.4,13,0,0,0,0,0,0,1,0,0,0,0,0,0,0,0,0,0,0,0,0
1973,134,4.7,9,0,0,0,0,1,0,0,0,0,0,0,0,0,0,0,0,0,0,0,0
1971,151,6.9,98,0,0,0,0,0,0,1,0,0,0,0,0,0,0,0,0,0,0,0,0
2001,187,7.8,14939,0,0,0,0,0,0,0,0,0,0,0,0,0,0,0,0,0,0,0,0
2003,136,5.4,374,0,0,0,1,0,0,0,0,0,0,0,0,0,0,0,0,0,0,0,0
1990,124,6.3,88,0,0,0,0,0,0,1,0,0,0,0,0,0,0,0,0,0,0,0,0
2005,138,3.9,126,0,0,0,0,0,0,0,0,0,0,0,0,0,0,0,0,0,1,0,0
1995,96,4.7,483,0,0,0,0,0,0,0,0,0,0,0,0,0,0,0,0,0,0,0,0
1996,134,6.1,19,0,0,0,0,0,0,0,0,0,0,0,0,0,0,0,0,0,0,0,0
1961,130,6.9,50,0,0,0,1,0,0,0,0,0,0,0,0,0,0,0,0,0,0,0,0
1987,134,6.2,90,0,0,0,0,0,0,0,0,0,0,0,0,0,0,1,0,0,0,0,0
1980,134,4.9,10,0,0,0,0,0,0,1,0,0,0,0,0,0,0,0,0,0,0,0,0
2021,65,7.8,20,0,0,0,0,1,0,0,0,0,0,0,0,0,0,0,0,0,0,0,0
2005,122,3.2,1476,0,0,0,1,0,0,0,0,0,0,0,0,0,0,0,0,0,0,0,0
1946,122,6.8,182,0,0,0,0,0,0,1,0,0,0,0,0,0,0,0,0,0,0,0,0
1947,116,7.7,75,0,0,0,0,0,0,1,0,0,0,0,0,0,0,0,0,0,0,0,0
1968,160,6.8,278,0,0,0,0,0,0,1,0,0,0,0,0,0,0,0,0,0,0,0,0
1957,140,6.1,12,0,0,0,0,0,0,1,0,0,0,0,0,0,0,0,0,0,0,0,0
1965,134,6.7,37,0,0,0,0,0,0,1,0,0,0,0,0,0,0,0,0,0,0,0,0
2003,154,7.4,15,0,0,0,0,0,0,1,0,0,0,0,0,0,0,0,0,0,0,0,0
1962,134,5.1,7,0,0,0,0,0,0,0,0,0,0,0,0,0,1,0,0,0,0,0,0
1966,134,6.5,28,0,0,0,0,0,0,0,0,0,0,0,0,1,0,0,0,0,0,0,0
2016,122,7.6,21470,0,0,1,0,0,0,0,0,0,0,0,0,0,0,0,0,0,0,0,0
1980,147,5.5,23,0,0,0,0,0,0,0,1,0,0,0,0,0,0,0,0,0,0,0,0
1976,134,5.4,32,0,0,0,0,0,0,0,0,0,0,0,0,0,0,0,0,0,0,0,0
2007,125,3.8,489,0,0,0,0,0,0,0,0,0,0,0,0,0,0,0,0,0,0,0,0
1990,165,5.4,12,0,0,1,0,0,0,0,0,0,0,0,0,0,0,0,0,0,0,0,0
2014,125,3.2,42,0,0,0,0,0,0,0,0,0,0,1,0,0,0,0,0,0,0,0,0
2004,134,5.3,237,0,0,0,0,0,0,0,0,0,0,0,0,0,0,0,0,0,0,0,0
2005,208,7.6,1095,0,0,1,0,0,0,0,0,0,0,0,0,0,0,0,0,0,0,0,0
1966,150,7.7,25,0,0,1,0,0,0,0,0,0,0,0,0,0,0,0,0,0,0,0,0
1956,176,7.4,62,0,0,0,1,0,0,0,0,0,0,0,0,0,0,0,0,0,0,0,0
1986,123,7.7,173,0,0,0,0,0,0,1,0,0,0,0,0,0,0,0,0,0,0,0,0
2009,153,6.8,10553,0,0,0,0,1,0,0,0,0,0,0,0,0,0,0,0,0,0,0,0
2017,106,7.7,17734,0,0,0,1,0,0,0,0,0,0,0,0,0,0,0,0,0,0,0,0
2015,95,2.7,35,0,0,0,0,0,0,0,0,0,0,1,0,0,0,0,0,0,0,0,0
2000,146,6.1,15,0,0,0,0,0,0,1,0,0,0,0,0,0,0,0,0,0,0,0,0
1989,140,5.2,295,0,0,0,0,0,0,1,0,0,0,0,0,0,0,0,0,0,0,0,0
2005,134,2.5,22,0,0,0,0,0,0,0,0,0,0,0,0,0,0,0,0,0,1,0,0
2017,108,4.3,218,0,0,0,0,0,0,1,0,0,0,0,0,0,0,0,0,0,0,0,0
1958,137,6.2,5,0,0,0,0,1,0,0,0,0,0,0,0,0,0,0,0,0,0,0,0
1967,134,6.6,37,0,0,0,0,0,0,0,0,0,0,0,0,0,0,0,0,0,0,0,0
2015,100,8.3,6069,0,0,0,0,0,0,1,0,0,0,0,0,0,0,0,0,0,0,0,0
1950,134,7.7,9,0,0,0,0,0,0,0,0,0,0,0,0,0,0,1,0,0,0,0,0
1996,146,7.5,659,0,0,0,0,0,0,0,0,0,0,0,0,0,0,1,0,0,0,0,0
1993,134,7.2,32,0,0,0,0,0,0,0,0,0,0,0,0,0,0,0,0,0,0,0,0
2007,82,7.5,8,0,0,0,0,0,0,1,0,0,0,0,0,0,0,0,0,0,0,0,0
1950,134,6.6,30,0,0,0,0,0,0,1,0,0,0,0,0,0,0,0,0,0,0,0,0
1996,135,4.9,12,0,0,0,0,0,0,0,0,0,0,0,0,0,0,0,0,0,0,0,0
1941,134,6.3,7,0,0,0,0,0,0,1,0,0,0,0,0,0,0,0,0,0,0,0,0
1973,130,4.0,6,0,0,0,0,0,0,1,0,0,0,0,0,0,0,0,0,0,0,0,0
2018,110,3.9,138,0,0,0,0,0,0,1,0,0,0,0,0,0,0,0,0,0,0,0,0
1974,133,7.7,6,0,0,0,0,0,0,1,0,0,0,0,0,0,0,0,0,0,0,0,0
2019,100,9.1,7,0,0,0,0,0,0,1,0,0,0,0,0,0,0,0,0,0,0,0,0
1938,128,5.5,14,0,0,0,0,0,0,1,0,0,0,0,0,0,0,0,0,0,0,0,0
1997,134,6.0,7,0,0,0,0,0,0,0,0,0,0,0,0,0,0,0,0,0,0,0,0
2019,95,5.9,200,0,0,0,0,0,0,0,0,0,0,0,0,0,1,0,0,0,0,0,0
2011,95,9.1,99,0,0,0,0,0,0,1,0,0,0,0,0,0,0,0,0,0,0,0,0
1983,131,6.3,43,0,0,0,0,0,0,0,0,0,0,0,0,0,0,0,0,0,0,0,0
2007,110,5.4,1622,0,0,0,0,0,0,1,0,0,0,0,0,0,0,0,0,0,0,0,0
1965,138,4.9,10,0,0,0,0,0,0,1,0,0,0,0,0,0,0,0,0,0,0,0,0
1949,134,5.2,6,0,0,0,0,0,0,1,0,0,0,0,0,0,0,0,0,0,0,0,0
1950,134,7.5,6,0,0,0,0,0,0,1,0,0,0,0,0,0,0,0,0,0,0,0,0
1980,137,5.9,22,0,0,0,0,0,0,0,0,0,0,0,0,0,0,0,0,0,0,0,0
1995,134,5.0,30,0,0,0,0,0,0,1,0,0,0,0,0,0,0,0,0,0,0,0,0
1989,139,2.9,10,0,0,0,0,0,0,0,0,0,0,0,0,0,0,0,0,0,0,0,0
1975,140,7.6,564,0,0,0,0,1,0,0,0,0,0,0,0,0,0,0,0,0,0,0,0
1992,146,4.2,491,0,0,0,0,0,0,0,0,0,0,0,0,0,0,0,0,0,0,0,0
1977,134,6.0,7,0,0,0,0,0,0,1,0,0,0,0,0,0,0,0,0,0,0,0,0
2005,158,6.6,11195,0,0,0,1,0,0,0,0,0,0,0,0,0,0,0,0,0,0,0,0
2020,123,6.3,30,0,0,0,0,1,0,0,0,0,0,0,0,0,0,0,0,0,0,0,0
2011,136,7.2,11199,0,0,1,0,0,0,0,0,0,0,0,0,0,0,0,0,0,0,0,0
2010,139,4.3,2299,0,0,0,0,0,0,0,0,0,0,0,0,0,0,0,0,0,0,0,0
2007,128,7.3,6928,0,0,0,0,0,0,1,0,0,0,0,0,0,0,0,0,0,0,0,0
2018,108,5.8,221,0,0,0,0,0,0,1,0,0,0,0,0,0,0,0,0,0,0,0,0
2021,110,7.2,46,0,0,0,0,0,0,1,0,0,0,0,0,0,0,0,0,0,0,0,0
2017,117,3.9,1432,1,0,0,0,0,0,0,0,0,0,0,0,0,0,0,0,0,0,0,0
1965,134,4.8,5,0,0,0,0,0,0,1,0,0,0,0,0,0,0,0,0,0,0,0,0
1979,120,6.0,159,0,0,0,0,0,0,1,0,0,0,0,0,0,0,0,0,0,0,0,0
1967,130,6.0,18,0,0,0,0,0,0,1,0,0,0,0,0,0,0,0,0,0,0,0,0
2011,100,5.0,694,0,0,0,0,1,0,0,0,0,0,0,0,0,0,0,0,0,0,0,0
2019,115,6.9,2253,0,0,0,0,0,0,1,0,0,0,0,0,0,0,0,0,0,0,0,0
2011,135,7.6,845,0,0,0,0,0,0,1,0,0,0,0,0,0,0,0,0,0,0,0,0
2019,169,5.6,1866,0,0,1,0,0,0,0,0,0,0,0,0,0,0,0,0,0,0,0,0
2018,117,6.3,10,0,0,0,0,0,0,0,0,0,0,1,0,0,0,0,0,0,0,0,0
1991,125,4.3,19,0,0,0,0,0,0,0,0,0,0,0,0,0,0,0,0,0,0,0,0
1990,155,5.7,39,0,0,0,0,0,0,1,0,0,0,0,0,0,0,0,0,0,0,0,0
1999,123,5.1,15,0,0,0,0,0,0,0,0,0,0,0,0,0,0,0,0,0,0,0,0
2020,104,5.3,31,0,0,0,0,0,0,1,0,0,0,0,0,0,0,0,0,0,0,0,0
2014,107,3.3,584,0,0,0,1,0,0,0,0,0,0,0,0,0,0,0,0,0,0,0,0
2012,105,6.2,196,0,0,0,0,0,0,1,0,0,0,0,0,0,0,0,0,0,0,0,0
2008,80,6.6,44,0,0,0,0,0,0,1,0,0,0,0,0,0,0,0,0,0,0,0,0
2002,118,5.1,8,0,0,0,0,0,0,1,0,0,0,0,0,0,0,0,0,0,0,0,0
2018,115,7.5,14013,0,0,0,0,0,0,1,0,0,0,0,0,0,0,0,0,0,0,0,0
2019,117,8.2,13,0,0,0,0,0,0,1,0,0,0,0,0,0,0,0,0,0,0,0,0
2017,99,5.4,13,0,0,0,0,0,0,0,0,0,0,1,0,0,0,0,0,0,0,0,0
2001,134,4.2,120,0,0,0,0,0,0,0,0,0,0,0,0,0,0,0,0,0,0,0,0
2019,120,8.0,91,0,0,0,0,0,0,0,0,0,0,0,0,0,0,0,0,0,0,0,0
2006,92,6.3,20,0,0,0,0,0,0,1,0,0,0,0,0,0,0,0,0,0,0,0,0
1980,134,3.4,25,0,0,0,0,0,0,1,0,0,0,0,0,0,0,0,0,0,0,0,0
1995,160,4.2,1582,0,0,0,1,0,0,0,0,0,0,0,0,0,0,0,0,0,0,0,0
2008,105,5.4,264,0,0,0,1,0,0,0,0,0,0,0,0,0,0,0,0,0,0,0,0
2017,135,5.2,3883,0,0,0,0,0,0,1,0,0,0,0,0,0,0,0,0,0,0,0,0
2007,134,5.4,17,0,0,0,1,0,0,0,0,0,0,0,0,0,0,0,0,0,0,0,0
2003,134,3.7,31,0,0,0,0,0,0,0,0,0,0,0,0,0,0,0,0,0,0,0,0
1986,134,5.2,6,0,0,0,0,0,0,0,0,0,0,1,0,0,0,0,0,0,0,0,0
1988,101,7.1,438,0,0,0,0,0,0,1,0,0,0,0,0,0,0,0,0,0,0,0,0
2002,172,5.5,1911,0,0,0,0,0,0,1,0,0,0,0,0,0,0,0,0,0,0,0,0
2007,162,6.7,40120,0,0,0,0,0,0,0,0,0,0,0,0,0,0,0,0,0,0,0,0
2017,98,7.2,2851,0,0,0,0,0,0,0,0,0,0,0,0,0,0,0,0,0,0,0,0
2012,125,8.1,53454,0,0,0,1,0,0,0,0,0,0,0,0,0,0,0,0,0,0,0,0
2006,155,8.1,19631,0,0,0,0,0,0,0,0,0,0,0,0,0,0,0,0,0,0,0,0
2020,130,4.9,12,0,0,0,1,0,0,0,0,0,0,0,0,0,0,0,0,0,0,0,0
2018,101,7.0,869,0,0,0,0,0,0,1,0,0,0,0,0,0,0,0,0,0,0,0,0
2015,122,6.7,193,0,0,0,0,0,0,0,0,0,0,0,0,0,0,0,0,0,1,0,0
2010,134,7.4,16677,0,0,0,0,0,0,0,0,0,0,0,0,0,0,0,0,0,0,0,0
2013,160,4.6,6839,0,0,0,0,0,0,0,0,0,0,0,0,0,0,0,0,0,0,0,0
2001,169,5.4,4870,0,0,0,0,0,0,0,0,0,0,0,0,0,0,0,0,0,0,0,0
2014,139,4.2,722,0,0,0,1,0,0,0,0,0,0,0,0,0,0,0,0,0,0,0,0
2009,87,8.3,35,0,0,0,0,0,1,0,0,0,0,0,0,0,0,0,0,0,0,0,0
1971,114,7.5,89,0,0,1,0,0,0,0,0,0,0,0,0,0,0,0,0,0,0,0,0
2019,124,5.0,1055,0,0,0,0,0,0,0,0,0,0,0,0,0,0,0,0,0,0,0,0
2004,89,5.6,39,0,0,0,1,0,0,0,0,0,0,0,0,0,0,0,0,0,0,0,0
2012,90,6.8,13,0,0,0,0,0,0,1,0,0,0,0,0,0,0,0,0,0,0,0,0
2018,129,7.0,15,0,0,0,0,0,0,0,0,0,0,0,0,0,0,0,0,0,1,0,0
2016,97,3.1,1167,0,0,0,0,0,0,1,0,0,0,0,0,0,0,0,0,0,0,0,0
2008,135,5.3,2511,0,0,0,1,0,0,0,0,0,0,0,0,0,0,0,0,0,0,0,0
2017,134,5.1,22,0,0,0,1,0,0,0,0,0,0,0,0,0,0,0,0,0,0,0,0
1999,150,6.1,1426,0,0,0,0,0,0,0,0,0,0,0,0,0,0,1,0,0,0,0,0
1989,126,6.4,11,0,0,0,0,0,0,1,0,0,0,0,0,0,0,0,0,0,0,0,0
1985,134,5.9,40,0,0,0,0,0,0,1,0,0,0,0,0,0,0,0,0,0,0,0,0
1965,144,7.4,46,0,0,0,0,0,0,1,0,0,0,0,0,0,0,0,0,0,0,0,0
2013,98,6.9,51,1,0,0,0,0,0,0,0,0,0,0,0,0,0,0,0,0,0,0,0
2013,126,6.2,176,0,0,0,0,0,0,0,0,0,0,0,0,0,0,0,0,0,1,0,0
2003,109,3.5,93,0,0,0,1,0,0,0,0,0,0,0,0,0,0,0,0,0,0,0,0
1961,107,5.5,14,0,0,0,0,0,0,0,0,0,0,0,0,0,0,0,0,0,0,0,0
1968,146,8.0,26,0,0,0,0,0,0,0,0,0,0,0,0,0,0,0,0,0,0,0,0
2020,60,4.7,349,0,0,0,0,0,0,0,0,0,0,0,0,0,0,0,0,0,0,0,0
2005,134,6.6,17,0,0,0,1,0,0,0,0,0,0,0,0,0,0,0,0,0,0,0,0
2014,99,7.0,108,0,0,0,0,0,0,1,0,0,0,0,0,0,0,0,0,0,0,0,0
1977,150,6.6,23,0,0,0,0,0,0,1,0,0,0,0,0,0,0,0,0,0,0,0,0
1985,152,7.0,230,0,0,0,0,1,0,0,0,0,0,0,0,0,0,0,0,0,0,0,0
2003,134,5.6,70,0,0,0,0,0,0,0,0,0,0,0,0,0,0,0,0,0,0,0,0
2015,59,8.5,16,0,0,0,0,0,1,0,0,0,0,0,0,0,0,0,0,0,0,0,0
2003,124,3.3,241,0,0,0,1,0,0,0,0,0,0,0,0,0,0,0,0,0,0,0,0
2012,114,4.8,25,0,0,0,0,0,0,1,0,0,0,0,0,0,0,0,0,0,0,0,0
2008,125,7.7,16700,0,0,0,0,0,0,0,0,0,0,0,0,0,0,0,0,0,0,0,0
2015,123,3.9,80,0,0,0,1,0,0,0,0,0,0,0,0,0,0,0,0,0,0,0,0
2019,131,6.8,641,0,0,0,0,1,0,0,0,0,0,0,0,0,0,0,0,0,0,0,0
2009,133,7.2,11492,0,0,0,1,0,0,0,0,0,0,0,0,0,0,0,0,0,0,0,0
2001,146,6.5,40,0,0,0,0,0,0,0,0,0,0,0,0,0,0,1,0,0,0,0,0
2018,134,8.0,23,0,0,0,0,0,0,1,0,0,0,0,0,0,0,0,0,0,0,0,0
2012,135,8.2,34161,0,0,0,0,0,0,0,0,0,0,0,0,0,0,0,0,0,0,0,0
2003,130,7.7,2200,0,0,0,0,1,0,0,0,0,0,0,0,0,0,0,0,0,0,0,0
1988,134,4.2,11,0,0,0,0,0,0,0,0,0,0,0,0,0,0,0,0,0,0,0,0
1989,134,3.6,14,0,0,0,0,0,0,0,0,0,0,0,0,0,0,0,0,0,0,0,0
1981,137,6.2,25,0,0,0,0,0,0,0,0,0,0,0,0,0,0,0,0,0,0,0,0
1995,132,4.1,541,0,0,0,0,0,0,0,0,0,0,0,0,0,0,0,0,0,0,0,0
2003,120,5.1,806,0,0,0,0,0,0,0,0,0,0,0,0,0,0,0,0,0,0,0,0
1974,134,7.1,26,0,0,0,0,0,0,0,0,0,0,0,0,1,0,0,0,0,0,0,0
1989,134,3.9,68,0,0,0,0,0,0,0,0,0,0,0,0,0,0,0,0,0,0,0,0
1991,134,3.7,33,0,0,0,0,0,0,0,0,0,0,0,0,0,0,0,0,0,0,0,0
1988,168,5.0,103,0,0,0,0,0,0,0,0,0,0,0,0,0,0,0,0,0,0,0,0
1990,160,5.2,29,0,0,0,0,0,0,0,0,0,0,0,0,0,0,0,0,0,0,0,0
1988,153,5.4,67,0,0,0,0,1,0,0,0,0,0,0,0,0,0,0,0,0,0,0,0
1977,134,7.3,51,0,0,0,0,0,0,0,0,0,0,0,0,0,0,0,0,0,0,0,0
2013,115,3.8,27,0,0,0,0,1,0,0,0,0,0,0,0,0,0,0,0,0,0,0,0
1984,134,5.4,21,0,0,0,0,0,0,1,0,0,0,0,0,0,0,0,0,0,0,0,0
1995,134,4.5,54,0,0,0,0,0,0,0,0,0,0,0,0,0,0,0,0,0,0,0,0
1984,141,7.6,450,0,0,0,0,0,0,1,0,0,0,0,0,0,0,0,0,0,0,0,0
2010,122,4.9,1660,0,0,0,0,0,0,1,0,0,0,0,0,0,0,0,0,0,0,0,0
1992,150,3.3,26,0,0,0,1,0,0,0,0,0,0,0,0,0,0,0,0,0,0,0,0
1985,130,6.7,138,0,0,0,0,0,0,0,0,0,0,0,0,0,0,0,0,0,0,0,0
2018,140,7.9,22611,0,0,0,1,0,0,0,0,0,0,0,0,0,0,0,0,0,0,0,0
1973,98,7.1,230,0,0,0,0,0,0,1,0,0,0,0,0,0,0,0,0,0,0,0,0
1985,129,7.1,346,0,0,0,0,0,0,1,0,0,0,0,0,0,0,0,0,0,0,0,0
2018,164,7.0,28573,0,0,0,0,0,0,1,0,0,0,0,0,0,0,0,0,0,0,0,0
2005,162,2.4,185,0,0,0,1,0,0,0,0,0,0,0,0,0,0,0,0,0,0,0,0
1968,157,8.1,6443,0,0,0,1,0,0,0,0,0,0,0,0,0,0,0,0,0,0,0,0
1941,135,7.2,12,0,0,0,0,0,0,1,0,0,0,0,0,0,0,0,0,0,0,0,0
1988,134,3.3,7,0,0,0,0,0,0,0,0,0,0,0,0,0,0,0,0,0,1,0,0
2019,149,3.2,2118,0,0,0,0,0,0,0,0,0,0,0,0,0,0,0,0,0,0,0,0
2014,98,5.8,31,0,0,0,0,0,0,1,0,0,0,0,0,0,0,0,0,0,0,0,0
2018,112,3.9,31,0,0,0,0,0,0,0,0,0,0,1,0,0,0,0,0,0,0,0,0
2005,139,7.3,6712,0,0,0,0,0,0,1,0,0,0,0,0,0,0,0,0,0,0,0,0
2021,114,6.9,7043,0,0,0,1,0,0,0,0,0,0,0,0,0,0,0,0,0,0,0,0
1970,134,7.2,79,0,0,0,0,0,0,1,0,0,0,0,0,0,0,0,0,0,0,0,0
2020,123,6.7,10,0,0,0,1,0,0,0,0,0,0,0,0,0,0,0,0,0,0,0,0
2019,108,4.5,786,0,0,0,0,1,0,0,0,0,0,0,0,0,0,0,0,0,0,0,0
1977,131,7.6,33,0,0,0,0,0,0,1,0,0,0,0,0,0,0,0,0,0,0,0,0
2005,140,6.5,12727,0,0,0,1,0,0,0,0,0,0,0,0,0,0,0,0,0,0,0,0
1959,188,7.0,85,0,0,0,1,0,0,0,0,0,0,0,0,0,0,0,0,0,0,0,0
2019,166,6.4,1671,0,0,0,0,0,0,0,0,0,0,0,0,0,0,0,0,0,0,0,0
1983,134,3.6,21,0,0,0,0,0,0,0,0,0,0,0,0,0,0,1,0,0,0,0,0
2018,145,6.3,7,0,0,0,0,0,0,1,0,0,0,0,0,0,0,0,0,0,0,0,0
1956,88,6.5,11,0,0,0,1,0,0,0,0,0,0,0,0,0,0,0,0,0,0,0,0
2004,139,4.1,142,0,0,0,0,0,0,0,0,0,0,0,0,0,0,0,0,0,0,0,0
1969,165,4.9,11,0,0,0,1,0,0,0,0,0,0,0,0,0,0,0,0,0,0,0,0
1985,134,5.0,22,0,0,0,0,0,0,0,0,0,0,0,0,0,0,0,0,0,0,0,0
1974,134,6.1,16,0,0,0,0,0,0,1,0,0,0,0,0,0,0,0,0,0,0,0,0
1984,138,6.5,26,0,0,0,0,0,0,1,0,0,0,0,0,0,0,0,0,0,0,0,0
2018,100,6.5,8,0,0,0,0,1,0,0,0,0,0,0,0,0,0,0,0,0,0,0,0
2019,154,4.6,1033,0,0,0,0,0,0,0,0,0,0,0,0,0,0,0,0,0,0,0,0
2009,134,4.3,12,0,0,0,0,0,0,0,0,0,0,0,0,0,0,1,0,0,0,0,0
1986,145,6.5,48,0,0,0,0,0,0,0,0,0,0,0,0,0,0,0,0,0,0,0,0
1967,160,5.5,35,0,0,0,0,0,0,1,0,0,0,0,0,0,0,0,0,0,0,0,0
1977,127,7.6,67,0,0,0,0,0,0,1,0,0,0,0,0,0,0,0,0,0,0,0,0
2018,150,5.3,939,0,0,0,0,0,0,0,0,0,0,0,0,0,0,0,0,0,0,0,0
1992,156,6.5,43,0,0,0,0,0,0,0,0,0,0,0,0,0,0,0,0,0,0,0,0
1974,141,6.4,16,0,0,0,0,0,0,0,0,0,0,0,0,0,0,0,0,0,0,0,0
2018,49,5.9,17,0,0,0,0,0,0,0,0,0,0,0,0,0,0,0,0,0,0,0,0
2010,129,3.9,127,0,0,0,0,0,0,1,0,0,0,0,0,0,0,0,0,0,0,0,0
2008,113,8.6,43,0,0,0,0,0,1,0,0,0,0,0,0,0,0,0,0,0,0,0,0
2008,131,7.3,9,0,0,0,1,0,0,0,0,0,0,0,0,0,0,0,0,0,0,0,0
1958,134,6.8,13,0,0,0,0,0,0,1,0,0,0,0,0,0,0,0,0,0,0,0,0
2017,134,8.4,77,0,0,0,0,0,0,1,0,0,0,0,0,0,0,0,0,0,0,0,0
1986,134,6.9,12,0,0,0,0,0,0,1,0,0,0,0,0,0,0,0,0,0,0,0,0
2013,134,6.1,8,0,1,0,0,0,0,0,0,0,0,0,0,0,0,0,0,0,0,0,0
2000,110,4.3,33,0,1,0,0,0,0,0,0,0,0,0,0,0,0,0,0,0,0,0,0
1992,134,4.2,9,0,0,0,0,0,0,1,0,0,0,0,0,0,0,0,0,0,0,0,0
1992,149,5.2,210,0,0,0,0,0,0,0,0,0,0,0,0,0,0,0,0,0,0,0,0
1977,134,5.4,9,0,0,0,0,0,0,0,0,0,0,0,0,0,0,0,0,0,0,0,0
1992,134,8.3,7,0,0,0,0,0,1,0,0,0,0,0,0,0,0,0,0,0,0,0,0
2020,131,6.8,5455,0,0,0,0,0,0,1,0,0,0,0,0,0,0,0,0,0,0,0,0
2019,165,5.3,4426,0,0,0,0,0,0,0,0,0,0,0,0,0,0,0,0,0,0,0,0
2010,98,3.7,125,0,0,0,0,0,0,1,0,0,0,0,0,0,0,0,0,0,0,0,0
1996,143,4.6,206,0,0,0,1,0,0,0,0,0,0,0,0,0,0,0,0,0,0,0,0
2000,143,5.5,67,0,0,0,0,0,0,0,1,0,0,0,0,0,0,0,0,0,0,0,0
1993,134,7.6,17,0,0,0,0,0,0,1,0,0,0,0,0,0,0,0,0,0,0,0,0
1953,111,7.6,53,0,0,0,0,1,0,0,0,0,0,0,0,0,0,0,0,0,0,0,0
1996,130,2.2,221,0,0,0,0,0,0,0,0,0,0,1,0,0,0,0,0,0,0,0,0
2010,138,6.5,447,0,0,0,1,0,0,0,0,0,0,0,0,0,0,0,0,0,0,0,0
2015,83,6.0,13,0,0,0,0,0,0,1,0,0,0,0,0,0,0,0,0,0,0,0,0
1987,125,5.9,22,0,0,0,0,0,0,0,0,0,0,0,0,0,0,0,0,0,0,0,0
1995,170,6.7,52,0,0,0,0,0,0,0,0,0,0,0,0,0,0,0,0,0,0,0,1
1994,152,6.5,47,0,0,0,0,0,0,0,0,0,0,0,0,0,0,0,0,0,0,0,0
1993,155,5.7,1055,0,0,0,0,0,0,0,0,0,0,0,0,0,0,0,0,0,0,0,0
1986,134,4.0,5,0,0,0,0,0,0,0,0,0,0,0,0,0,0,0,0,0,0,1,0
2014,101,5.0,87,0,0,0,0,0,0,1,0,0,0,0,0,0,0,0,0,0,0,0,0
1949,134,7.0,6,0,0,0,0,0,0,1,0,0,0,0,0,0,0,0,0,0,0,0,0
1971,147,6.2,28,0,0,0,0,0,0,1,0,0,0,0,0,0,0,0,0,0,0,0,0
1963,137,6.4,41,1,0,0,0,0,0,0,0,0,0,0,0,0,0,0,0,0,0,0,0
2003,142,4.3,46,0,0,0,0,0,0,0,0,0,0,0,0,0,0,0,0,0,0,0,0
1971,134,6.4,59,0,0,0,0,0,0,1,0,0,0,0,0,0,0,0,0,0,0,0,0
1989,125,6.2,28,0,0,0,0,0,0,1,0,0,0,0,0,0,0,0,0,0,0,0,0
1988,134,4.6,5,0,0,0,0,0,0,1,0,0,0,0,0,0,0,0,0,0,0,0,0
1944,134,6.7,6,0,0,0,0,0,0,0,0,0,0,0,0,0,0,1,0,0,0,0,0
2015,116,7.6,4954,0,0,0,0,0,0,1,0,0,0,0,0,0,0,0,0,0,0,0,0
1952,134,5.8,16,0,0,0,0,0,0,1,0,0,0,0,0,0,0,0,0,0,0,0,0
1972,129,6.4,10,0,0,0,0,0,0,1,0,0,0,0,0,0,0,0,0,0,0,0,0
1992,128,7.1,25,0,0,0,0,1,0,0,0,0,0,0,0,0,0,0,0,0,0,0,0
1971,134,5.9,10,0,0,0,0,0,0,0,0,0,0,0,0,0,0,0,0,0,0,0,0
1997,191,7.0,14018,0,0,0,0,0,0,1,0,0,0,0,0,0,0,0,0,0,0,0,0
1950,134,7.8,15,0,0,0,0,0,0,1,0,0,0,0,0,0,0,0,0,0,0,0,0
1957,152,7.0,103,1,0,0,0,0,0,0,0,0,0,0,0,0,0,0,0,0,0,0,0
1970,190,6.2,12,0,0,0,0,0,0,0,0,0,0,0,0,0,1,0,0,0,0,0,0
1993,134,4.8,20,0,0,0,0,0,0,0,0,0,0,0,0,0,0,0,0,0,0,0,0
1998,134,5.1,392,0,0,0,0,0,0,0,0,0,0,0,0,0,0,0,0,0,0,0,0
2020,120,8.1,2921,0,0,0,0,0,0,1,0,0,0,0,0,0,0,0,0,0,0,0,0
2018,112,4.8,13,0,0,0,0,0,0,0,0,0,0,0,0,0,0,0,0,0,0,0,0
2018,136,6.6,5900,0,0,0,0,0,0,0,0,1,0,0,0,0,0,0,0,0,0,0,0
1972,145,7.5,827,0,0,0,0,0,0,1,0,0,0,0,0,0,0,0,0,0,0,0,0
1989,125,7.2,53,0,0,0,0,0,0,1,0,0,0,0,0,0,0,0,0,0,0,0,0
1989,154,7.8,3168,0,0,0,0,0,0,0,0,0,0,0,0,0,0,0,0,0,0,0,0
2005,130,7.2,8867,0,0,0,0,0,0,1,0,0,0,0,0,0,0,0,0,0,0,0,0
1987,134,7.0,51,0,0,0,0,0,0,1,0,0,0,0,0,0,0,0,0,0,0,0,0
1956,134,7.4,21,0,0,0,1,0,0,0,0,0,0,0,0,0,0,0,0,0,0,0,0
1968,165,6.3,23,0,0,0,1,0,0,0,0,0,0,0,0,0,0,0,0,0,0,0,0
2018,129,7.6,21773,0,0,0,0,0,0,0,0,0,0,0,0,0,0,0,0,0,0,0,0
1978,134,4.7,11,1,0,0,0,0,0,0,0,0,0,0,0,0,0,0,0,0,0,0,0
1985,139,6.6,160,0,0,0,0,0,0,1,0,0,0,0,0,0,0,0,0,0,0,0,0
2007,155,5.8,11787,0,0,0,1,0,0,0,0,0,0,0,0,0,0,0,0,0,0,0,0
1984,110,7.2,494,0,0,0,0,0,0,1,0,0,0,0,0,0,0,0,0,0,0,0,0
1958,129,6.8,71,0,0,0,0,0,0,1,0,0,0,0,0,0,0,0,0,0,0,0,0
1977,162,6.9,930,0,0,0,0,0,0,0,0,0,0,0,0,0,0,0,0,0,0,0,0
1971,93,6.8,188,0,0,0,0,0,0,0,0,0,0,0,0,0,0,1,0,0,0,0,0
1947,134,7.5,15,0,0,0,0,0,0,1,0,0,0,0,0,0,0,0,0,0,0,0,0
2003,112,2.2,284,0,0,0,0,0,0,0,0,0,0,0,0,0,0,0,0,0,0,0,0
1993,134,5.2,17,0,0,0,0,0,0,0,0,0,0,0,0,0,0,0,0,0,0,0,0
2005,116,7.6,1379,0,0,0,0,0,0,1,0,0,0,0,0,0,0,0,0,0,0,0,0
1983,134,7.0,85,0,0,0,1,0,0,0,0,0,0,0,0,0,0,0,0,0,0,0,0
1961,127,6.9,26,0,0,0,0,1,0,0,0,0,0,0,0,0,0,0,0,0,0,0,0
2018,134,7.2,3824,0,0,0,0,0,0,0,0,0,0,0,0,0,0,0,0,0,0,0,0
1985,148,5.7,72,0,0,0,0,0,0,0,0,1,0,0,0,0,0,0,0,0,0,0,0
1993,100,7.1,19,0,0,0,0,0,0,1,0,0,0,0,0,0,0,0,0,0,0,0,0
1960,134,6.4,19,0,0,0,1,0,0,0,0,0,0,0,0,0,0,0,0,0,0,0,0
2011,93,6.2,306,0,0,0,0,0,0,1,0,0,0,0,0,0,0,0,0,0,0,0,0
1971,138,5.5,17,0,0,0,0,0,0,0,0,0,0,0,0,0,0,0,0,0,0,0,0
1949,143,6.4,26,0,0,0,1,0,0,0,0,0,0,0,0,0,0,0,0,0,0,0,0
2017,120,4.1,342,0,0,0,1,0,0,0,0,0,0,0,0,0,0,0,0,0,0,0,0
1962,134,4.0,14,0,0,0,0,0,0,1,0,0,0,0,0,0,0,0,0,0,0,0,0
1990,134,5.0,61,0,0,0,0,0,0,0,0,0,0,0,0,0,0,0,0,0,0,0,0
1994,134,3.9,9,0,0,0,0,0,0,0,0,0,0,0,0,0,0,0,0,0,0,0,0
1985,109,4.6,15,0,0,0,0,1,0,0,0,0,0,0,0,0,0,0,0,0,0,0,0
1990,134,3.2,11,0,0,0,0,0,0,1,0,0,0,0,0,0,0,0,0,0,0,0,0
1966,159,6.2,29,0,0,0,1,0,0,0,0,0,0,0,0,0,0,0,0,0,0,0,0
1990,134,4.3,42,0,0,0,0,0,0,1,0,0,0,0,0,0,0,0,0,0,0,0,0
1978,141,7.1,447,0,0,0,1,0,0,0,0,0,0,0,0,0,0,0,0,0,0,0,0
2019,126,5.7,6166,0,0,0,1,0,0,0,0,0,0,0,0,0,0,0,0,0,0,0,0
2014,120,4.0,8,0,0,0,0,0,0,1,0,0,0,0,0,0,0,0,0,0,0,0,0
2011,140,5.6,8780,0,0,0,0,0,0,1,0,0,0,0,0,0,0,0,0,0,0,0,0
1953,143,7.8,64,0,0,0,0,0,0,1,0,0,0,0,0,0,0,0,0,0,0,0,0
1980,125,5.8,24,0,0,0,0,0,0,1,0,0,0,0,0,0,0,0,0,0,0,0,0
1965,134,7.8,8,0,0,0,0,0,0,0,0,0,0,0,0,0,0,0,0,0,0,1,0
2004,83,4.3,7,0,0,0,0,0,0,1,0,0,0,0,0,0,0,0,0,0,0,0,0
2013,155,3.8,151,0,0,0,0,0,0,0,0,0,0,0,0,0,0,0,0,0,0,0,0
2003,157,4.6,29,0,0,0,0,0,0,1,0,0,0,0,0,0,0,0,0,0,0,0,0
1974,150,6.6,57,0,0,0,0,0,0,0,0,0,0,0,0,0,0,0,0,0,0,0,0
2000,134,5.4,5,0,0,0,0,0,0,0,0,0,0,0,0,0,0,0,0,0,0,0,0
1985,134,5.2,6,0,0,0,0,0,0,1,0,0,0,0,0,0,0,0,0,0,0,0,0
1991,155,5.6,1004,0,0,0,0,0,0,0,0,0,0,0,0,0,0,0,0,0,0,0,0
1967,136,6.6,141,0,0,0,0,0,0,0,0,0,0,0,0,0,0,0,0,0,0,0,0
1970,152,8.0,49,0,0,0,0,0,0,1,0,0,0,0,0,0,0,0,0,0,0,0,0
1961,139,7.0,9,0,0,0,1,0,0,0,0,0,0,0,0,0,0,0,0,0,0,0,0
1957,134,6.1,7,0,0,0,0,0,0,1,0,0,0,0,0,0,0,0,0,0,0,0,0
1980,114,5.6,18,0,0,0,0,0,0,0,0,0,0,0,0,0,0,1,0,0,0,0,0
1968,132,4.4,12,0,0,0,0,0,0,0,0,0,0,0,0,0,0,0,0,0,0,0,0
1939,134,4.6,7,1,0,0,0,0,0,0,0,0,0,0,0,0,0,0,0,0,0,0,0
2010,115,5.5,65,0,0,0,0,0,0,0,0,0,0,0,0,0,0,0,0,0,0,0,0
1957,157,7.1,225,0,0,0,1,0,0,0,0,0,0,0,0,0,0,0,0,0,0,0,0
2009,109,4.2,510,0,0,0,1,0,0,0,0,0,0,0,0,0,0,0,0,0,0,0,0
2008,159,2.8,114,0,0,0,0,0,0,0,0,0,0,0,0,0,0,0,0,0,0,0,0
1995,165,7.2,543,0,0,0,0,0,0,0,0,0,0,0,0,0,0,0,0,0,0,0,0
2012,116,7.0,83,0,0,0,0,0,0,1,0,0,0,0,0,0,0,0,0,0,0,0,0
1986,114,6.4,150,0,0,0,1,0,0,0,0,0,0,0,0,0,0,0,0,0,0,0,0
2010,95,7.4,11954,0,0,0,1,0,0,0,0,0,0,0,0,0,0,0,0,0,0,0,0
1993,138,4.4,152,0,0,0,0,0,0,0,0,0,0,0,0,0,0,0,0,0,0,0,0
2005,173,5.7,60,0,0,0,0,0,0,1,0,0,0,0,0,0,0,0,0,0,0,0,0
1970,134,5.0,25,0,0,0,0,0,0,1,0,0,0,0,0,0,0,0,0,0,0,0,0
1950,134,7.1,7,0,0,0,0,0,0,1,0,0,0,0,0,0,0,0,0,0,0,0,0
1981,130,8.0,7,0,0,0,0,0,0,1,0,0,0,0,0,0,0,0,0,0,0,0,0
1993,131,4.9,325,0,0,0,0,0,0,0,0,0,0,0,0,0,1,0,0,0,0,0,0
1994,134,5.1,109,0,0,0,1,0,0,0,0,0,0,0,0,0,0,0,0,0,0,0,0
2012,134,7.0,17,0,0,0,0,0,0,0,0,0,0,0,0,0,0,1,0,0,0,0,0
1944,134,7.0,6,0,0,0,0,0,0,1,0,0,0,0,0,0,0,0,0,0,0,0,0
1955,156,6.4,18,0,0,0,0,0,0,0,0,0,0,0,0,0,0,0,0,0,0,0,0
2008,140,4.4,7,0,0,0,0,0,0,0,0,0,0,0,0,0,0,1,0,0,0,0,0
2019,128,5.5,783,0,0,0,0,0,0,0,0,0,0,0,0,0,0,0,0,1,0,0,0
2020,134,6.8,281,0,0,0,0,0,0,0,0,0,0,0,0,0,0,0,0,0,1,0,0
2017,127,6.2,6,0,0,0,0,0,0,1,0,0,0,0,0,0,0,0,0,0,0,0,0
1999,148,4.8,230,0,0,0,0,0,0,0,0,0,0,0,0,0,0,0,0,0,0,0,0
1987,137,8.3,1391,0,0,0,0,0,0,1,0,0,0,0,0,0,0,0,0,0,0,0,0
1988,125,7.1,206,0,0,0,1,0,0,0,0,0,0,0,0,0,0,0,0,0,0,0,0
1984,128,6.3,30,0,0,0,0,0,0,1,0,0,0,0,0,0,0,0,0,0,0,0,0
1978,141,6.6,31,0,0,0,0,0,0,0,0,0,0,0,0,0,0,0,0,0,0,0,0
1985,141,6.0,17,0,0,0,0,0,0,1,0,0,0,0,0,0,0,0,0,0,0,0,0
1958,134,6.6,35,0,0,0,1,0,0,0,0,0,0,0,0,0,0,0,0,0,0,0,0
1973,136,7.3,59,0,0,0,0,0,0,1,0,0,0,0,0,0,0,0,0,0,0,0,0
2018,115,3.8,282,0,0,0,1,0,0,0,0,0,0,0,0,0,0,0,0,0,0,0,0
1978,150,6.7,35,0,0,0,0,0,0,0,0,0,0,0,0,0,0,0,0,0,0,0,0
2015,136,5.9,8714,0,0,0,0,0,0,0,0,0,0,0,0,0,0,0,0,0,0,0,0
2010,108,7.5,5284,0,0,0,1,0,0,0,0,0,0,0,0,0,0,0,0,0,0,0,0
2013,146,4.8,4492,0,0,0,0,0,0,0,0,0,0,0,0,0,0,0,0,0,0,0,0
2011,100,5.0,186,0,0,0,0,0,0,1,0,0,0,0,0,0,0,0,0,0,0,0,0
2017,138,6.1,3596,0,0,0,1,0,0,0,0,0,0,0,0,0,0,0,0,0,0,0,0
2017,134,7.2,24,0,0,0,0,0,0,0,0,0,0,0,0,0,0,0,0,0,1,0,0
1985,134,7.8,6,0,0,0,0,0,0,0,0,0,0,0,0,0,0,1,0,0,0,0,0
2000,160,6.2,7103,0,0,0,1,0,0,0,0,0,0,0,0,0,0,0,0,0,0,0,0
2006,153,7.0,19525,0,0,0,1,0,0,0,0,0,0,0,0,0,0,0,0,0,0,0,0
1974,132,6.2,44,0,0,0,0,0,0,0,0,0,0,0,0,0,0,1,0,0,0,0,0
2008,134,6.8,74,0,0,0,0,0,0,1,0,0,0,0,0,0,0,0,0,0,0,0,0
2004,142,6.1,1983,0,0,0,0,0,0,1,0,0,0,0,0,0,0,0,0,0,0,0,0
2018,118,5.4,206,0,0,0,0,0,0,0,0,0,0,0,0,0,0,1,0,0,0,0,0
1958,168,7.5,81,0,0,0,0,0,0,1,0,0,0,0,0,0,0,0,0,0,0,0,0
2008,109,2.7,9,0,0,0,0,0,0,0,0,0,0,0,0,0,0,1,0,0,0,0,0
1993,105,5.8,271,0,0,0,0,0,0,0,0,0,0,0,0,0,0,1,0,0,0,0,0
1963,134,6.9,71,0,0,0,0,0,0,0,0,0,0,0,0,1,0,0,0,0,0,0,0
1980,146,6.6,87,0,0,0,0,1,0,0,0,0,0,0,0,0,0,0,0,0,0,0,0
2016,112,6.9,2791,0,0,0,0,0,0,1,0,0,0,0,0,0,0,0,0,0,0,0,0
1945,122,6.5,8,0,0,0,0,0,0,1,0,0,0,0,0,0,0,0,0,0,0,0,0
1993,134,4.8,103,0,0,0,0,0,0,0,0,0,0,0,0,0,0,1,0,0,0,0,0
1999,134,4.9,39,0,0,0,0,0,0,1,0,0,0,0,0,0,0,0,0,0,0,0,0
1993,146,5.4,131,0,0,0,0,0,0,0,0,0,0,0,0,0,0,0,0,0,0,0,0
1991,173,5.8,1348,0,0,0,0,0,0,0,0,0,0,0,0,0,0,0,0,0,0,0,0
1966,163,6.3,218,0,0,0,0,0,0,0,0,0,0,0,0,0,0,0,0,0,0,0,0
1963,134,6.0,15,0,0,0,0,0,0,1,0,0,0,0,0,0,0,0,0,0,0,0,0
1991,134,4.6,127,0,0,0,0,0,0,0,0,0,0,0,0,0,0,0,0,0,0,0,0
1978,115,6.2,64,0,0,0,0,0,0,1,0,0,0,0,0,0,0,0,0,0,0,0,0
1993,117,4.4,20,0,0,0,0,0,0,0,0,0,0,0,0,0,0,0,0,0,0,0,0
1964,148,5.7,26,0,0,0,0,0,0,1,0,0,0,0,0,0,0,0,0,0,0,0,0
2008,110,3.9,1265,0,0,0,0,0,0,1,0,0,0,0,0,0,0,0,0,0,0,0,0
2010,110,3.2,488,0,0,0,0,0,0,1,0,0,0,0,0,0,0,0,0,0,0,0,0
2013,127,7.6,870,0,0,0,0,0,0,1,0,0,0,0,0,0,0,0,0,0,0,0,0
2019,110,6.9,4505,0,0,0,0,0,0,1,0,0,0,0,0,0,0,0,0,0,0,0,0
2017,96,6.0,189,0,0,0,1,0,0,0,0,0,0,0,0,0,0,0,0,0,0,0,0
2019,120,5.4,16,0,0,0,0,0,0,1,0,0,0,0,0,0,0,0,0,0,0,0,0
1984,158,5.8,6,0,0,0,0,0,0,1,0,0,0,0,0,0,0,0,0,0,0,0,0
1966,138,6.2,11,0,0,0,0,0,0,1,0,0,0,0,0,0,0,0,0,0,0,0,0
2013,113,6.3,23,0,0,0,1,0,0,0,0,0,0,0,0,0,0,0,0,0,0,0,0
1985,155,6.1,31,0,0,0,1,0,0,0,0,0,0,0,0,0,0,0,0,0,0,0,0
2016,91,6.7,2205,0,0,0,0,0,0,1,0,0,0,0,0,0,0,0,0,0,0,0,0
2015,123,7.6,29786,0,0,0,1,0,0,0,0,0,0,0,0,0,0,0,0,0,0,0,0
2003,188,8.0,2633,0,0,0,0,0,0,1,0,0,0,0,0,0,0,0,0,0,0,0,0
1972,175,7.9,232,0,0,0,0,0,0,1,0,0,0,0,0,0,0,0,0,0,0,0,0
1966,134,5.8,13,0,0,0,0,1,0,0,0,0,0,0,0,0,0,0,0,0,0,0,0
2016,136,8.1,40953,0,0,0,0,1,0,0,0,0,0,0,0,0,0,0,0,0,0,0,0
2016,130,8.4,33,0,0,0,0,0,0,1,0,0,0,0,0,0,0,0,0,0,0,0,0
2017,85,8.7,6,0,0,0,0,0,0,1,0,0,0,0,0,0,0,0,0,0,0,0,0
2017,120,5.9,16,0,0,0,0,0,0,0,0,0,0,0,0,0,0,0,0,0,1,0,0
2008,134,4.3,40,0,0,0,0,0,0,0,0,0,0,0,0,0,0,0,0,0,0,0,0
1991,134,7.0,23,0,0,0,0,0,0,1,0,0,0,0,0,0,0,0,0,0,0,0,0
2002,126,6.3,693,0,0,0,0,0,0,0,0,0,0,0,0,0,0,0,0,0,0,0,0
1994,120,8.6,124,0,0,0,0,0,1,0,0,0,0,0,0,0,0,0,0,0,0,0,0
2021,150,5.0,627,0,0,0,0,0,0,1,0,0,0,0,0,0,0,0,0,0,0,0,0
1972,134,6.7,210,0,0,0,0,0,0,1,0,0,0,0,0,0,0,0,0,0,0,0,0
1958,132,4.5,8,0,0,0,0,0,0,0,0,0,0,0,0,0,0,0,0,0,0,0,0
1985,132,8.3,7,0,0,0,0,0,0,1,0,0,0,0,0,0,0,0,0,0,0,0,0
1961,134,6.2,5,0,0,0,0,0,0,0,0,0,0,0,0,0,0,1,0,0,0,0,0
1934,144,2.7,11,1,0,0,0,0,0,0,0,0,0,0,0,0,0,0,0,0,0,0,0
2014,107,6.2,1147,0,0,0,0,0,0,0,0,0,0,1,0,0,0,0,0,0,0,0,0
2014,153,8.1,168150,0,0,0,1,0,0,0,0,0,0,0,0,0,0,0,0,0,0,0,0
2018,135,5.5,11,0,0,0,1,0,0,0,0,0,0,0,0,0,0,0,0,0,0,0,0
2014,96,7.7,314,0,0,0,0,0,1,0,0,0,0,0,0,0,0,0,0,0,0,0,0
2004,149,4.1,842,0,0,0,0,0,0,0,0,0,0,0,0,0,0,0,0,0,0,0,0
1993,150,3.7,194,0,0,0,0,0,0,0,0,0,0,0,0,0,0,0,0,0,0,0,0
2018,110,5.4,22,0,0,0,0,0,0,1,0,0,0,0,0,0,0,0,0,0,0,0,0
2012,163,4.1,4181,0,0,0,0,0,0,0,0,0,0,0,0,0,0,0,0,0,0,0,0
1981,134,5.7,27,0,0,0,0,0,0,0,0,0,0,0,0,0,1,0,0,0,0,0,0
2019,136,3.1,5954,0,0,1,0,0,0,0,0,0,0,0,0,0,0,0,0,0,0,0,0
2015,110,6.5,13,0,0,0,0,0,0,0,0,0,0,0,0,0,0,1,0,0,0,0,0
1956,134,7.3,39,0,0,0,0,0,0,0,0,0,0,0,0,0,0,0,0,0,0,0,0
1974,134,6.6,48,0,0,0,0,0,0,0,0,0,0,0,0,0,0,0,0,0,0,0,0
1958,134,6.2,8,0,0,0,0,0,0,0,0,0,0,0,0,0,0,0,0,0,0,0,0
1992,146,5.2,51,0,0,0,0,0,0,0,0,0,0,0,0,0,0,0,0,0,0,0,0
2004,138,4.5,738,0,0,0,0,0,0,0,0,0,0,0,0,0,0,0,0,0,0,0,0
1989,134,4.6,8,0,0,0,0,1,0,0,0,0,0,0,0,0,0,0,0,0,0,0,0
1995,134,4.2,18,0,0,0,0,0,0,0,0,0,0,0,0,0,0,0,0,0,0,0,0
1992,158,3.4,58,0,0,0,0,0,0,0,0,0,0,0,0,0,0,0,0,0,0,0,0
1990,127,6.6,141,0,0,0,0,1,0,0,0,0,0,0,0,0,0,0,0,0,0,0,0
1993,155,4.1,13,0,0,0,0,0,0,0,0,0,0,0,0,0,0,1,0,0,0,0,0
2013,141,4.1,1374,0,0,0,0,0,0,0,0,0,0,0,0,0,0,0,0,0,0,0,0
1995,146,5.0,55,0,0,0,0,0,0,0,0,0,0,0,0,0,0,0,0,0,0,0,0
1975,134,6.5,47,0,0,0,0,0,0,1,0,0,0,0,0,0,0,0,0,0,0,0,0
2004,132,4.6,10,0,0,0,0,0,0,0,0,0,0,0,0,0,0,0,0,0,0,0,0
1964,161,7.0,42,0,0,0,0,0,0,0,0,0,0,0,0,1,0,0,0,0,0,0,0
1981,138,5.2,18,0,0,0,0,0,0,1,0,0,0,0,0,0,0,0,0,0,0,0,0
1965,136,6.8,22,0,0,0,0,0,0,0,0,0,0,0,0,0,0,1,0,0,0,0,0
2017,100,7.8,1343,0,0,0,0,0,0,0,0,0,0,0,0,0,0,0,0,0,0,0,0
2004,138,4.0,85,0,0,0,1,0,0,0,0,0,0,0,0,0,0,0,0,0,0,0,0
1958,115,6.4,29,0,0,0,0,0,0,0,0,0,0,0,0,0,0,0,0,0,0,0,0
2017,128,5.4,1446,0,0,0,1,0,0,0,0,0,0,0,0,0,0,0,0,0,0,0,0
2019,107,8.3,793,0,0,0,0,1,0,0,0,0,0,0,0,0,0,0,0,0,0,0,0
1973,120,6.9,8,0,0,0,0,0,0,1,0,0,0,0,0,0,0,0,0,0,0,0,0
2014,89,6.6,7,0,0,0,0,0,1,0,0,0,0,0,0,0,0,0,0,0,0,0,0
2013,109,5.6,349,0,0,0,0,0,0,0,0,0,0,1,0,0,0,0,0,0,0,0,0
1991,166,8.0,1863,0,0,0,0,0,0,1,0,0,0,0,0,0,0,0,0,0,0,0,0
2017,126,4.9,9,0,0,0,1,0,0,0,0,0,0,0,0,0,0,0,0,0,0,0,0
2003,137,6.2,324,0,0,0,1,0,0,0,0,0,0,0,0,0,0,0,0,0,0,0,0
1974,134,6.0,19,0,0,0,0,0,0,0,0,0,0,0,0,0,0,0,0,0,0,0,0
2019,120,4.3,273,0,0,0,0,0,0,0,0,0,0,0,0,0,0,0,0,0,0,0,0
2008,134,6.0,37,0,0,0,0,1,0,0,0,0,0,0,0,0,0,0,0,0,0,0,0
2004,83,6.8,21,0,0,0,0,0,0,1,0,0,0,0,0,0,0,0,0,0,0,0,0
2019,141,5.9,1265,0,0,0,0,0,0,0,0,0,0,0,0,0,0,0,0,0,0,0,0
1993,134,5.2,32,0,0,0,0,0,0,0,0,0,0,0,0,0,0,0,0,0,0,0,0
2006,150,5.5,47,0,0,0,0,0,0,0,0,0,0,0,0,0,0,1,0,0,0,0,0
2002,134,6.2,34,0,0,0,0,0,0,0,0,0,0,0,0,0,0,0,0,0,0,0,0
1990,159,6.0,128,0,0,0,0,0,0,0,0,0,0,0,0,0,0,0,0,0,0,0,0
2020,21,7.8,8,0,0,0,0,1,0,0,0,0,0,0,0,0,0,0,0,0,0,0,0
1993,134,5.0,7,0,0,0,0,0,0,0,0,0,0,0,0,0,0,0,0,0,0,0,0
1975,134,7.2,295,0,0,0,0,0,0,0,0,0,0,0,0,0,0,0,0,0,0,0,0
1987,164,7.0,71,0,0,0,0,0,0,0,0,0,0,0,0,0,0,0,0,0,0,0,0
1991,125,5.5,37,0,0,0,0,0,0,1,0,0,0,0,0,0,0,0,0,0,0,0,0
1991,150,4.9,105,0,0,0,0,0,0,0,0,0,0,0,0,0,0,0,0,0,0,0,0
1945,134,6.2,13,0,0,0,0,0,0,1,0,0,0,0,0,0,0,0,0,0,0,0,0
2010,126,7.4,24,0,0,1,0,0,0,0,0,0,0,0,0,0,0,0,0,0,0,0,0
1981,121,6.5,18,0,0,0,0,0,0,1,0,0,0,0,0,0,0,0,0,0,0,0,0
1994,125,6.7,11,0,0,0,0,0,0,0,0,0,0,0,0,1,0,0,0,0,0,0,0
1971,134,5.8,6,0,0,0,0,0,0,0,0,0,0,0,0,0,0,0,0,0,0,0,0
1966,134,6.5,28,0,0,0,0,0,0,0,0,0,0,0,0,0,0,1,0,0,0,0,0
1971,137,6.2,27,0,0,0,1,0,0,0,0,0,0,0,0,0,0,0,0,0,0,0,0
1995,167,4.1,220,0,0,0,0,0,0,0,0,0,0,0,0,0,0,0,0,0,0,0,0
1998,168,1.7,544,0,0,0,0,0,0,1,0,0,0,0,0,0,0,0,0,0,0,0,0
1979,134,6.6,37,1,0,0,0,0,0,0,0,0,0,0,0,0,0,0,0,0,0,0,0
1992,134,8.0,13,0,0,0,0,0,0,0,0,0,0,0,0,0,0,1,0,0,0,0,0
1992,160,5.2,220,0,0,0,0,0,0,0,0,0,0,0,0,0,0,0,0,0,0,0,0
1981,150,7.7,67,0,0,0,0,0,0,0,0,0,0,0,0,0,0,1,0,0,0,0,0
1991,134,6.5,6,0,0,0,0,0,0,0,0,0,0,0,0,0,0,0,0,0,0,0,0
1985,134,4.9,8,0,0,0,0,0,0,0,0,0,0,0,0,0,0,1,0,0,0,0,0
2010,134,3.4,218,0,0,0,1,0,0,0,0,0,0,0,0,0,0,0,0,0,0,0,0
1937,87,5.9,12,0,0,0,0,0,0,1,0,0,0,0,0,0,0,0,0,0,0,0,0
1975,149,6.6,150,0,0,0,0,0,0,1,0,0,0,0,0,0,0,0,0,0,0,0,0
1974,200,6.3,114,0,0,0,0,0,0,1,0,0,0,0,0,0,0,0,0,0,0,0,0
1973,134,6.0,8,0,0,0,0,0,0,1,0,0,0,0,0,0,0,0,0,0,0,0,0
1962,157,7.6,68,0,0,0,0,0,0,1,0,0,0,0,0,0,0,0,0,0,0,0,0
1989,156,5.9,230,0,0,0,0,0,0,1,0,0,0,0,0,0,0,0,0,0,0,0,0
1970,192,6.9,212,0,0,0,0,0,0,0,0,0,0,0,0,0,0,0,0,0,0,0,0
1991,156,2.1,153,0,0,0,0,0,0,0,0,0,0,0,0,0,0,0,0,0,0,0,0
2015,164,4.4,19913,0,0,0,0,0,0,0,0,0,0,0,0,0,0,0,0,0,0,0,0
1982,183,7.2,913,0,0,0,0,0,0,1,0,0,0,0,0,0,0,0,0,0,0,0,0
1994,134,3.9,81,0,0,0,0,0,0,0,0,0,0,0,0,0,0,0,0,0,0,0,0
1974,102,6.5,55,0,0,0,0,0,0,1,0,0,0,0,0,0,0,0,0,0,0,0,0
1983,137,6.1,25,0,0,0,0,0,0,1,0,0,0,0,0,0,0,0,0,0,0,0,0
1979,134,6.0,24,0,0,0,0,0,0,1,0,0,0,0,0,0,0,0,0,0,0,0,0
1994,148,6.1,65,0,0,0,0,0,0,1,0,0,0,0,0,0,0,0,0,0,0,0,0
1992,134,5.6,7,0,0,0,1,0,0,0,0,0,0,0,0,0,0,0,0,0,0,0,0
1998,134,6.6,254,0,0,0,0,0,0,0,0,0,0,0,0,0,0,1,0,0,0,0,0
2001,134,5.1,107,0,0,0,0,0,0,0,0,0,0,0,0,0,0,1,0,0,0,0,0
1996,156,5.7,425,0,0,0,0,0,0,0,0,0,0,0,0,0,0,0,0,0,0,0,0
1997,114,3.5,6,0,0,0,0,0,0,0,0,0,0,1,0,0,0,0,0,0,0,0,0
2004,162,5.5,3711,0,0,0,0,0,0,0,0,0,0,0,0,0,0,0,0,0,0,0,0
1969,134,7.1,146,0,0,0,0,0,0,0,0,0,0,0,0,1,0,0,0,0,0,0,0
2010,138,4.2,2001,0,0,0,0,0,0,0,0,0,0,0,0,0,0,0,0,0,0,0,0
2011,175,5.8,11,0,0,0,0,0,0,0,0,0,0,0,0,0,0,0,0,0,0,0,0
1978,45,7.0,32,0,0,0,0,0,1,0,0,0,0,0,0,0,0,0,0,0,0,0,0
1997,136,4.4,108,0,0,0,0,0,0,0,0,0,0,0,0,0,0,0,0,0,0,0,0
1943,121,7.7,27,0,0,0,0,0,0,1,0,0,0,0,0,0,0,0,0,0,0,0,0
1997,130,5.8,63,0,0,0,0,0,0,0,0,0,0,0,0,0,1,0,0,0,0,0,0
1962,134,5.4,5,0,0,0,0,0,0,1,0,0,0,0,0,0,0,0,0,0,0,0,0
1970,134,6.2,5,0,0,0,0,0,0,1,0,0,0,0,0,0,0,0,0,0,0,0,0
2019,134,4.0,6,0,0,0,0,0,0,0,0,0,0,0,0,0,0,1,0,0,0,0,0
1994,135,5.7,27,0,0,0,0,0,0,0,0,0,0,0,0,0,0,0,0,0,0,1,0
2005,157,4.6,153,0,0,0,0,0,0,1,0,0,0,0,0,0,0,0,0,0,0,0,0
1978,120,6.7,51,0,0,0,1,0,0,0,0,0,0,0,0,0,0,0,0,0,0,0,0
1973,164,7.4,1917,0,0,0,0,0,0,0,0,0,0,0,0,0,0,0,0,0,0,0,0
1962,166,7.0,248,0,0,0,1,0,0,0,0,0,0,0,0,0,0,0,0,0,0,0,0
1994,138,6.2,69,0,0,0,1,0,0,0,0,0,0,0,0,0,0,0,0,0,0,0,0
1981,133,6.6,103,0,0,0,0,0,0,0,0,0,0,0,0,0,0,0,0,0,0,0,0
2016,110,6.4,77,0,0,0,0,0,0,1,0,0,0,0,0,0,0,0,0,0,0,0,0
2018,97,6.6,27,0,0,0,0,0,0,1,0,0,0,0,0,0,0,0,0,0,0,0,0
2016,133,7.4,13418,0,0,0,0,1,0,0,0,0,0,0,0,0,0,0,0,0,0,0,0
2003,140,4.7,1229,0,0,0,0,0,0,0,0,0,0,0,0,0,0,0,0,0,0,0,0
1983,161,6.0,316,0,0,0,0,0,0,0,0,0,0,0,0,0,0,0,0,0,0,0,0
1983,149,6.3,15,0,0,0,0,0,0,0,0,0,0,0,0,0,0,0,0,0,0,0,0
1964,134,6.0,7,0,0,0,0,0,0,1,0,0,0,0,0,0,0,0,0,0,0,0,0
1986,153,7.8,830,0,0,0,1,0,0,0,0,0,0,0,0,0,0,0,0,0,0,0,0
2009,134,4.3,6,1,0,0,0,0,0,0,0,0,0,0,0,0,0,0,0,0,0,0,0
1970,142,7.4,863,0,0,0,0,0,0,1,0,0,0,0,0,0,0,0,0,0,0,0,0
1933,159,6.5,10,0,0,0,0,0,0,0,0,0,0,0,0,0,0,0,0,0,0,1,0
1984,144,6.4,492,0,0,0,1,0,0,0,0,0,0,0,0,0,0,0,0,0,0,0,0
1978,136,8.4,34,0,0,0,0,0,0,0,0,0,0,0,0,0,0,0,0,0,0,0,0
1989,139,5.2,250,0,0,0,0,0,0,0,0,0,0,1,0,0,0,0,0,0,0,0,0
2014,137,6.3,762,0,0,0,0,0,0,1,0,0,0,0,0,0,0,0,0,0,0,0,0
1998,134,4.6,12,0,0,0,0,0,0,0,0,0,0,1,0,0,0,0,0,0,0,0,0
1970,134,4.6,8,0,0,0,0,0,0,0,0,0,0,0,0,0,0,0,0,0,0,0,0
2018,71,8.1,276,0,0,0,0,0,1,0,0,0,0,0,0,0,0,0,0,0,0,0,0
1965,120,6.5,41,0,0,0,0,0,0,0,1,0,0,0,0,0,0,0,0,0,0,0,0
2017,100,6.5,22,0,0,0,0,0,1,0,0,0,0,0,0,0,0,0,0,0,0,0,0
1970,134,7.1,9,0,0,0,0,0,0,1,0,0,0,0,0,0,0,0,0,0,0,0,0
1972,135,5.9,15,0,0,0,1,0,0,0,0,0,0,0,0,0,0,0,0,0,0,0,0
2002,148,3.9,335,0,0,0,1,0,0,0,0,0,0,0,0,0,0,0,0,0,0,0,0
2010,140,4.6,3023,0,0,0,1,0,0,0,0,0,0,0,0,0,0,0,0,0,0,0,0
2001,134,4.0,587,0,0,0,0,0,0,1,0,0,0,0,0,0,0,0,0,0,0,0,0
2011,149,7.6,20388,0,0,0,1,0,0,0,0,0,0,0,0,0,0,0,0,0,0,0,0
2015,137,7.2,14259,0,0,0,1,0,0,0,0,0,0,0,0,0,0,0,0,0,0,0,0
1973,137,6.1,11,0,0,0,0,0,0,1,0,0,0,0,0,0,0,0,0,0,0,0,0
1961,134,6.5,31,0,0,0,0,0,0,1,0,0,0,0,0,0,0,0,0,0,0,0,0
1991,134,4.1,58,0,0,0,0,0,0,1,0,0,0,0,0,0,0,0,0,0,0,0,0
1986,134,4.0,10,0,0,0,0,0,0,1,0,0,0,0,0,0,0,0,0,0,0,0,0
1993,136,4.3,24,0,0,0,0,0,0,0,0,0,0,0,0,1,0,0,0,0,0,0,0
1987,144,6.4,58,0,0,0,0,0,0,1,0,0,0,0,0,0,0,0,0,0,0,0,0
2019,116,3.6,5,0,0,0,0,0,0,1,0,0,0,0,0,0,0,0,0,0,0,0,0
2006,132,6.7,3038,0,0,0,1,0,0,0,0,0,0,0,0,0,0,0,0,0,0,0,0
2003,77,6.1,14,0,0,0,0,0,0,1,0,0,0,0,0,0,0,0,0,0,0,0,0
1998,162,6.7,4770,0,0,0,0,0,0,0,0,0,0,0,0,0,0,0,0,0,0,0,0
1963,134,7.0,37,0,0,0,1,0,0,0,0,0,0,0,0,0,0,0,0,0,0,0,0
1999,165,3.3,371,0,0,0,0,0,0,1,0,0,0,0,0,0,0,0,0,0,0,0,0
1999,134,4.4,169,0,0,0,1,0,0,0,0,0,0,0,0,0,0,0,0,0,0,0,0
2005,123,6.1,185,0,0,0,1,0,0,0,0,0,0,0,0,0,0,0,0,0,0,0,0
1988,134,3.6,19,0,0,0,0,0,0,1,0,0,0,0,0,0,0,0,0,0,0,0,0
2019,49,4.8,5,0,0,0,0,0,0,1,0,0,0,0,0,0,0,0,0,0,0,0,0
1998,156,6.7,2998,0,0,0,1,0,0,0,0,0,0,0,0,0,0,0,0,0,0,0,0
2001,123,5.7,807,0,0,0,0,0,0,1,0,0,0,0,0,0,0,0,0,0,0,0,0
2014,133,5.9,59,0,0,0,0,0,0,1,0,0,0,0,0,0,0,0,0,0,0,0,0
2001,157,6.5,44,0,0,0,0,0,0,1,0,0,0,0,0,0,0,0,0,0,0,0,0
1982,134,4.6,5,0,0,0,0,0,0,0,0,0,0,0,0,0,0,0,0,0,1,0,0
1980,134,4.3,13,0,0,0,0,0,0,0,0,0,0,0,0,0,0,0,0,0,0,0,0
1982,134,7.2,28,0,0,0,0,0,0,1,0,0,0,0,0,0,0,0,0,0,0,0,0
1957,146,8.4,5823,0,0,0,0,0,0,1,0,0,0,0,0,0,0,0,0,0,0,0,0
2002,137,3.3,96,0,0,0,0,0,0,1,0,0,0,0,0,0,0,0,0,0,0,0,0
2003,106,5.3,30,0,0,0,0,0,0,0,0,0,0,1,0,0,0,0,0,0,0,0,0
1981,161,7.4,77,0,0,0,0,0,0,0,1,0,0,0,0,0,0,0,0,0,0,0,0
2003,134,6.2,5,0,0,0,0,0,0,0,0,0,0,1,0,0,0,0,0,0,0,0,0
1988,134,6.1,7,0,0,0,0,0,0,0,0,0,0,1,0,0,0,0,0,0,0,0,0
2003,134,5.9,9,0,0,0,0,0,0,0,0,0,0,1,0,0,0,0,0,0,0,0,0
1983,134,5.6,10,0,0,0,0,0,0,1,0,0,0,0,0,0,0,0,0,0,0,0,0
1950,134,8.5,23,0,0,0,0,0,0,1,0,0,0,0,0,0,0,0,0,0,0,0,0
1991,147,6.3,14,0,0,0,0,0,0,1,0,0,0,0,0,0,0,0,0,0,0,0,0
1969,135,6.9,64,0,0,0,0,0,0,0,0,0,0,0,0,0,0,1,0,0,0,0,0
1986,134,3.6,7,0,0,0,0,0,0,0,0,0,0,0,0,0,0,1,0,0,0,0,0
1992,154,6.3,51,0,0,0,0,0,0,0,0,0,0,0,0,0,0,1,0,0,0,0,0
1985,135,6.3,175,0,0,0,0,0,0,0,1,0,0,0,0,0,0,0,0,0,0,0,0
1963,134,4.6,8,0,0,0,0,0,0,1,0,0,0,0,0,0,0,0,0,0,0,0,0
1990,148,3.8,114,0,0,0,0,0,0,0,0,0,0,0,0,0,0,0,0,0,0,0,0
1990,161,6.1,29,0,0,0,0,0,0,1,0,0,0,0,0,0,0,0,0,0,0,0,0
1988,148,6.5,96,0,0,0,0,0,0,1,0,0,0,0,0,0,0,0,0,0,0,0,0
1969,153,6.8,107,0,0,0,0,0,0,1,0,0,0,0,0,0,0,0,0,0,0,0,0
1994,134,4.0,14,0,0,0,1,0,0,0,0,0,0,0,0,0,0,0,0,0,0,0,0
1969,147,6.2,20,0,0,0,1,0,0,0,0,0,0,0,0,0,0,0,0,0,0,0,0
1991,136,4.4,8,0,0,0,0,0,0,0,0,0,0,0,0,0,0,1,0,0,0,0,0
1986,130,6.2,50,0,0,0,0,0,0,0,0,0,0,0,0,0,0,0,0,0,0,0,0
1987,187,5.6,51,0,0,0,0,0,0,1,0,0,0,0,0,0,0,0,0,0,0,0,0
1990,134,5.6,39,0,0,0,0,0,0,0,0,0,0,0,0,0,0,0,0,0,0,0,0
1951,134,5.9,10,0,0,0,0,0,0,0,0,0,0,0,0,0,0,1,0,0,0,0,0
2002,134,2.5,13,0,0,0,0,0,0,1,0,0,0,0,0,0,0,0,0,0,0,0,0
1987,146,7.4,37,0,0,0,1,0,0,0,0,0,0,0,0,0,0,0,0,0,0,0,0
1971,150,6.1,83,0,0,0,0,0,0,1,0,0,0,0,0,0,0,0,0,0,0,0,0
1961,134,5.8,13,0,0,0,0,0,0,1,0,0,0,0,0,0,0,0,0,0,0,0,0
1986,133,3.6,37,0,0,0,0,0,0,1,0,0,0,0,0,0,0,0,0,0,0,0,0
1966,129,7.1,176,0,0,0,1,0,0,0,0,0,0,0,0,0,0,0,0,0,0,0,0
1966,134,6.7,29,1,0,0,0,0,0,0,0,0,0,0,0,0,0,0,0,0,0,0,0
1993,134,4.6,8,0,0,0,0,0,0,0,0,0,0,0,0,0,0,0,0,0,0,0,0
1982,134,7.4,16,0,0,0,0,0,0,0,0,0,0,0,0,1,0,0,0,0,0,0,0
2006,130,3.3,827,0,0,0,0,0,0,0,0,0,0,0,0,0,0,0,0,0,0,0,0
1985,136,6.8,70,0,0,0,0,0,0,0,0,0,0,0,0,0,0,0,0,0,0,0,0
1990,134,4.9,8,0,0,0,0,0,0,0,0,0,0,1,0,0,0,0,0,0,0,0,0
1984,100,5.0,54,0,0,0,0,0,0,0,0,0,0,1,0,0,0,0,0,0,0,0,0
1998,134,4.7,9,0,0,0,0,0,0,0,0,0,0,1,0,0,0,0,0,0,0,0,0
1998,134,3.5,6,0,0,0,0,0,0,0,0,0,0,1,0,0,0,0,0,0,0,0,0
1969,134,6.9,23,0,0,0,0,0,0,1,0,0,0,0,0,0,0,0,0,0,0,0,0
2017,96,6.0,29,0,0,0,0,0,0,1,0,0,0,0,0,0,0,0,0,0,0,0,0
1997,134,3.8,160,0,0,0,0,0,0,0,0,0,0,0,0,0,0,0,0,0,0,0,0
1975,130,5.7,15,0,0,0,0,0,0,1,0,0,0,0,0,0,0,0,0,0,0,0,0
1992,134,2.8,35,0,0,0,0,0,0,1,0,0,0,0,0,0,0,0,0,0,0,0,0
1984,110,6.1,30,0,0,0,0,0,0,0,0,0,0,0,0,0,0,0,0,0,0,0,0
2017,125,7.1,7382,0,0,0,1,0,0,0,0,0,0,0,0,0,0,0,0,0,0,0,0
2012,145,4.0,18,0,0,0,0,0,0,0,0,0,0,0,0,0,0,1,0,0,0,0,0
2005,134,2.9,7,0,0,0,0,0,0,0,0,0,0,0,0,0,0,0,0,0,0,0,0
1988,135,6.0,25,0,0,0,0,1,0,0,0,0,0,0,0,0,0,0,0,0,0,0,0
2001,96,5.2,5,0,0,0,0,0,0,0,0,0,0,1,0,0,0,0,0,0,0,0,0
2001,113,3.1,7,0,0,0,0,1,0,0,0,0,0,0,0,0,0,0,0,0,0,0,0
2004,134,4.2,6,0,0,0,0,0,0,0,0,0,0,0,0,0,0,0,0,0,0,0,0
1986,141,7.0,202,0,0,0,0,0,0,0,0,0,0,0,0,0,1,0,0,0,0,0,0
1964,134,6.1,8,0,0,0,0,0,0,0,0,0,0,0,0,1,0,0,0,0,0,0,0
1983,139,6.0,62,0,0,0,0,0,0,0,0,0,0,0,0,0,0,0,0,0,0,0,0
1990,134,4.6,10,0,0,0,0,0,0,0,0,0,0,1,0,0,0,0,0,0,0,0,0
1988,162,7.5,10497,0,0,0,0,0,0,1,0,0,0,0,0,0,0,0,0,0,0,0,0
2003,180,4.7,2202,0,0,0,0,0,0,0,0,0,0,0,0,0,0,0,0,0,0,0,0
1998,133,5.1,109,0,0,0,0,0,0,1,0,0,0,0,0,0,0,0,0,0,0,0,0
2013,146,8.2,61852,1,0,0,0,0,0,0,0,0,0,0,0,0,0,0,0,0,0,0,0
2021,134,5.9,20,0,0,0,0,0,0,0,0,0,0,1,0,0,0,0,0,0,0,0,0
2011,112,5.4,10,0,0,0,0,0,0,1,0,0,0,0,0,0,0,0,0,0,0,0,0
2009,97,5.8,802,0,0,0,0,0,0,0,0,0,0,0,0,0,0,0,0,0,0,0,0
1980,157,7.0,823,0,0,0,0,0,0,0,0,0,0,0,0,0,0,0,0,0,0,0,0
1991,134,5.5,32,0,0,0,0,0,0,1,0,0,0,0,0,0,0,0,0,0,0,0,0
2000,134,3.2,5,0,0,0,0,0,0,0,0,0,0,0,0,0,0,0,0,0,0,0,0
2013,146,5.2,5552,0,0,0,0,0,0,0,0,0,0,0,0,0,0,0,0,0,0,0,0
2011,156,4.7,39039,0,0,0,0,0,0,0,0,0,0,0,0,0,0,0,0,0,0,0,0
2017,147,5.1,6311,0,0,0,0,0,0,0,0,0,0,0,0,0,0,0,0,0,0,0,0
1979,109,5.4,7,0,0,0,0,0,0,1,0,0,0,0,0,0,0,0,0,0,0,0,0
2017,135,8.1,376,0,0,0,0,0,0,0,0,0,0,0,0,0,0,0,0,0,0,0,0
1958,128,6.5,10,0,0,0,0,0,0,1,0,0,0,0,0,0,0,0,0,0,0,0,0
1987,134,5.5,15,0,0,0,0,0,0,0,0,0,0,0,0,0,0,0,0,0,0,0,0
2019,85,7.4,27,0,0,0,0,0,0,1,0,0,0,0,0,0,0,0,0,0,0,0,0
1984,134,5.9,120,0,0,0,0,0,0,0,0,0,0,0,0,0,0,0,0,0,0,0,0
1975,140,6.2,38,0,0,0,0,0,0,1,0,0,0,0,0,0,0,0,0,0,0,0,0
1989,153,7.5,1095,0,0,0,0,0,0,0,0,0,0,0,0,0,0,0,0,0,0,0,0
2007,113,3.6,77,0,0,0,0,0,0,0,0,0,0,0,0,0,0,0,0,0,0,0,0
1976,109,6.3,7,0,0,0,0,0,0,0,0,0,0,0,0,0,0,0,0,0,0,0,0
1972,138,6.3,66,0,0,0,0,0,0,1,0,0,0,0,0,0,0,0,0,0,0,0,0
2013,140,7.6,30344,0,0,0,0,0,0,1,0,0,0,0,0,0,0,0,0,0,0,0,0
1995,129,4.9,178,0,0,0,1,0,0,0,0,0,0,0,0,0,0,0,0,0,0,0,0
1972,133,5.7,85,0,0,0,0,0,0,1,0,0,0,0,0,0,0,0,0,0,0,0,0
1982,134,4.3,14,0,0,0,0,0,0,1,0,0,0,0,0,0,0,0,0,0,0,0,0
1992,127,7.1,1020,0,0,0,0,0,0,0,0,0,0,1,0,0,0,0,0,0,0,0,0
2020,149,7.3,15769,0,0,0,0,1,0,0,0,0,0,0,0,0,0,0,0,0,0,0,0
1967,135,7.6,74,0,0,0,0,0,0,0,0,0,0,0,0,0,1,0,0,0,0,0,0
2021,100,5.2,332,0,0,0,0,0,0,1,0,0,0,0,0,0,0,0,0,0,0,0,0
2009,104,6.3,533,0,0,0,1,0,0,0,0,0,0,0,0,0,0,0,0,0,0,0,0
1987,110,4.3,9,0,0,0,0,0,0,0,0,0,0,1,0,0,0,0,0,0,0,0,0
1959,134,6.7,15,0,0,0,0,0,0,0,0,0,0,0,0,0,0,0,0,0,0,0,0
2000,134,3.6,7,0,0,0,0,1,0,0,0,0,0,0,0,0,0,0,0,0,0,0,0
1970,134,4.4,5,0,0,0,0,0,0,1,0,0,0,0,0,0,0,0,0,0,0,0,0
1984,134,7.1,35,0,0,0,0,0,0,1,0,0,0,0,0,0,0,0,0,0,0,0,0
2010,130,5.4,4245,0,0,0,0,0,0,0,0,0,0,0,0,0,0,0,0,0,0,0,0
1967,139,6.2,137,0,0,0,0,0,0,0,0,0,0,0,0,0,0,0,0,0,1,0,0
1981,132,5.2,20,0,0,0,0,1,0,0,0,0,0,0,0,0,0,0,0,0,0,0,0
2002,151,6.5,3085,0,0,0,0,0,0,1,0,0,0,0,0,0,0,0,0,0,0,0,0
2012,139,4.0,3528,0,0,0,0,0,0,0,0,0,0,1,0,0,0,0,0,0,0,0,0
2016,128,4.4,1784,0,0,0,0,0,0,0,0,0,0,1,0,0,0,0,0,0,0,0,0
2009,151,5.6,3396,0,0,0,0,0,0,0,0,0,0,1,0,0,0,0,0,0,0,0,0
2018,138,7.8,26557,0,0,0,0,0,0,0,0,0,0,0,0,0,0,0,0,0,0,0,0
2008,167,7.2,44985,0,0,0,1,0,0,0,0,0,0,0,0,0,0,0,0,0,0,0,0
2013,116,4.3,277,0,0,0,1,0,0,0,0,0,0,0,0,0,0,0,0,0,0,0,0
2008,149,6.7,13516,0,0,0,0,0,0,0,0,0,0,0,0,0,0,0,0,0,0,0,0
2013,150,5.4,15574,0,0,0,0,0,0,0,0,0,0,0,0,0,0,0,0,0,0,0,0
2018,160,1.9,42457,0,0,0,0,0,0,0,0,0,0,0,0,0,0,0,0,0,0,0,0
1983,118,4.8,12,0,0,0,0,0,0,0,1,0,0,0,0,0,0,0,0,0,0,0,0
2018,122,7.3,17,0,0,0,0,0,0,1,0,0,0,0,0,0,0,0,0,0,0,0,0
1992,134,5.0,72,0,0,0,0,0,0,1,0,0,0,0,0,0,0,0,0,0,0,0,0
1954,120,7.9,7,0,0,0,0,0,0,0,0,1,0,0,0,0,0,0,0,0,0,0,0
2021,135,1.8,162455,0,0,0,0,0,0,0,0,0,0,0,0,0,0,0,0,0,0,0,0
1932,134,3.8,5,0,0,0,0,0,0,0,0,0,0,0,0,0,0,0,0,0,0,1,0
2009,110,2.9,304,0,0,0,0,0,0,1,0,0,0,0,0,0,0,0,0,0,0,0,0
2017,143,6.8,41441,0,0,0,0,0,0,0,0,0,0,0,0,0,0,0,0,0,0,0,0
1990,149,3.6,22,0,0,0,0,0,0,1,0,0,0,0,0,0,0,0,0,0,0,0,0
2008,122,3.4,54,0,0,0,1,0,0,0,0,0,0,0,0,0,0,0,0,0,0,0,0
2006,134,4.0,6,0,0,0,0,0,0,0,0,0,0,0,0,0,0,0,0,0,0,0,0
1975,134,6.0,10,0,0,0,0,0,0,1,0,0,0,0,0,0,0,0,0,0,0,0,0
2009,134,5.9,7,0,0,0,0,0,0,0,0,0,0,0,0,0,0,0,0,0,1,0,0
2014,134,7.1,30,0,0,0,0,0,0,1,0,0,0,0,0,0,0,0,0,0,0,0,0
2003,134,4.5,15,0,0,0,1,0,0,0,0,0,0,0,0,0,0,0,0,0,0,0,0
2017,55,6.4,73,0,0,0,0,0,1,0,0,0,0,0,0,0,0,0,0,0,0,0,0
2003,100,6.9,651,0,0,0,1,0,0,0,0,0,0,0,0,0,0,0,0,0,0,0,0
1995,151,4.3,86,0,0,0,0,0,0,0,0,0,0,0,0,0,0,0,0,0,0,0,0
2011,93,4.9,2489,0,0,0,0,0,0,1,0,0,0,0,0,0,0,0,0,0,0,0,0
2014,119,3.8,2740,0,0,0,0,0,0,0,0,0,0,1,0,0,0,0,0,0,0,0,0
2015,123,7.6,4599,0,0,0,0,0,0,0,0,0,0,0,0,0,1,0,0,0,0,0,0
2017,70,5.6,12,0,0,0,0,0,0,1,0,0,0,0,0,0,0,0,0,0,0,0,0
1969,120,6.8,12,0,0,0,0,0,0,0,0,0,0,0,0,0,0,1,0,0,0,0,0
1953,139,7.0,28,0,0,0,0,0,0,1,0,0,0,0,0,0,0,0,0,0,0,0,0
1985,134,6.4,46,0,0,0,0,0,0,0,0,0,0,0,0,0,0,1,0,0,0,0,0
1978,133,5.8,20,0,0,0,0,0,0,0,0,0,0,0,0,0,0,0,0,0,0,0,0
2001,151,5.4,249,0,0,0,0,0,0,1,0,0,0,0,0,0,0,0,0,0,0,0,0
2018,122,7.4,15835,0,0,0,0,0,0,0,0,0,0,0,0,0,0,0,0,0,0,0,0
1953,134,8.0,36,0,0,0,0,0,0,1,0,0,0,0,0,0,0,0,0,0,0,0,0
2016,120,8.0,137,0,0,0,0,1,0,0,0,0,0,0,0,0,0,0,0,0,0,0,0
1955,162,7.2,24,0,0,0,1,0,0,0,0,0,0,0,0,0,0,0,0,0,0,0,0
2019,120,7.5,6,0,0,0,0,1,0,0,0,0,0,0,0,0,0,0,0,0,0,0,0
2005,134,3.2,66,0,0,0,0,0,0,1,0,0,0,0,0,0,0,0,0,0,0,0,0
2015,106,7.9,3652,0,0,0,1,0,0,0,0,0,0,0,0,0,0,0,0,0,0,0,0
2004,117,7.6,4170,0,0,0,0,0,0,1,0,0,0,0,0,0,0,0,0,0,0,0,0
1956,136,6.2,16,1,0,0,0,0,0,0,0,0,0,0,0,0,0,0,0,0,0,0,0
1982,157,6.1,19,0,0,0,0,0,0,0,0,0,0,0,0,0,0,0,0,0,0,0,0
1959,171,6.1,14,1,0,0,0,0,0,0,0,0,0,0,0,0,0,0,0,0,0,0,0
1995,168,5.3,751,0,0,0,0,0,0,0,0,0,0,0,0,0,0,0,0,0,0,0,0
2018,117,4.3,22,0,0,0,0,0,0,0,0,0,0,0,0,0,0,1,0,0,0,0,0
1984,134,6.4,9,0,0,0,0,0,0,0,0,0,0,0,0,0,0,0,0,0,0,0,0
1996,134,8.4,74,0,0,0,1,0,0,0,0,0,0,0,0,0,0,0,0,0,0,0,0
1968,145,6.9,49,0,0,0,0,0,0,1,0,0,0,0,0,0,0,0,0,0,0,0,0
1994,161,6.3,2654,0,0,0,0,0,0,0,0,0,0,0,0,0,0,0,0,0,0,0,0
2005,134,2.9,19,0,0,0,1,0,0,0,0,0,0,0,0,0,0,0,0,0,0,0,0
2003,127,3.7,211,0,0,0,1,0,0,0,0,0,0,0,0,0,0,0,0,0,0,0,0
1952,146,6.0,7,0,0,0,0,0,0,0,0,0,1,0,0,0,0,0,0,0,0,0,0
1979,134,9.0,8,0,0,1,0,0,0,0,0,0,0,0,0,0,0,0,0,0,0,0,0
1996,165,6.2,7195,0,0,0,0,0,0,0,0,0,0,0,0,0,0,0,0,0,0,0,0
1972,134,6.6,195,0,0,0,0,0,0,0,0,0,0,0,0,0,0,0,0,0,0,0,0
1974,134,5.1,10,0,0,0,0,0,0,0,0,0,0,0,0,0,0,0,0,0,0,0,0
2000,134,4.0,27,0,0,0,0,0,0,1,0,0,0,0,0,0,0,0,0,0,0,0,0
1997,158,3.7,373,0,0,0,0,0,0,1,0,0,0,0,0,0,0,0,0,0,0,0,0
2000,148,3.4,78,0,0,0,1,0,0,0,0,0,0,0,0,0,0,0,0,0,0,0,0
1999,134,6.7,1873,0,0,0,1,0,0,0,0,0,0,0,0,0,0,0,0,0,0,0,0
2014,141,6.1,4038,0,0,0,0,1,0,0,0,0,0,0,0,0,0,0,0,0,0,0,0
1973,134,6.7,98,0,0,0,0,0,0,0,1,0,0,0,0,0,0,0,0,0,0,0,0
1978,134,6.3,6,0,0,0,0,0,0,1,0,0,0,0,0,0,0,0,0,0,0,0,0
1969,144,6.3,37,0,0,0,0,0,0,0,0,0,0,0,0,0,0,1,0,0,0,0,0
1995,134,4.3,7,0,0,0,0,0,0,0,0,0,0,0,0,0,0,0,0,0,0,1,0
1999,150,4.6,344,0,0,0,1,0,0,0,0,0,0,0,0,0,0,0,0,0,0,0,0
2013,140,2.9,257,0,0,0,0,0,0,0,0,0,0,0,0,0,0,0,0,0,0,0,0
2013,123,2.3,436,0,0,0,0,0,0,1,0,0,0,0,0,0,0,0,0,0,0,0,0
1996,146,4.5,277,0,0,0,0,0,0,1,0,0,0,0,0,0,0,0,0,0,0,0,0
1964,178,7.0,164,0,0,0,0,0,0,0,0,0,0,0,0,1,0,0,0,0,0,0,0
2018,117,5.8,1698,0,0,0,1,0,0,0,0,0,0,0,0,0,0,0,0,0,0,0,0
2010,163,7.1,16737,0,0,0,0,1,0,0,0,0,0,0,0,0,0,0,0,0,0,0,0
1974,110,7.3,670,0,0,0,0,0,0,1,0,0,0,0,0,0,0,0,0,0,0,0,0
1992,125,3.3,6,0,0,0,0,0,0,0,0,0,0,0,0,0,0,0,0,0,0,0,0
1982,134,6.5,150,0,0,0,0,0,0,0,0,0,0,0,0,0,0,0,0,0,0,0,0
1951,120,6.4,10,0,0,0,0,0,0,0,0,0,0,0,0,0,0,0,0,0,0,0,0
1936,138,3.1,10,1,0,0,0,0,0,0,0,0,0,0,0,0,0,0,0,0,0,0,0
1992,152,6.8,7351,0,0,0,0,0,0,0,0,0,0,0,0,1,0,0,0,0,0,0,0
2000,163,5.1,1878,0,0,0,0,0,0,0,0,0,0,0,0,0,0,0,0,0,0,0,0
2013,134,6.8,14,0,0,0,0,0,0,1,0,0,0,0,0,0,0,0,0,0,0,0,0
1962,133,6.5,41,0,0,0,0,0,0,1,0,0,0,0,0,0,0,0,0,0,0,0,0
1972,90,6.6,22,0,0,0,0,0,0,0,0,0,0,0,0,0,0,0,0,0,0,0,0
2004,162,3.7,608,0,0,0,0,0,0,0,0,0,0,1,0,0,0,0,0,0,0,0,0
2010,125,7.6,4066,0,0,0,0,0,0,0,0,0,0,0,0,0,0,0,0,0,0,0,0
2010,135,6.5,2645,0,0,0,0,0,0,0,0,0,0,0,0,0,0,0,0,0,0,0,0
2012,120,3.1,15,0,0,0,0,0,0,0,0,0,0,0,0,0,0,0,0,0,1,0,0
1971,134,5.9,38,0,0,0,0,0,0,0,0,0,0,0,0,0,0,0,0,0,0,0,0
1989,134,4.9,82,0,0,0,0,0,0,1,0,0,0,0,0,0,0,0,0,0,0,0,0
1994,135,2.9,20,0,0,0,0,0,0,0,0,0,0,0,0,0,0,0,0,0,0,0,0
2019,128,4.7,162,0,0,0,0,0,0,0,0,0,0,1,0,0,0,0,0,0,0,0,0
1981,127,5.8,21,0,0,0,0,0,0,0,0,0,0,0,0,0,0,0,0,0,0,0,0
1977,90,7.6,5,0,0,0,0,0,0,1,0,0,0,0,0,0,0,0,0,0,0,0,0
1996,164,4.7,296,0,0,0,0,0,0,0,0,0,0,0,0,0,0,0,0,0,0,0,0
1984,126,5.3,14,0,0,0,0,0,0,0,0,0,0,0,0,0,0,0,0,0,0,0,0
1994,134,6.9,12,0,0,0,0,0,0,0,0,0,0,0,0,1,0,0,0,0,0,0,0
2017,111,6.5,12,0,0,0,0,0,0,1,0,0,0,0,0,0,0,0,0,0,0,0,0
1967,171,7.4,862,0,0,0,1,0,0,0,0,0,0,0,0,0,0,0,0,0,0,0,0
1996,134,4.1,18,0,0,0,0,0,0,0,0,0,0,0,0,0,0,0,0,0,0,0,0
1980,169,6.3,475,0,0,0,0,0,0,0,0,0,0,0,0,0,0,0,0,0,0,0,0
1948,134,7.2,9,0,0,0,0,0,0,0,0,0,0,0,0,0,0,0,0,0,0,0,0
1977,130,6.7,18,0,0,0,1,0,0,0,0,0,0,0,0,0,0,0,0,0,0,0,0
2007,171,1.7,6655,0,0,0,0,0,0,0,0,0,0,0,0,0,0,0,0,0,0,0,0
1995,122,5.4,3714,0,0,0,0,0,0,0,0,0,0,0,0,0,0,0,0,0,0,0,0
1978,134,5.4,7,0,0,0,0,0,0,0,0,0,0,0,0,0,0,0,0,0,0,0,0
1992,90,8.9,624,0,0,0,0,0,1,0,0,0,0,0,0,0,0,0,0,0,0,0,0
1984,134,5.7,6,0,0,0,0,0,0,1,0,0,0,0,0,0,0,0,0,0,0,0,0
2019,122,6.6,92,0,0,0,0,0,0,1,0,0,0,0,0,0,0,0,0,0,0,0,0
1989,174,6.8,2406,0,0,0,0,0,0,0,0,0,0,0,0,0,0,0,0,0,0,0,0
1961,134,6.0,28,0,0,0,0,0,0,1,0,0,0,0,0,0,0,0,0,0,0,0,0
2008,134,5.7,168,0,0,0,0,0,0,0,0,0,0,0,0,0,0,0,0,0,0,0,0
1943,144,7.2,20,0,0,0,0,0,0,1,0,0,0,0,0,0,0,0,0,0,0,0,0
2017,112,3.7,61,0,0,0,0,0,0,0,0,0,0,0,0,0,0,1,0,0,0,0,0
1995,134,4.1,78,0,0,0,0,0,0,0,0,0,0,0,0,0,0,0,0,0,0,0,0
2020,104,8.0,1272,0,0,0,0,0,0,1,0,0,0,0,0,0,0,0,0,0,0,0,0
1984,140,5.8,13,0,0,0,0,0,0,1,0,0,0,0,0,0,0,0,0,0,0,0,0
1985,157,6.0,58,0,0,0,0,0,0,1,0,0,0,0,0,0,0,0,0,0,0,0,0
1985,178,6.7,962,0,0,0,0,0,0,1,0,0,0,0,0,0,0,0,0,0,0,0,0
1988,134,5.4,18,0,0,0,0,0,0,0,0,0,0,0,0,0,0,0,0,0,0,0,0
2008,180,3.9,259,0,0,0,1,0,0,0,0,0,0,0,0,0,0,0,0,0,0,0,0
2010,120,3.4,147,0,0,0,0,0,0,0,0,0,0,0,0,0,0,0,0,0,0,0,0
2017,142,7.5,38,0,0,0,0,0,0,1,0,0,0,0,0,0,0,0,0,0,0,0,0
2013,148,5.7,3531,0,0,0,0,0,0,0,0,0,0,0,0,0,0,0,0,0,0,0,0
1988,170,4.5,201,0,0,0,0,0,0,0,0,0,0,0,0,0,0,0,0,0,0,0,0
2010,98,5.9,456,0,1,0,0,0,0,0,0,0,0,0,0,0,0,0,0,0,0,0,0
1991,123,4.7,59,0,0,0,0,0,0,0,0,0,0,0,0,0,0,0,0,0,0,0,0
2005,154,6.7,1058,0,0,0,1,0,0,0,0,0,0,0,0,0,0,0,0,0,0,0,0
1985,141,5.4,12,0,0,0,0,0,0,0,0,0,0,0,0,0,0,0,0,0,0,0,0
2001,78,5.9,28,0,0,0,0,0,1,0,0,0,0,0,0,0,0,0,0,0,0,0,0
2013,150,6.4,19114,0,0,0,0,0,0,1,0,0,0,0,0,0,0,0,0,0,0,0,0
1982,134,6.2,9,0,0,0,0,0,0,1,0,0,0,0,0,0,0,0,0,0,0,0,0
2017,134,9.4,5,0,0,0,0,0,1,0,0,0,0,0,0,0,0,0,0,0,0,0,0
2019,115,7.6,3574,0,0,0,1,0,0,0,0,0,0,0,0,0,0,0,0,0,0,0,0
1993,134,5.1,13,0,0,0,0,0,0,0,0,0,0,0,0,0,0,0,0,0,0,0,0
1944,122,6.8,10,0,0,0,0,0,0,1,0,0,0,0,0,0,0,0,0,0,0,0,0
2015,139,6.9,71,0,0,0,0,0,0,0,0,0,0,0,0,0,0,1,0,0,0,0,0
1961,134,4.8,5,0,0,0,0,0,0,1,0,0,0,0,0,0,0,0,0,0,0,0,0
1996,125,6.1,77,0,0,0,0,0,0,0,0,0,0,0,0,0,0,0,0,0,0,0,0
1991,134,2.9,7,0,0,0,0,0,0,0,0,0,0,0,0,0,0,0,0,0,0,0,0
2015,98,3.6,119,0,0,0,0,0,0,0,0,0,0,0,0,0,0,0,0,0,0,0,0
1991,134,4.2,29,0,0,0,0,0,0,0,0,0,0,0,0,0,0,0,0,0,0,0,0
2017,93,7.3,81,0,0,0,0,0,0,0,0,0,0,0,0,0,0,0,0,0,1,0,0
1993,150,4.8,187,0,0,0,0,0,0,1,0,0,0,0,0,0,0,0,0,0,0,0,0
1983,180,7.1,520,0,0,0,1,0,0,0,0,0,0,0,0,0,0,0,0,0,0,0,0
2006,167,8.1,114446,0,0,0,1,0,0,0,0,0,0,0,0,0,0,0,0,0,0,0,0
1982,133,6.2,100,0,0,0,0,0,0,0,0,0,0,0,0,0,0,0,0,0,0,0,0
1975,134,3.1,12,0,0,0,0,0,0,0,0,0,0,0,0,0,0,0,0,0,0,0,0
1991,134,5.8,8,0,0,0,0,0,0,0,0,0,0,0,0,0,0,0,0,0,0,0,0
1996,134,5.9,45,0,0,0,0,0,0,0,0,0,0,0,0,0,0,0,0,0,0,0,0
2012,134,6.6,9,0,0,0,0,0,0,0,0,0,0,0,0,0,0,0,0,0,0,0,0
1995,142,7.5,9370,0,0,0,1,0,0,0,0,0,0,0,0,0,0,0,0,0,0,0,0
1996,134,5.6,10,0,0,0,0,0,0,0,0,0,0,0,0,0,0,0,0,0,0,0,0
2019,162,2.3,215,0,0,0,1,0,0,0,0,0,0,0,0,0,0,0,0,0,0,0,0
2013,129,5.0,176,0,0,0,0,0,0,0,0,0,0,0,0,0,0,0,0,0,0,0,0
1976,134,6.0,33,0,0,0,0,0,0,0,0,0,0,0,0,0,0,0,0,0,0,0,0
1956,134,7.2,20,0,0,0,0,0,0,0,0,0,0,0,0,0,0,1,0,0,0,0,0
2017,170,5.6,3903,0,0,0,0,0,0,0,0,0,0,0,0,0,0,0,0,0,0,0,0
2013,144,5.1,426,0,0,0,0,0,0,0,0,0,0,0,0,0,0,0,0,0,0,0,0
1975,135,6.7,42,0,0,0,0,0,0,1,0,0,0,0,0,0,0,0,0,0,0,0,0
1993,134,4.1,9,0,0,0,0,0,0,0,0,0,0,0,0,0,0,0,0,0,0,0,0
1995,134,3.4,8,0,0,0,0,1,0,0,0,0,0,0,0,0,0,0,0,0,0,0,0
1972,134,5.1,15,0,0,0,0,0,0,0,0,0,0,0,0,0,0,0,0,0,0,0,0
1959,148,5.8,24,0,0,0,0,0,0,0,0,0,0,0,0,0,0,0,0,0,0,0,0
2019,80,7.2,9,0,0,0,0,0,0,1,0,0,0,0,0,0,0,0,0,0,0,0,0
2010,137,6.9,2476,0,0,0,0,0,0,1,0,0,0,0,0,0,0,0,0,0,0,0,0
2015,152,6.2,616,0,0,0,0,0,0,0,0,0,0,0,0,0,0,0,0,0,0,0,0
2015,132,7.7,7,0,0,0,0,0,0,0,0,0,0,0,0,0,0,0,0,0,0,0,0
1986,123,5.7,7,0,0,0,1,0,0,0,0,0,0,0,0,0,0,0,0,0,0,0,0
2007,124,4.2,283,0,0,0,0,1,0,0,0,0,0,0,0,0,0,0,0,0,0,0,0
2013,180,4.3,6,0,0,0,0,0,0,0,0,0,0,1,0,0,0,0,0,0,0,0,0
2012,50,7.6,50,0,0,0,0,0,1,0,0,0,0,0,0,0,0,0,0,0,0,0,0
2015,80,8.5,13,0,0,0,0,0,1,0,0,0,0,0,0,0,0,0,0,0,0,0,0
2011,128,2.9,2682,0,0,0,0,0,0,0,0,0,0,0,0,0,0,0,0,0,0,0,0
2018,122,5.7,23,0,0,0,0,0,0,0,0,0,0,0,0,0,0,0,0,0,0,0,0
1944,118,7.2,30,0,0,0,0,0,0,0,0,0,0,0,0,1,0,0,0,0,0,0,0
1951,134,6.6,10,0,0,0,0,0,0,1,0,0,0,0,0,0,0,0,0,0,0,0,0
1979,134,7.1,19,0,0,0,0,0,0,1,0,0,0,0,0,0,0,0,0,0,0,0,0
2004,116,3.5,6,0,0,0,0,0,0,0,0,0,0,1,0,0,0,0,0,0,0,0,0
1995,153,5.9,112,0,0,0,0,0,0,0,0,0,0,0,0,0,0,0,0,0,0,0,0
1999,134,4.8,189,0,0,0,0,0,0,1,0,0,0,0,0,0,0,0,0,0,0,0,0
1961,134,6.5,16,0,0,0,0,0,0,0,0,0,0,0,0,0,0,1,0,0,0,0,0
2011,145,4.8,16937,0,0,0,0,0,0,0,0,0,0,0,0,0,0,0,0,0,0,0,0
2018,261,9.1,125,0,0,0,0,0,1,0,0,0,0,0,0,0,0,0,0,0,0,0,0
2016,110,6.8,241,0,0,1,0,0,0,0,0,0,0,0,0,0,0,0,0,0,0,0,0
2009,120,6.4,339,0,0,0,0,0,0,0,0,0,0,0,0,0,0,0,0,0,0,0,0
2013,120,7.2,23,0,0,0,0,0,1,0,0,0,0,0,0,0,0,0,0,0,0,0,0
1980,125,6.3,167,0,0,0,0,1,0,0,0,0,0,0,0,0,0,0,0,0,0,0,0
2007,131,2.8,219,0,0,0,0,1,0,0,0,0,0,0,0,0,0,0,0,0,0,0,0
2007,148,3.3,306,0,0,0,0,0,0,1,0,0,0,0,0,0,0,0,0,0,0,0,0
2017,124,9.0,62,0,0,0,0,0,1,0,0,0,0,0,0,0,0,0,0,0,0,0,0
2018,101,3.9,28,0,0,0,0,0,0,0,0,0,0,0,0,0,0,0,0,0,1,0,0
2021,65,9.3,467,0,0,0,0,0,0,0,0,0,0,0,0,0,0,0,1,0,0,0,0
2000,207,5.4,1881,0,0,0,0,0,0,1,0,0,0,0,0,0,0,0,0,0,0,0,0
2020,89,5.5,27,0,0,0,0,0,0,0,0,0,0,0,0,0,0,0,0,0,1,0,0
2006,125,5.9,45,0,0,0,0,0,0,1,0,0,0,0,0,0,0,0,0,0,0,0,0
2001,160,7.6,7713,0,0,0,0,0,0,0,0,0,0,0,0,1,0,0,0,0,0,0,0
2005,131,3.2,8,0,0,0,0,0,0,0,0,0,0,0,0,0,0,0,0,0,1,0,0
2007,105,8.0,1031,0,0,0,0,0,0,1,0,0,0,0,0,0,0,0,0,0,0,0,0
2019,88,7.7,29,0,0,0,1,0,0,0,0,0,0,0,0,0,0,0,0,0,0,0,0
1962,138,5.2,11,0,0,0,0,0,0,0,0,0,0,0,0,0,0,0,0,0,0,0,0
2019,80,4.5,18,0,0,0,0,0,0,1,0,0,0,0,0,0,0,0,0,0,0,0,0
1974,139,7.0,49,0,0,0,0,0,0,1,0,0,0,0,0,0,0,0,0,0,0,0,0
1971,158,6.8,204,0,0,0,0,0,0,1,0,0,0,0,0,0,0,0,0,0,0,0,0
2002,82,4.9,10,0,0,0,0,0,0,0,0,0,0,0,0,0,0,0,0,0,0,0,0
1990,134,6.3,15,0,0,0,0,0,0,0,0,0,0,0,0,0,0,0,0,0,1,0,0
1961,134,4.9,8,0,0,0,0,0,0,0,0,0,0,0,0,0,0,1,0,0,0,0,0
2007,110,7.2,693,0,1,0,0,0,0,0,0,0,0,0,0,0,0,0,0,0,0,0,0
1996,159,4.6,110,0,0,0,0,1,0,0,0,0,0,0,0,0,0,0,0,0,0,0,0
1960,134,3.9,15,0,0,0,0,0,0,0,0,0,0,0,0,0,0,0,0,0,0,0,0
1988,80,7.0,27,0,0,0,0,0,0,1,0,0,0,0,0,0,0,0,0,0,0,0,0
2006,134,6.0,151,0,0,0,0,0,0,1,0,0,0,0,0,0,0,0,0,0,0,0,0
2018,159,8.4,692,0,0,0,0,0,0,1,0,0,0,0,0,0,0,0,0,0,0,0,0
2005,145,5.1,34,0,0,0,0,0,0,1,0,0,0,0,0,0,0,0,0,0,0,0,0
2001,105,8.5,15,0,0,0,0,0,0,0,0,0,0,0,0,0,0,0,0,0,0,0,0
2014,132,4.5,1678,0,0,0,0,0,0,0,0,0,0,0,0,0,0,0,0,0,0,0,0
2016,134,3.7,10,0,0,0,0,0,0,0,0,0,0,0,0,1,0,0,0,0,0,0,0
2017,106,6.9,604,0,0,0,0,0,0,1,0,0,0,0,0,0,0,0,0,0,0,0,0
1973,134,5.7,12,0,0,0,0,0,0,0,0,0,0,0,0,0,0,1,0,0,0,0,0
1986,134,5.4,8,0,0,0,0,0,0,1,0,0,0,0,0,0,0,0,0,0,0,0,0
2010,135,6.4,895,0,0,0,0,1,0,0,0,0,0,0,0,0,0,0,0,0,0,0,0
1988,158,6.7,75,0,0,0,0,0,0,1,0,0,0,0,0,0,0,0,0,0,0,0,0
1979,78,7.6,527,0,0,0,0,0,0,0,1,0,0,0,0,0,0,0,0,0,0,0,0
2013,86,3.5,404,0,0,0,0,0,0,1,0,0,0,0,0,0,0,0,0,0,0,0,0
1983,134,6.3,22,0,0,0,0,0,0,1,0,0,0,0,0,0,0,0,0,0,0,0,0
1965,158,6.5,13,0,0,0,0,0,0,1,0,0,0,0,0,0,0,0,0,0,0,0,0
2002,164,4.6,921,0,0,0,0,0,0,0,0,0,0,0,0,0,0,0,0,0,0,0,0
2007,155,6.6,559,0,0,0,0,0,0,0,0,0,0,0,0,0,0,0,0,0,0,0,0
2019,123,7.0,20,0,0,0,0,0,0,0,0,0,0,0,0,0,0,0,0,0,1,0,0
2014,129,6.8,25,0,0,0,0,0,0,1,0,0,0,0,0,0,0,0,0,0,0,0,0
1972,117,6.7,11,0,0,0,0,0,0,1,0,0,0,0,0,0,0,0,0,0,0,0,0
2012,122,4.6,9,0,0,0,0,1,0,0,0,0,0,0,0,0,0,0,0,0,0,0,0
2014,80,6.4,44,0,0,0,0,1,0,0,0,0,0,0,0,0,0,0,0,0,0,0,0
2021,95,8.7,12,0,0,0,0,0,0,1,0,0,0,0,0,0,0,0,0,0,0,0,0
2002,134,5.6,1197,0,0,0,0,0,0,0,0,0,0,0,0,0,0,0,0,0,1,0,0
2003,50,6.1,268,0,0,0,0,0,0,1,0,0,0,0,0,0,0,0,0,0,0,0,0
2009,135,7.4,764,0,0,0,0,0,0,1,0,0,0,0,0,0,0,0,0,0,0,0,0
2009,95,6.8,1660,1,0,0,0,0,0,0,0,0,0,0,0,0,0,0,0,0,0,0,0
2008,93,5.2,1353,0,1,0,0,0,0,0,0,0,0,0,0,0,0,0,0,0,0,0,0
2019,107,7.8,50,0,0,0,0,0,0,1,0,0,0,0,0,0,0,0,0,0,0,0,0
2014,123,5.6,702,0,0,0,0,0,0,0,0,0,0,0,0,0,0,0,0,0,0,0,0
1995,168,4.2,45,0,0,0,0,1,0,0,0,0,0,0,0,0,0,0,0,0,0,0,0
2016,143,5.0,2006,0,0,0,0,0,0,1,0,0,0,0,0,0,0,0,0,0,0,0,0
2008,145,7.7,21178,0,0,0,0,0,0,1,0,0,0,0,0,0,0,0,0,0,0,0,0
2009,150,7.5,19343,0,0,0,1,0,0,0,0,0,0,0,0,0,0,0,0,0,0,0,0
1999,102,7.4,1352,0,0,0,1,0,0,0,0,0,0,0,0,0,0,0,0,0,0,0,0
2011,159,7.7,40835,0,0,0,0,0,0,1,0,0,0,0,0,0,0,0,0,0,0,0,0
1981,151,6.9,593,0,0,0,0,0,0,0,0,0,0,0,0,0,0,0,0,0,0,0,0
2006,125,3.9,317,0,0,0,0,0,0,0,0,0,0,0,0,0,0,0,0,0,0,0,0
2016,119,6.8,7647,0,0,0,0,0,0,0,0,0,0,0,0,0,0,0,0,0,0,0,0
2005,115,5.2,484,0,0,0,0,0,0,0,0,0,0,0,0,0,1,0,0,0,0,0,0
2004,134,4.3,1840,1,0,0,0,0,0,0,0,0,0,0,0,0,0,0,0,0,0,0,0
2010,180,4.2,125,0,0,0,0,0,0,1,0,0,0,0,0,0,0,0,0,0,0,0,0
1988,139,6.9,365,0,0,0,1,0,0,0,0,0,0,0,0,0,0,0,0,0,0,0,0
1983,134,6.2,36,0,0,0,0,0,0,0,0,0,0,0,0,0,0,1,0,0,0,0,0
2019,141,6.6,5120,0,0,0,0,0,0,0,0,0,0,0,0,0,0,0,0,0,0,0,0
2017,116,4.2,5,0,0,0,0,0,0,1,0,0,0,0,0,0,0,0,0,0,0,0,0
1991,119,3.9,28,0,0,0,0,0,0,0,0,0,0,1,0,0,0,0,0,0,0,0,0
2021,134,4.3,6422,0,0,0,1,0,0,0,0,0,0,0,0,0,0,0,0,0,0,0,0
1981,135,2.6,7,0,0,0,0,0,0,0,0,0,0,0,0,0,0,0,0,0,0,0,0
2015,90,3.5,31,0,0,0,0,0,0,0,0,0,0,0,0,0,0,0,0,0,1,0,0
1961,134,6.8,34,0,0,0,0,0,0,0,0,0,0,0,0,0,0,1,0,0,0,0,0
1993,190,4.9,864,0,0,0,0,0,0,0,0,0,0,0,0,0,0,0,0,0,0,0,0
1972,134,6.4,31,0,0,0,0,0,0,0,0,0,0,0,0,0,0,1,0,0,0,0,0
1970,125,6.1,21,0,0,0,0,0,0,1,0,0,0,0,0,0,0,0,0,0,0,0,0
2018,45,6.2,186,0,0,0,0,0,1,0,0,0,0,0,0,0,0,0,0,0,0,0,0
1974,120,6.8,461,0,0,0,0,0,0,1,0,0,0,0,0,0,0,0,0,0,0,0,0
1942,153,6.3,30,0,0,0,0,0,0,1,0,0,0,0,0,0,0,0,0,0,0,0,0
1974,159,6.9,739,0,0,0,0,0,0,0,0,0,0,0,0,0,0,0,0,0,0,0,0
1990,130,5.8,30,0,0,0,0,0,0,0,0,0,0,0,0,0,0,0,0,0,0,0,0
2016,100,6.8,193,0,0,0,0,0,0,1,0,0,0,0,0,0,0,0,0,0,0,0,0
2001,134,6.9,17,0,0,0,0,0,0,0,0,0,0,0,0,0,0,0,0,0,0,0,0
1992,143,6.0,115,0,0,0,0,0,0,0,0,0,0,0,0,0,0,0,0,0,0,0,0
2012,140,5.7,21097,0,0,0,0,0,0,0,0,0,0,0,0,0,0,0,0,0,0,0,0
2015,146,3.3,7240,0,0,0,0,0,0,0,0,0,0,0,0,0,0,0,0,0,0,0,0
2008,120,5.5,251,0,0,0,0,0,0,1,0,0,0,0,0,0,0,0,0,0,0,0,0
1993,128,7.2,489,0,0,0,0,0,0,1,0,0,0,0,0,0,0,0,0,0,0,0,0
2004,143,2.7,1157,0,0,0,0,0,0,0,0,0,0,0,0,0,0,0,0,0,0,0,0
1989,126,6.5,71,0,0,0,0,0,0,0,0,0,0,0,0,0,0,0,0,0,0,0,0
1997,117,7.7,215,0,0,0,0,0,0,1,0,0,0,0,0,0,0,0,0,0,0,0,0
2017,106,6.4,596,0,0,0,0,0,0,1,0,0,0,0,0,0,0,0,0,0,0,0,0
1988,134,7.2,46,0,0,0,0,0,0,0,0,0,0,0,0,0,0,1,0,0,0,0,0
1991,134,6.3,20,0,0,0,0,0,0,1,0,0,0,0,0,0,0,0,0,0,0,0,0
2003,134,6.4,313,0,0,0,1,0,0,0,0,0,0,0,0,0,0,0,0,0,0,0,0
2004,137,4.8,1292,0,0,0,0,0,0,0,0,0,0,0,0,0,0,0,0,0,0,0,0
2013,134,6.2,6,0,0,0,1,0,0,0,0,0,0,0,0,0,0,0,0,0,0,0,0
2015,107,5.7,7,0,0,0,0,0,0,0,1,0,0,0,0,0,0,0,0,0,0,0,0
2020,152,7.5,8,0,0,0,0,0,0,0,0,0,0,0,0,0,0,0,0,0,0,0,0
1962,136,6.5,13,0,0,0,0,0,0,0,0,0,0,0,0,1,0,0,0,0,0,0,0
2017,114,6.6,2440,0,0,0,1,0,0,0,0,0,0,0,0,0,0,0,0,0,0,0,0
2009,102,4.0,23,0,0,0,0,0,0,0,0,0,0,0,0,0,0,0,0,0,0,0,0
2017,52,7.7,7,0,0,0,0,0,1,0,0,0,0,0,0,0,0,0,0,0,0,0,0
1991,149,5.4,25,0,0,0,0,0,0,0,0,0,0,0,0,0,0,0,0,0,0,0,0
2012,110,3.7,837,0,0,0,0,1,0,0,0,0,0,0,0,0,0,0,0,0,0,0,0
1982,139,6.3,23,0,0,0,0,0,0,1,0,0,0,0,0,0,0,0,0,0,0,0,0
2016,148,7.1,24285,0,0,0,0,1,0,0,0,0,0,0,0,0,0,0,0,0,0,0,0
1966,131,6.2,8,0,0,0,0,0,0,0,0,0,0,0,0,0,0,0,0,0,0,0,0
1967,144,6.2,23,0,0,0,0,0,0,0,0,0,0,0,0,0,0,0,0,0,0,0,0
1963,134,5.8,6,0,0,0,0,0,0,0,0,0,0,0,0,0,0,0,0,0,0,0,0
1965,135,6.8,12,0,0,0,0,0,0,0,0,0,0,0,0,0,0,0,0,0,0,1,0
1964,106,6.4,5,0,0,0,0,0,0,0,0,0,0,0,0,0,0,0,0,0,0,0,0
1994,140,5.7,98,0,0,0,0,0,0,0,0,0,0,0,0,0,0,0,0,0,0,0,0
2019,136,5.4,348,0,0,0,0,0,0,1,0,0,0,0,0,0,0,0,0,0,0,0,0
2009,134,7.2,21,0,0,0,1,0,0,0,0,0,0,0,0,0,0,0,0,0,0,0,0
1985,186,7.1,919,0,0,0,0,0,0,1,0,0,0,0,0,0,0,0,0,0,0,0,0
1985,150,7.2,474,0,0,0,0,0,0,1,0,0,0,0,0,0,0,0,0,0,0,0,0
1991,181,7.2,6267,0,0,0,0,0,0,1,0,0,0,0,0,0,0,0,0,0,0,0,0
1978,121,6.4,42,0,0,0,0,1,0,0,0,0,0,0,0,0,0,0,0,0,0,0,0
1996,134,6.0,1344,0,0,0,1,0,0,0,0,0,0,0,0,0,0,0,0,0,0,0,0
1994,153,4.9,134,0,0,0,0,0,0,1,0,0,0,0,0,0,0,0,0,0,0,0,0
1995,134,4.1,76,0,0,0,0,0,0,1,0,0,0,0,0,0,0,0,0,0,0,0,0
1981,134,5.7,46,0,0,0,0,0,0,0,1,0,0,0,0,0,0,0,0,0,0,0,0
1980,134,5.9,7,0,0,0,0,0,0,1,0,0,0,0,0,0,0,0,0,0,0,0,0
2016,109,7.6,11638,0,0,0,0,0,0,0,0,0,0,0,0,0,0,0,0,0,0,0,0
2000,134,3.8,5,0,0,0,0,0,0,0,0,0,0,1,0,0,0,0,0,0,0,0,0
1979,138,6.3,13,0,0,0,0,0,0,1,0,0,0,0,0,0,0,0,0,0,0,0,0
2019,146,7.7,4210,0,0,1,0,0,0,0,0,0,0,0,0,0,0,0,0,0,0,0,0
2017,109,8.2,173,0,0,0,0,0,0,1,0,0,0,0,0,0,0,0,0,0,0,0,0
2008,110,5.8,12,0,0,0,0,0,0,1,0,0,0,0,0,0,0,0,0,0,0,0,0
2016,101,3.1,143,0,0,0,0,0,0,0,0,0,0,1,0,0,0,0,0,0,0,0,0
1984,137,8.2,1781,0,0,0,0,0,0,1,0,0,0,0,0,0,0,0,0,0,0,0,0
2013,120,7.1,1126,0,0,0,1,0,0,0,0,0,0,0,0,0,0,0,0,0,0,0,0
2015,83,5.6,23,0,0,0,0,0,0,1,0,0,0,0,0,0,0,0,0,0,0,0,0
2008,134,5.1,94,0,0,0,1,0,0,0,0,0,0,0,0,0,0,0,0,0,0,0,0
1970,134,6.5,26,0,0,0,1,0,0,0,0,0,0,0,0,0,0,0,0,0,0,0,0
1969,144,6.5,197,0,0,0,0,0,0,0,0,0,0,0,0,0,0,0,0,0,0,0,0
1998,171,5.9,96,0,0,0,0,0,0,1,0,0,0,0,0,0,0,0,0,0,0,0,0
2010,134,3.2,12,0,0,0,0,0,0,0,0,0,0,0,0,0,0,0,0,0,0,0,0
2016,139,5.7,760,0,0,0,1,0,0,0,0,0,0,0,0,0,0,0,0,0,0,0,0
1982,117,7.1,264,0,0,0,0,0,0,1,0,0,0,0,0,0,0,0,0,0,0,0,0
1968,156,7.2,73,0,0,0,0,0,0,1,0,0,0,0,0,0,0,0,0,0,0,0,0
1991,175,6.2,183,0,0,0,0,0,0,0,0,0,0,0,0,0,0,0,0,0,0,0,0
2002,138,6.8,6734,0,0,0,0,0,0,1,0,0,0,0,0,0,0,0,0,0,0,0,0
1992,130,5.1,75,0,0,0,0,0,0,1,0,0,0,0,0,0,0,0,0,0,0,0,0
2015,150,6.7,9,0,0,0,0,0,0,1,0,0,0,0,0,0,0,0,0,0,0,0,0
2006,123,2.8,1177,0,0,0,0,0,0,1,0,0,0,0,0,0,0,0,0,0,0,0,0
2007,142,5.2,7445,0,0,0,0,0,0,1,0,0,0,0,0,0,0,0,0,0,0,0,0
1989,180,5.1,15,0,0,0,0,0,0,0,0,0,0,1,0,0,0,0,0,0,0,0,0
2003,135,5.8,913,0,0,0,0,0,0,1,0,0,0,0,0,0,0,0,0,0,0,0,0
1966,135,5.1,11,0,0,0,0,0,0,1,0,0,0,0,0,0,0,0,0,0,0,0,0
1988,134,5.0,44,0,0,0,0,0,0,0,0,0,0,0,0,0,0,0,0,0,0,0,0
1975,132,5.7,43,0,0,0,0,0,0,0,0,0,0,0,0,0,0,0,0,0,0,0,0
1998,140,4.8,19,0,0,0,0,0,0,1,0,0,0,0,0,0,0,0,0,0,0,0,0
2005,134,4.9,9,0,0,0,0,0,0,1,0,0,0,0,0,0,0,0,0,0,0,0,0
2020,132,4.4,215,0,0,0,0,0,0,0,0,0,0,0,0,0,0,1,0,0,0,0,0
2015,108,3.5,68,0,0,0,1,0,0,0,0,0,0,0,0,0,0,0,0,0,0,0,0
1980,132,6.5,80,0,0,0,0,0,0,0,0,0,0,0,0,0,1,0,0,0,0,0,0
1994,144,3.4,8,0,0,0,0,0,0,0,0,0,0,0,0,0,0,0,0,0,0,0,0
2017,54,6.9,8,0,0,0,0,0,0,1,0,0,0,0,0,0,0,0,0,0,0,0,0
2000,134,4.6,9,0,0,0,0,0,0,0,0,0,0,0,0,0,0,0,0,0,0,0,0
1995,162,6.0,4363,0,0,0,0,0,0,0,0,0,0,0,0,0,0,0,0,0,0,0,0
1976,135,6.8,42,0,0,0,1,0,0,0,0,0,0,0,0,0,0,0,0,0,0,0,0
1972,134,6.1,15,0,0,0,1,0,0,0,0,0,0,0,0,0,0,0,0,0,0,0,0
2002,134,2.6,19,0,0,0,0,0,0,0,0,0,0,0,0,0,0,0,0,0,0,0,0
2003,114,2.9,7,0,0,0,0,0,0,0,0,0,0,0,0,0,0,0,0,0,0,0,0
1979,109,7.5,76,1,0,0,0,0,0,0,0,0,0,0,0,0,0,0,0,0,0,0,0
1989,134,5.9,10,0,0,0,0,0,0,1,0,0,0,0,0,0,0,0,0,0,0,0,0
1970,143,6.7,256,0,0,0,0,0,0,0,0,0,0,0,0,0,0,0,0,0,0,0,0
1969,160,7.3,59,0,0,0,0,0,0,1,0,0,0,0,0,0,0,0,0,0,0,0,0
1989,135,4.5,39,0,0,0,0,0,0,0,0,0,0,0,0,0,0,0,0,0,0,0,0
1989,134,5.7,42,0,0,0,0,0,0,0,0,0,0,0,0,0,0,0,0,0,0,0,0
2017,138,8.6,7711,0,0,0,0,0,1,0,0,0,0,0,0,0,0,0,0,0,0,0,0
2006,109,5.8,25,0,0,0,0,0,0,1,0,0,0,0,0,0,0,0,0,0,0,0,0
1986,134,4.8,57,0,0,0,0,0,0,1,0,0,0,0,0,0,0,0,0,0,0,0,0
1991,134,6.5,2331,0,0,0,0,0,0,0,0,0,0,0,0,0,0,0,0,0,0,0,0
2020,133,1.1,67785,0,0,0,0,0,0,0,0,0,0,0,0,0,0,0,0,0,0,0,0
1987,134,4.2,26,0,0,0,0,1,0,0,0,0,0,0,0,0,0,0,0,0,0,0,0
2012,130,7.1,1345,0,0,0,1,0,0,0,0,0,0,0,0,0,0,0,0,0,0,0,0
1958,137,7.2,66,0,0,0,0,0,0,1,0,0,0,0,0,0,0,0,0,0,0,0,0
1993,134,6.2,22,0,0,0,0,0,0,1,0,0,0,0,0,0,0,0,0,0,0,0,0
2012,90,6.8,59,0,0,0,0,0,1,0,0,0,0,0,0,0,0,0,0,0,0,0,0
1968,155,6.6,133,0,0,0,1,0,0,0,0,0,0,0,0,0,0,0,0,0,0,0,0
1991,134,3.9,17,0,0,0,0,0,0,1,0,0,0,0,0,0,0,0,0,0,0,0,0
2010,200,4.5,75,0,0,0,0,0,0,1,0,0,0,0,0,0,0,0,0,0,0,0,0
1983,141,8.4,3004,0,0,0,0,0,0,1,0,0,0,0,0,0,0,0,0,0,0,0,0
1970,137,7.2,364,0,0,0,0,0,0,1,0,0,0,0,0,0,0,0,0,0,0,0,0
1999,134,4.5,242,0,0,0,0,0,0,0,0,0,0,0,0,0,0,0,0,0,0,0,0
1977,134,7.3,59,1,0,0,0,0,0,0,0,0,0,0,0,0,0,0,0,0,0,0,0
1978,134,5.5,23,0,0,0,1,0,0,0,0,0,0,0,0,0,0,0,0,0,0,0,0
1966,134,5.3,16,0,0,0,0,0,0,1,0,0,0,0,0,0,0,0,0,0,0,0,0
1951,129,6.1,10,0,0,0,0,0,0,1,0,0,0,0,0,0,0,0,0,0,0,0,0
1988,120,6.4,27,0,0,0,0,0,0,1,0,0,0,0,0,0,0,0,0,0,0,0,0
1974,134,7.1,86,0,0,0,1,0,0,0,0,0,0,0,0,0,0,0,0,0,0,0,0
1943,134,6.1,9,0,0,0,0,0,0,0,0,0,0,0,0,0,0,0,0,0,0,1,0
1958,135,5.6,17,0,0,0,0,0,0,1,0,0,0,0,0,0,0,0,0,0,0,0,0
1996,139,6.0,151,0,0,0,0,0,0,0,0,0,0,0,0,0,0,0,0,0,0,0,0
2013,150,6.6,963,0,0,0,0,0,0,0,0,0,0,0,0,0,0,0,0,0,0,0,0
2011,118,7.2,4028,0,0,0,0,0,0,0,0,0,0,0,0,0,0,0,0,0,0,0,0
2018,140,4.4,744,0,0,0,0,0,0,0,0,0,0,0,0,0,0,0,0,0,0,0,0
2013,142,6.8,3857,0,0,0,0,0,0,0,0,0,0,0,0,0,0,0,0,0,0,0,0
1992,134,4.3,71,0,0,0,0,0,0,0,0,0,0,0,0,0,0,0,0,0,0,0,0
1965,134,6.4,10,0,0,0,0,0,0,0,0,0,0,0,0,0,0,1,0,0,0,0,0
1981,133,4.7,15,0,0,0,0,0,0,0,0,0,0,0,0,0,0,0,0,0,0,0,0
2011,119,4.8,263,0,0,0,0,0,0,0,0,0,0,0,0,0,0,0,0,0,0,0,0
1977,134,7.0,27,0,0,0,1,0,0,0,0,0,0,0,0,0,0,0,0,0,0,0,0
1962,152,8.3,1557,0,0,0,0,0,0,1,0,0,0,0,0,0,0,0,0,0,0,0,0
1993,133,5.7,191,0,0,0,0,0,0,0,0,0,0,0,0,0,0,1,0,0,0,0,0
2001,115,8.4,5,0,0,0,0,0,0,1,0,0,0,0,0,0,0,0,0,0,0,0,0
1956,134,7.9,18,0,0,0,0,0,0,1,0,0,0,0,0,0,0,0,0,0,0,0,0
1990,134,5.4,185,0,0,0,0,0,0,1,0,0,0,0,0,0,0,0,0,0,0,0,0
2021,135,4.2,3369,0,0,1,0,0,0,0,0,0,0,0,0,0,0,0,0,0,0,0,0
1993,145,6.1,1158,0,0,0,0,0,0,0,0,0,0,0,0,0,0,0,0,0,0,0,0
2002,150,6.7,18,0,0,0,0,0,0,0,0,0,0,0,0,0,0,0,0,0,0,0,0
1951,134,6.9,21,0,0,0,0,0,0,1,0,0,0,0,0,0,0,0,0,0,0,0,0
1969,147,7.1,61,0,0,0,1,0,0,0,0,0,0,0,0,0,0,0,0,0,0,0,0
1997,134,4.0,6,0,0,0,0,0,0,0,0,0,0,0,0,0,0,0,0,0,0,0,0
1976,134,6.4,7,0,0,0,0,0,0,1,0,0,0,0,0,0,0,0,0,0,0,0,0
1986,132,4.1,9,0,0,0,0,0,0,1,0,0,0,0,0,0,0,0,0,0,0,0,0
1982,138,6.6,223,0,0,0,0,0,0,0,0,0,0,0,0,0,0,0,0,0,0,0,0
1998,165,5.4,421,0,0,0,0,0,0,0,0,0,0,0,0,0,0,0,0,0,0,0,0
1975,129,5.8,62,0,0,0,0,0,0,0,0,0,0,0,0,0,0,0,0,0,0,0,0
2007,77,5.8,36,0,0,0,0,0,0,1,0,0,0,0,0,0,0,0,0,0,0,0,0
1988,113,8.0,8801,0,0,0,0,1,0,0,0,0,0,0,0,0,0,0,0,0,0,0,0
1979,134,5.5,13,0,0,0,0,0,0,1,0,0,0,0,0,0,0,0,0,0,0,0,0
2005,158,6.2,6981,0,0,0,1,0,0,0,0,0,0,0,0,0,0,0,0,0,0,0,0
2017,120,6.4,9,0,0,0,0,0,0,1,0,0,0,0,0,0,0,0,0,0,0,0,0
2007,216,5.1,5260,0,0,0,1,0,0,0,0,0,0,0,0,0,0,0,0,0,0,0,0
1994,134,6.7,55,1,0,0,0,0,0,0,0,0,0,0,0,0,0,0,0,0,0,0,0
1989,111,7.6,456,0,0,0,0,1,0,0,0,0,0,0,0,0,0,0,0,0,0,0,0
2017,109,3.6,39,0,0,0,0,0,0,0,0,0,0,0,0,0,0,1,0,0,0,0,0
1997,149,5.6,26,0,0,0,0,0,0,1,0,0,0,0,0,0,0,0,0,0,0,0,0
1980,128,7.3,6,0,0,0,0,0,0,1,0,0,0,0,0,0,0,0,0,0,0,0,0
1950,165,6.9,34,0,0,0,0,0,0,1,0,0,0,0,0,0,0,0,0,0,0,0,0
1972,139,6.6,110,0,0,0,0,0,0,0,0,0,0,0,0,0,0,0,0,0,0,0,0
1970,162,6.2,14,0,0,0,0,0,0,1,0,0,0,0,0,0,0,0,0,0,0,0,0
1998,126,7.5,31,0,0,0,0,0,0,1,0,0,0,0,0,0,0,0,0,0,0,0,0
1999,148,7.1,466,0,0,0,0,0,0,0,0,0,0,0,0,0,0,0,0,0,0,0,0
1959,145,6.7,9,1,0,0,0,0,0,0,0,0,0,0,0,0,0,0,0,0,0,0,0
1986,134,6.8,11,0,0,0,0,0,0,1,0,0,0,0,0,0,0,0,0,0,0,0,0
2003,136,6.9,1830,0,0,0,0,1,0,0,0,0,0,0,0,0,0,0,0,0,0,0,0
1969,134,6.6,16,0,0,0,0,0,0,1,0,0,0,0,0,0,0,0,0,0,0,0,0
2003,134,6.0,61,0,0,0,0,0,0,1,0,0,0,0,0,0,0,0,0,0,0,0,0
2017,129,5.4,219,0,0,0,0,0,0,1,0,0,0,0,0,0,0,0,0,0,0,0,0
1981,134,3.8,5,0,0,0,0,0,0,1,0,0,0,0,0,0,0,0,0,0,0,0,0
1973,134,6.1,11,0,0,0,0,0,0,1,0,0,0,0,0,0,0,0,0,0,0,0,0
1979,128,6.7,7,0,0,0,0,0,0,1,0,0,0,0,0,0,0,0,0,0,0,0,0
1983,155,7.8,10,0,0,0,0,0,0,0,0,0,0,0,0,0,0,0,0,0,0,0,0
1961,183,7.4,49,0,0,0,0,0,0,1,0,0,0,0,0,0,0,0,0,0,0,0,0
1982,161,5.8,146,0,0,0,0,0,0,0,0,0,0,0,0,0,0,0,0,0,0,0,0
2009,134,4.2,9,0,0,0,0,0,0,0,0,0,0,0,0,0,0,0,0,0,0,0,0
2014,125,6.2,1227,0,0,0,0,0,0,0,0,0,0,0,0,0,1,0,0,0,0,0,0
1958,105,6.1,15,1,0,0,0,0,0,0,0,0,0,0,0,0,0,0,0,0,0,0,0
1964,138,6.0,20,0,0,0,0,0,0,0,0,0,0,0,0,0,0,0,0,0,0,0,0
1999,134,6.6,99,0,0,0,0,0,0,0,0,0,0,0,0,0,0,0,0,0,0,0,0
1986,144,5.5,139,0,0,0,0,0,0,0,0,0,0,0,0,0,0,0,0,0,0,0,0
1956,134,6.4,5,0,0,0,0,0,0,0,0,0,0,0,0,0,0,0,0,0,0,0,0
1951,134,6.7,17,0,0,0,1,0,0,0,0,0,0,0,0,0,0,0,0,0,0,0,0
1997,152,4.8,87,0,0,0,0,0,0,0,0,0,0,0,0,0,0,0,0,0,0,0,0
1991,160,5.4,1212,0,0,0,0,0,0,1,0,0,0,0,0,0,0,0,0,0,0,0,0
1995,134,4.8,16,0,0,0,0,0,0,1,0,0,0,0,0,0,0,0,0,0,0,0,0
2009,134,5.5,12,0,0,0,0,0,0,1,0,0,0,0,0,0,0,0,0,0,0,0,0
2016,120,3.2,2936,0,0,0,0,0,0,1,0,0,0,0,0,0,0,0,0,0,0,0,0
1982,134,6.0,125,0,0,0,0,0,0,0,0,0,0,0,0,0,0,0,0,0,0,0,0
2009,170,4.8,152,0,0,0,0,0,0,0,0,0,0,0,0,0,0,0,0,0,0,0,0
2016,154,7.4,10855,0,0,0,0,0,0,1,0,0,0,0,0,0,0,0,0,0,0,0,0
2005,151,6.9,594,0,0,0,0,0,0,0,0,0,0,0,0,0,0,0,0,0,0,0,0
2021,125,6.3,6489,0,0,0,1,0,0,0,0,0,0,0,0,0,0,0,0,0,0,0,0
2003,134,5.8,17,0,0,0,0,0,0,0,0,0,0,0,0,0,0,0,0,0,1,0,0
2006,152,5.4,819,0,0,0,1,0,0,0,0,0,0,0,0,0,0,0,0,0,0,0,0
1964,238,7.5,1611,0,0,0,0,0,0,1,0,0,0,0,0,0,0,0,0,0,0,0,0
1952,150,7.3,96,0,0,0,0,0,0,1,0,0,0,0,0,0,0,0,0,0,0,0,0
1994,156,4.2,522,0,0,0,0,0,0,1,0,0,0,0,0,0,0,0,0,0,0,0,0
1989,90,8.1,22,0,0,0,0,0,1,0,0,0,0,0,0,0,0,0,0,0,0,0,0
1992,144,5.6,150,0,0,0,0,0,0,1,0,0,0,0,0,0,0,0,0,0,0,0,0
1962,134,6.7,11,0,0,1,0,0,0,0,0,0,0,0,0,0,0,0,0,0,0,0,0
1999,127,6.8,5235,0,0,0,0,0,0,0,0,0,0,0,0,0,0,0,0,0,0,0,0
1993,134,7.1,17,0,0,0,0,0,0,0,0,0,0,0,0,0,0,0,0,0,0,1,0
1976,134,4.5,11,0,0,0,0,0,0,1,0,0,0,0,0,0,0,0,0,0,0,0,0
1950,139,6.7,30,0,0,0,0,0,0,1,0,0,0,0,0,0,0,0,0,0,0,0,0
1993,156,3.2,197,0,0,0,0,0,0,1,0,0,0,0,0,0,0,0,0,0,0,0,0
1995,134,3.5,16,0,0,0,0,1,0,0,0,0,0,0,0,0,0,0,0,0,0,0,0
2018,134,2.8,23,0,0,0,0,0,0,1,0,0,0,0,0,0,0,0,0,0,0,0,0
1964,134,7.0,50,0,0,0,0,0,0,1,0,0,0,0,0,0,0,0,0,0,0,0,0
1943,122,6.9,13,0,0,0,1,0,0,0,0,0,0,0,0,0,0,0,0,0,0,0,0
1961,134,5.9,17,0,0,0,1,0,0,0,0,0,0,0,0,0,0,0,0,0,0,0,0
1972,150,6.2,133,0,0,0,1,0,0,0,0,0,0,0,0,0,0,0,0,0,0,0,0
1985,148,7.0,85,0,0,0,0,0,0,1,0,0,0,0,0,0,0,0,0,0,0,0,0
2018,155,7.7,49199,0,0,1,0,0,0,0,0,0,0,0,0,0,0,0,0,0,0,0,0
2009,120,6.2,609,0,0,0,1,0,0,0,0,0,0,0,0,0,0,0,0,0,0,0,0
2009,155,5.0,136,0,0,0,0,0,0,0,0,0,0,0,0,0,0,0,0,0,0,0,0
1976,113,6.4,18,0,0,0,0,0,0,1,0,0,0,0,0,0,0,0,0,0,0,0,0
1981,125,6.6,42,0,0,0,0,0,0,0,0,0,0,1,0,0,0,0,0,0,0,0,0
1981,134,4.9,9,0,0,0,0,0,0,0,0,0,0,0,0,0,0,0,0,0,1,0,0
1971,134,6.7,7,0,0,0,0,0,0,1,0,0,0,0,0,0,0,0,0,0,0,0,0
1987,134,6.9,166,0,0,0,0,0,0,1,0,0,0,0,0,0,0,0,0,0,0,0,0
1996,165,7.3,67,0,0,0,0,0,0,1,0,0,0,0,0,0,0,0,0,0,0,0,0
1940,139,7.9,45,0,0,0,0,0,0,0,0,1,0,0,0,0,0,0,0,0,0,0,0
1940,137,8.1,9,0,0,1,0,0,0,0,0,0,0,0,0,0,0,0,0,0,0,0,0
1964,134,8.0,10,0,0,0,0,0,0,0,0,0,0,0,0,1,0,0,0,0,0,0,0
1982,129,6.5,10,0,0,1,0,0,0,0,0,0,0,0,0,0,0,0,0,0,0,0,0
1983,134,8.5,6,0,0,0,0,0,0,0,0,1,0,0,0,0,0,0,0,0,0,0,0
1937,131,6.7,229,0,0,1,0,0,0,0,0,0,0,0,0,0,0,0,0,0,0,0,0
2016,112,2.8,247,0,0,0,1,0,0,0,0,0,0,0,0,0,0,0,0,0,0,0,0
1993,161,5.8,40,0,0,0,0,0,0,1,0,0,0,0,0,0,0,0,0,0,0,0,0
1989,146,6.7,37,0,0,0,0,0,0,1,0,0,0,0,0,0,0,0,0,0,0,0,0
2002,150,7.1,545,0,0,0,0,0,0,1,0,0,0,0,0,0,0,0,0,0,0,0,0
1975,155,6.8,62,0,0,0,0,0,0,1,0,0,0,0,0,0,0,0,0,0,0,0,0
1999,134,4.8,11,0,0,0,0,0,0,0,0,0,0,0,0,0,0,0,0,0,0,0,0
1992,162,3.3,141,0,0,0,0,0,0,1,0,0,0,0,0,0,0,0,0,0,0,0,0
1961,134,4.6,5,0,0,0,0,0,0,0,0,0,0,0,0,0,0,1,0,0,0,0,0
1991,134,4.3,20,0,0,0,0,0,0,0,0,0,0,0,0,0,0,0,0,0,0,0,0
1968,168,7.2,80,0,0,0,0,0,0,0,0,0,0,0,0,0,0,1,0,0,0,0,0
1996,158,5.2,1041,0,0,0,0,0,0,0,0,0,0,0,0,0,0,0,0,0,0,0,0
1952,134,6.7,13,0,0,0,0,0,0,0,0,1,0,0,0,0,0,0,0,0,0,0,0
1999,134,6.4,85,0,0,0,0,0,0,1,0,0,0,0,0,0,0,0,0,0,0,0,0
1999,134,3.1,7,0,0,0,0,0,0,0,0,0,0,1,0,0,0,0,0,0,0,0,0
1998,134,2.5,149,0,0,0,0,0,0,0,0,0,0,0,0,0,0,0,0,0,0,0,0
1969,100,7.2,60,0,0,0,0,0,0,1,0,0,0,0,0,0,0,0,0,0,0,0,0
2018,137,6.8,65,0,0,0,0,0,0,0,0,1,0,0,0,0,0,0,0,0,0,0,0
1936,157,6.4,9,0,0,0,0,0,0,0,0,0,0,0,0,0,0,0,0,0,0,1,0
1961,130,4.5,24,0,0,0,0,0,0,0,0,0,0,0,0,0,0,0,0,0,0,0,0
1966,159,7.3,117,0,0,0,1,0,0,0,0,0,0,0,0,0,0,0,0,0,0,0,0
1968,156,6.4,127,0,0,0,0,0,0,1,0,0,0,0,0,0,0,0,0,0,0,0,0
2016,131,7.3,4497,0,0,1,0,0,0,0,0,0,0,0,0,0,0,0,0,0,0,0,0
2016,164,4.7,2361,0,0,0,0,0,0,0,0,0,0,0,0,0,0,0,0,0,0,0,0
1993,175,7.9,715,0,0,1,0,0,0,0,0,0,0,0,0,0,0,0,0,0,0,0,0
1967,134,7.3,10,0,0,0,0,0,0,0,0,0,0,0,0,0,0,0,0,0,0,0,0
1955,134,8.0,15,0,0,1,0,0,0,0,0,0,0,0,0,0,0,0,0,0,0,0,0
2021,139,4.1,3773,0,0,0,1,0,0,0,0,0,0,0,0,0,0,0,0,0,0,0,0
1996,116,6.6,189,0,0,0,0,0,0,1,0,0,0,0,0,0,0,0,0,0,0,0,0
1972,134,4.4,7,0,0,0,1,0,0,0,0,0,0,0,0,0,0,0,0,0,0,0,0
1985,157,5.2,37,0,0,0,0,0,0,1,0,0,0,0,0,0,0,0,0,0,0,0,0
1999,174,8.1,24454,0,0,0,0,0,0,0,0,0,0,0,0,0,0,0,0,0,0,0,0
1979,145,6.8,159,0,0,0,0,0,0,0,0,0,0,0,0,1,0,0,0,0,0,0,0
1950,135,6.9,33,0,0,0,0,0,0,1,0,0,0,0,0,0,0,0,0,0,0,0,0
2017,106,6.2,33,0,0,0,0,0,0,1,0,0,0,0,0,0,0,0,0,0,0,0,0
1960,118,7.5,20,0,0,0,0,0,0,1,0,0,0,0,0,0,0,0,0,0,0,0,0
2006,117,3.9,116,0,0,0,0,0,0,0,0,0,0,0,0,0,0,0,0,0,0,0,0
1995,134,3.3,12,0,0,0,0,0,0,0,0,0,0,0,0,0,0,0,0,0,0,0,0
2005,126,7.0,39,0,0,0,0,0,0,1,0,0,0,0,0,0,0,0,0,0,0,0,0
2005,124,7.6,16038,0,0,0,0,0,0,0,0,0,0,0,0,0,0,0,0,0,0,0,0
2017,130,4.9,1905,0,0,0,0,0,0,0,0,0,0,0,0,0,0,0,0,0,0,0,0
2008,125,6.7,7295,0,0,0,0,0,0,0,0,0,0,0,0,0,0,0,0,0,0,0,0
1979,135,4.8,10,0,0,0,0,0,0,1,0,0,0,0,0,0,0,0,0,0,0,0,0
1992,134,4.8,43,0,0,0,0,0,0,0,0,0,0,0,0,0,0,0,0,0,0,0,0
1986,148,5.3,12,0,0,0,0,0,0,1,0,0,0,0,0,0,0,0,0,0,0,0,0
1961,134,6.4,36,0,0,0,0,0,0,0,0,0,0,0,0,0,0,0,0,0,0,0,0
1984,164,5.4,11,0,0,0,0,0,0,1,0,0,0,0,0,0,0,0,0,0,0,0,0
1980,114,6.7,68,0,0,0,0,0,0,1,0,0,0,0,0,0,0,0,0,0,0,0,0
2019,135,6.3,928,0,0,0,0,0,0,0,0,0,0,0,0,0,0,0,0,0,0,0,0
2008,137,5.0,210,0,0,0,0,0,0,0,0,0,0,0,0,0,0,0,0,0,0,0,0
1977,134,5.3,18,0,0,1,0,0,0,0,0,0,0,0,0,0,0,0,0,0,0,0,0
1983,134,5.6,11,0,0,0,0,0,0,1,0,0,0,0,0,0,0,0,0,0,0,0,0
1964,134,6.9,7,0,0,0,0,0,0,0,0,1,0,0,0,0,0,0,0,0,0,0,0
2011,115,5.3,66,0,0,0,1,0,0,0,0,0,0,0,0,0,0,0,0,0,0,0,0
2003,153,6.8,544,0,0,0,0,1,0,0,0,0,0,0,0,0,0,0,0,0,0,0,0
1959,134,6.5,23,0,0,0,0,0,0,1,0,0,0,0,0,0,0,0,0,0,0,0,0
1982,160,7.2,3139,0,0,0,0,0,0,0,0,0,0,0,0,0,0,0,0,0,0,0,0
1998,170,8.2,13918,0,0,0,0,0,0,0,0,0,0,0,0,0,0,0,0,0,0,0,0
2013,142,5.9,940,0,0,0,0,0,0,0,0,0,0,0,0,0,0,0,0,0,0,0,0
2007,134,3.8,8,0,0,0,0,0,0,1,0,0,0,0,0,0,0,0,0,0,0,0,0
2013,152,5.9,4964,0,0,0,0,0,0,1,0,0,0,0,0,0,0,0,0,0,0,0,0
1982,131,7.2,103,0,0,0,0,0,1,0,0,0,0,0,0,0,0,0,0,0,0,0,0
1969,175,8.2,690,0,0,0,0,0,0,1,0,0,0,0,0,0,0,0,0,0,0,0,0
1978,172,7.1,999,0,0,0,0,0,0,1,0,0,0,0,0,0,0,0,0,0,0,0,0
1987,134,6.7,94,0,0,0,0,0,0,0,0,0,0,0,0,0,0,0,0,0,0,0,0
2000,141,5.2,90,0,0,0,0,1,0,0,0,0,0,0,0,0,0,0,0,0,0,0,0
2018,140,5.7,6302,0,0,0,0,0,0,0,0,0,0,0,0,0,0,0,0,0,0,0,0
2016,134,8.2,94,0,0,0,0,1,0,0,0,0,0,0,0,0,0,0,0,0,0,0,0
1991,158,4.0,46,0,0,0,0,0,0,0,0,0,0,0,0,0,1,0,0,0,0,0,0
1980,134,6.0,40,0,0,0,0,0,0,1,0,0,0,0,0,0,0,0,0,0,0,0,0
2004,110,7.2,70,0,0,0,0,0,0,1,0,0,0,0,0,0,0,0,0,0,0,0,0
1989,134,3.4,17,0,0,0,0,0,0,0,0,0,0,1,0,0,0,0,0,0,0,0,0
1995,132,3.8,24,0,0,0,0,0,0,0,0,0,0,0,0,0,0,1,0,0,0,0,0
1973,131,7.2,733,0,0,0,0,0,0,1,0,0,0,0,0,0,0,0,0,0,0,0,0
1991,213,6.8,1279,0,0,0,0,0,0,0,0,0,0,0,0,0,0,0,0,0,0,0,0
1991,153,5.8,925,0,0,0,0,0,0,0,0,0,0,0,0,0,0,0,0,0,0,0,0
2001,97,3.8,6,0,0,0,0,0,0,0,0,0,0,0,0,0,0,0,0,0,0,0,0
1999,139,4.7,13,0,0,0,0,0,0,0,0,0,0,0,0,0,0,0,0,0,0,0,0
1962,134,7.3,10,0,0,0,0,0,0,1,0,0,0,0,0,0,0,0,0,0,0,0,0
1996,144,6.0,25,0,0,0,0,0,0,1,0,0,0,0,0,0,0,0,0,0,0,0,0
1958,134,7.2,9,0,0,0,0,1,0,0,0,0,0,0,0,0,0,0,0,0,0,0,0
1986,135,6.2,58,0,0,0,0,0,0,1,0,0,0,0,0,0,0,0,0,0,0,0,0
1982,123,6.1,56,0,0,0,0,0,0,1,0,0,0,0,0,0,0,0,0,0,0,0,0
1970,155,6.5,41,0,0,0,0,0,0,0,0,0,0,0,0,0,0,0,0,0,0,0,0
1966,136,6.3,55,0,0,0,0,0,0,0,0,0,0,0,0,1,0,0,0,0,0,0,0
1979,153,7.6,64,0,0,0,0,0,0,0,0,0,0,0,0,1,0,0,0,0,0,0,0
2007,130,6.3,94,0,0,0,0,0,0,1,0,0,0,0,0,0,0,0,0,0,0,0,0
2012,115,5.5,14,0,0,0,0,0,0,0,0,0,0,0,0,0,0,1,0,0,0,0,0
2020,111,7.6,566,0,0,0,0,0,0,0,0,0,0,0,0,0,0,0,0,0,0,0,0
1951,111,6.2,36,0,0,0,0,0,0,1,0,0,0,0,0,0,0,0,0,0,0,0,0
1972,134,5.0,6,0,0,0,0,0,0,0,0,0,0,0,0,0,0,0,0,0,0,0,0
1981,134,7.0,80,0,0,0,0,1,0,0,0,0,0,0,0,0,0,0,0,0,0,0,0
2004,134,6.6,13,0,0,0,0,0,0,1,0,0,0,0,0,0,0,0,0,0,0,0,0
1999,134,8.0,50,0,0,0,0,0,0,1,0,0,0,0,0,0,0,0,0,0,0,0,0
1958,185,7.0,18,0,0,0,0,0,0,0,0,0,0,0,0,0,0,0,0,0,0,1,0
2020,104,2.5,25,0,0,0,0,0,0,0,0,0,0,0,0,0,0,0,0,0,1,0,0
2019,120,5.3,406,0,0,0,0,1,0,0,0,0,0,0,0,0,0,0,0,0,0,0,0
2006,85,6.0,856,1,0,0,0,0,0,0,0,0,0,0,0,0,0,0,0,0,0,0,0
2021,58,4.1,553,0,0,0,0,0,1,0,0,0,0,0,0,0,0,0,0,0,0,0,0
2019,47,6.5,32,0,0,0,0,0,0,1,0,0,0,0,0,0,0,0,0,0,0,0,0
2015,105,3.8,156,0,0,0,1,0,0,0,0,0,0,0,0,0,0,0,0,0,0,0,0
2012,130,7.5,55,0,0,0,0,0,0,1,0,0,0,0,0,0,0,0,0,0,0,0,0
2020,134,8.6,21,0,0,0,0,0,0,1,0,0,0,0,0,0,0,0,0,0,0,0,0
2017,150,7.8,21923,0,0,0,0,0,0,1,0,0,0,0,0,0,0,0,0,0,0,0,0
2021,56,9.3,1373,0,0,0,0,0,1,0,0,0,0,0,0,0,0,0,0,0,0,0,0
2008,134,3.8,9,0,1,0,0,0,0,0,0,0,0,0,0,0,0,0,0,0,0,0,0
2019,124,8.1,13045,0,0,0,0,1,0,0,0,0,0,0,0,0,0,0,0,0,0,0,0
2018,104,6.8,1117,0,0,0,0,0,0,1,0,0,0,0,0,0,0,0,0,0,0,0,0
2017,116,7.5,20275,0,0,0,1,0,0,0,0,0,0,0,0,0,0,0,0,0,0,0,0
1971,134,6.0,13,0,0,0,0,0,0,1,0,0,0,0,0,0,0,0,0,0,0,0,0
1955,140,6.8,103,0,0,0,0,0,0,1,0,0,0,0,0,0,0,0,0,0,0,0,0
1984,134,6.8,12,0,0,0,0,0,0,1,0,0,0,0,0,0,0,0,0,0,0,0,0
1934,134,6.4,9,0,0,0,0,0,0,0,0,0,0,0,0,0,0,0,0,0,0,1,0
1972,162,6.8,1768,1,0,0,0,0,0,0,0,0,0,0,0,0,0,0,0,0,0,0,0
2010,142,4.4,119,0,0,0,0,0,0,0,0,0,0,0,0,0,0,0,0,0,0,0,0
1994,114,6.8,44,0,0,0,0,0,0,0,0,0,0,0,0,0,0,0,0,0,0,0,0
2005,125,7.7,2082,0,0,0,0,0,0,0,0,0,0,0,0,0,0,0,0,0,0,0,0
1963,134,6.0,40,0,0,0,0,0,0,1,0,0,0,0,0,0,0,0,0,0,0,0,0
1996,150,6.9,15,0,0,0,0,0,0,0,0,0,0,0,0,0,0,0,0,0,0,0,0
2020,114,6.8,6382,0,0,0,1,0,0,0,0,0,0,0,0,0,0,0,0,0,0,0,0
2019,126,5.3,246,0,0,0,0,0,0,0,0,0,0,0,0,0,0,0,0,0,1,0,0
1975,134,6.7,9,0,0,0,0,0,0,1,0,0,0,0,0,0,0,0,0,0,0,0,0
1962,134,7.2,28,0,0,0,0,0,0,0,0,0,0,0,0,0,0,0,0,0,0,0,0
2017,127,5.2,11,0,0,0,0,0,0,1,0,0,0,0,0,0,0,0,0,0,0,0,0
2004,134,5.1,99,0,0,0,1,0,0,0,0,0,0,0,0,0,0,0,0,0,0,0,0
2006,152,4.1,1143,0,0,0,1,0,0,0,0,0,0,0,0,0,0,0,0,0,0,0,0
1972,134,5.1,28,0,0,0,1,0,0,0,0,0,0,0,0,0,0,0,0,0,0,0,0
2019,90,6.9,7,0,0,0,0,0,0,1,0,0,0,0,0,0,0,0,0,0,0,0,0
2014,145,5.6,3882,0,0,0,1,0,0,0,0,0,0,0,0,0,0,0,0,0,0,0,0
2017,137,7.6,13387,0,0,0,0,0,0,1,0,0,0,0,0,0,0,0,0,0,0,0,0
2005,129,3.5,892,0,0,0,1,0,0,0,0,0,0,0,0,0,0,0,0,0,0,0,0
2006,122,4.1,737,0,0,0,1,0,0,0,0,0,0,0,0,0,0,0,0,0,0,0,0
2018,140,4.9,180,0,0,0,1,0,0,0,0,0,0,0,0,0,0,0,0,0,0,0,0
2021,94,6.0,191,0,0,0,0,0,0,1,0,0,0,0,0,0,0,0,0,0,0,0,0
1980,181,7.1,2596,0,0,0,0,0,0,0,0,0,0,0,0,0,0,0,0,0,0,0,0
2015,144,3.5,5250,0,0,0,1,0,0,0,0,0,0,0,0,0,0,0,0,0,0,0,0
2010,145,5.4,844,1,0,0,0,0,0,0,0,0,0,0,0,0,0,0,0,0,0,0,0
1979,134,5.3,14,0,0,0,0,0,0,1,0,0,0,0,0,0,0,0,0,0,0,0,0
1954,134,5.5,25,0,0,0,0,0,0,1,0,0,0,0,0,0,0,0,0,0,0,0,0
2005,140,5.1,1359,0,0,0,0,0,0,1,0,0,0,0,0,0,0,0,0,0,0,0,0
1949,154,6.6,32,0,0,0,0,0,0,1,0,0,0,0,0,0,0,0,0,0,0,0,0
1964,134,5.4,18,0,0,0,0,0,0,0,0,0,0,0,0,0,0,0,0,0,0,0,0
2005,150,6.2,56,0,0,0,0,0,0,0,0,0,0,0,0,0,0,0,0,0,0,0,0
2011,98,5.6,136,0,0,0,0,0,0,0,0,0,0,0,0,0,0,0,0,0,0,0,0
2015,99,7.4,20,0,0,0,0,0,0,1,0,0,0,0,0,0,0,0,0,0,0,0,0
1935,134,5.1,8,0,0,0,0,0,0,0,0,0,0,1,0,0,0,0,0,0,0,0,0
2009,134,4.9,55,0,0,0,0,0,0,0,0,0,0,0,0,0,0,0,0,0,0,0,0
1990,134,5.3,15,0,0,0,0,0,0,0,0,0,0,0,0,0,0,0,0,0,0,0,0
1967,134,7.0,123,0,0,0,1,0,0,0,0,0,0,0,0,0,0,0,0,0,0,0,0
2011,143,7.1,1946,0,0,0,0,0,0,0,0,0,0,0,0,0,0,0,0,0,0,0,0
1934,134,6.0,8,0,0,0,0,0,0,0,0,0,0,0,0,0,0,0,0,0,0,1,0
1948,164,7.2,74,0,0,0,0,0,0,1,0,0,0,0,0,0,0,0,0,0,0,0,0
1965,150,7.9,344,0,0,1,0,0,0,0,0,0,0,0,0,0,0,0,0,0,0,0,0
1963,134,6.8,24,0,0,1,0,0,0,0,0,0,0,0,0,0,0,0,0,0,0,0,0
2018,134,6.1,7,0,0,1,0,0,0,0,0,0,0,0,0,0,0,0,0,0,0,0,0
1954,134,7.5,13,0,0,0,0,0,0,0,0,0,0,0,0,0,0,0,0,0,0,1,0
2002,173,6.8,27,0,0,1,0,0,0,0,0,0,0,0,0,0,0,0,0,0,0,0,0
1988,175,6.3,1945,0,0,0,0,0,0,0,0,0,0,0,0,0,0,0,0,0,0,0,0
1953,123,4.6,9,0,0,0,0,0,0,0,0,0,0,0,0,0,0,0,0,0,0,0,0
2012,129,8.2,15659,0,0,1,0,0,0,0,0,0,0,0,0,0,0,0,0,0,0,0,0
1946,121,6.9,30,0,0,0,0,0,0,1,0,0,0,0,0,0,0,0,0,0,0,0,0
2006,73,7.4,25,0,0,0,1,0,0,0,0,0,0,0,0,0,0,0,0,0,0,0,0
2010,89,5.0,1043,0,0,0,1,0,0,0,0,0,0,0,0,0,0,0,0,0,0,0,0
1949,138,7.1,21,0,0,0,0,0,0,0,0,0,0,0,0,0,0,1,0,0,0,0,0
1974,121,5.4,19,0,0,0,0,0,0,0,0,0,0,0,0,0,0,0,0,0,0,0,0
2011,121,7.2,8146,0,0,0,0,0,0,0,0,0,0,0,0,0,0,0,0,0,0,0,0
1979,134,6.2,10,1,0,0,0,0,0,0,0,0,0,0,0,0,0,0,0,0,0,0,0
1998,134,3.2,6,0,0,0,0,0,0,0,0,0,0,1,0,0,0,0,0,0,0,0,0
2006,79,4.3,6,0,0,0,0,0,0,0,0,0,0,1,0,0,0,0,0,0,0,0,0
1990,128,4.8,51,0,0,0,0,0,0,0,0,0,0,1,0,0,0,0,0,0,0,0,0
1994,134,5.4,12,0,0,0,0,0,0,0,0,0,0,0,0,0,0,0,0,0,0,0,0
2011,140,4.9,39,0,0,0,1,0,0,0,0,0,0,0,0,0,0,0,0,0,0,0,0
2007,129,2.3,604,0,0,0,0,0,0,1,0,0,0,0,0,0,0,0,0,0,0,0,0
2020,126,3.2,528,0,0,1,0,0,0,0,0,0,0,0,0,0,0,0,0,0,0,0,0
1965,120,6.8,685,0,0,0,0,0,0,1,0,0,0,0,0,0,0,0,0,0,0,0,0
1981,134,5.4,10,0,0,0,0,0,0,0,0,0,0,0,0,0,0,0,0,0,0,0,0
2002,170,6.0,4669,0,0,0,0,0,0,0,0,0,0,0,0,0,0,0,0,0,0,0,0
1982,166,7.7,1959,0,0,0,0,0,0,0,0,0,0,0,0,0,0,0,0,0,0,0,0
1993,155,2.6,176,0,0,0,0,0,0,0,0,0,0,0,0,0,0,0,0,0,0,0,0
1947,76,6.7,6,0,0,0,0,0,0,1,0,0,0,0,0,0,0,0,0,0,0,0,0
2020,127,6.1,8456,0,0,1,0,0,0,0,0,0,0,0,0,0,0,0,0,0,0,0,0
1978,137,6.3,529,0,0,0,0,0,0,0,0,0,0,0,0,0,0,0,0,0,0,0,0
1998,160,3.5,61,0,0,0,0,0,0,0,0,0,0,0,0,0,0,0,0,0,0,0,0
1981,134,6.9,13,0,0,0,0,1,0,0,0,0,0,0,0,0,0,0,0,0,0,0,0
1961,149,6.5,10,0,0,0,0,0,0,1,0,0,0,0,0,0,0,0,0,0,0,0,0
1954,147,6.6,23,0,0,0,0,0,0,1,0,0,0,0,0,0,0,0,0,0,0,0,0
2015,155,6.8,7099,0,0,0,0,0,0,1,0,0,0,0,0,0,0,0,0,0,0,0,0
1989,134,4.4,13,0,0,0,0,0,0,1,0,0,0,0,0,0,0,0,0,0,0,0,0
1974,145,6.8,29,0,0,0,0,0,0,1,0,0,0,0,0,0,0,0,0,0,0,0,0
1990,146,5.2,42,0,0,0,0,0,0,0,0,0,0,0,0,0,0,0,0,0,0,0,0
2012,120,7.2,9804,0,0,0,0,1,0,0,0,0,0,0,0,0,0,0,0,0,0,0,0
1976,130,6.5,26,0,0,0,0,0,0,1,0,0,0,0,0,0,0,0,0,0,0,0,0
1977,134,6.5,15,0,0,0,0,0,0,1,0,0,0,0,0,0,0,0,0,0,0,0,0
1966,140,5.6,5,0,0,0,0,0,0,0,0,0,0,0,0,0,0,0,0,0,0,0,0
1976,137,5.5,25,0,0,0,0,0,0,0,0,0,0,0,0,0,0,0,0,0,0,0,0
1991,134,5.4,47,0,0,0,0,0,0,0,0,0,0,0,0,0,0,0,0,0,0,0,0
1991,142,6.0,101,0,0,0,0,0,0,0,0,0,0,0,0,0,0,0,0,0,0,0,0
1984,128,4.3,11,0,0,0,0,0,0,0,0,0,0,0,0,0,0,0,0,0,0,0,0
1997,140,5.5,90,0,0,0,0,0,0,0,0,0,0,0,0,0,0,0,0,0,0,0,0
1976,134,7.1,50,0,0,0,0,0,0,1,0,0,0,0,0,0,0,0,0,0,0,0,0
1984,180,7.4,2716,0,0,0,1,0,0,0,0,0,0,0,0,0,0,0,0,0,0,0,0
1964,134,7.5,71,0,0,0,0,0,0,1,0,0,0,0,0,0,0,0,0,0,0,0,0
1957,128,6.6,101,0,0,0,0,0,0,1,0,0,0,0,0,0,0,0,0,0,0,0,0
1970,120,7.1,77,0,0,0,0,0,0,1,0,0,0,0,0,0,0,0,0,0,0,0,0
1976,115,5.8,24,0,0,0,0,0,0,1,0,0,0,0,0,0,0,0,0,0,0,0,0
2015,108,4.9,273,0,0,0,1,0,0,0,0,0,0,0,0,0,0,0,0,0,0,0,0
1984,135,6.8,27,0,0,0,0,0,0,0,0,0,0,0,0,0,0,0,0,0,0,0,0
1959,134,6.2,9,0,0,0,1,0,0,0,0,0,0,0,0,0,0,0,0,0,0,0,0
1972,134,6.7,24,0,0,0,0,0,0,1,0,0,0,0,0,0,0,0,0,0,0,0,0
2002,155,4.6,448,0,0,0,1,0,0,0,0,0,0,0,0,0,0,0,0,0,0,0,0
1942,134,5.6,5,0,0,0,0,0,0,1,0,0,0,0,0,0,0,0,0,0,0,0,0
1981,126,5.5,19,0,0,0,0,0,0,1,0,0,0,0,0,0,0,0,0,0,0,0,0
1997,134,4.4,7,0,0,0,0,0,0,1,0,0,0,0,0,0,0,0,0,0,0,0,0
1973,134,6.8,52,0,0,0,0,0,0,0,0,0,0,0,0,0,0,0,0,0,0,0,0
2019,122,4.9,251,0,0,0,1,0,0,0,0,0,0,0,0,0,0,0,0,0,0,0,0
1971,164,7.0,154,0,0,0,0,0,0,0,0,0,0,0,0,0,1,0,0,0,0,0,0
1969,136,6.7,36,0,0,0,0,0,0,0,0,0,0,0,0,0,1,0,0,0,0,0,0
1954,134,5.8,9,0,0,0,0,0,0,1,0,0,0,0,0,0,0,0,0,0,0,0,0
1986,134,6.4,40,0,0,0,0,0,0,1,0,0,0,0,0,0,0,0,0,0,0,0,0
2004,136,3.5,152,0,0,0,0,0,0,1,0,0,0,0,0,0,0,0,0,0,0,0,0
1996,144,4.6,83,0,0,0,0,0,0,0,0,0,0,0,0,0,0,0,0,0,0,0,0
1993,134,6.3,96,0,0,0,1,0,0,0,0,0,0,0,0,0,0,0,0,0,0,0,0
1956,134,6.7,6,0,0,0,0,0,0,1,0,0,0,0,0,0,0,0,0,0,0,0,0
1969,168,6.1,32,0,0,0,0,0,0,0,0,0,0,0,0,0,0,0,0,0,1,0,0
1986,157,6.9,40,0,0,0,0,0,0,0,0,0,0,0,0,0,0,0,0,0,0,0,0
1982,127,7.2,446,0,0,0,1,0,0,0,0,0,0,0,0,0,0,0,0,0,0,0,0
2016,125,6.1,30,0,0,0,1,0,0,0,0,0,0,0,0,0,0,0,0,0,0,0,0
2008,149,7.3,3995,0,0,0,0,1,0,0,0,0,0,0,0,0,0,0,0,0,0,0,0
2004,134,6.2,73,0,0,0,0,0,0,0,0,0,0,0,0,0,0,0,0,0,0,0,0
1950,144,7.4,15,0,0,0,0,0,0,1,0,0,0,0,0,0,0,0,0,0,0,0,0
1986,113,7.2,53,0,0,0,0,0,0,1,0,0,0,0,0,0,0,0,0,0,0,0,0
2005,134,3.4,264,0,0,0,0,0,0,1,0,0,0,0,0,0,0,0,0,0,0,0,0
1984,134,6.0,6,0,0,0,0,1,0,0,0,0,0,0,0,0,0,0,0,0,0,0,0
2011,115,3.9,34,0,0,0,1,0,0,0,0,0,0,0,0,0,0,0,0,0,0,0,0
1964,120,6.5,13,0,0,0,0,0,0,1,0,0,0,0,0,0,0,0,0,0,0,0,0
1964,134,5.7,17,0,0,0,0,0,0,0,0,0,0,0,0,1,0,0,0,0,0,0,0
1947,133,4.2,5,0,0,0,0,0,0,0,0,0,0,0,0,0,0,1,0,0,0,0,0
2020,62,8.5,92,0,0,0,1,0,0,0,0,0,0,0,0,0,0,0,0,0,0,0,0
1989,134,4.7,34,0,0,0,0,0,0,0,0,0,0,0,0,0,0,0,0,0,0,0,0
1972,134,6.6,47,0,0,0,0,0,0,1,0,0,0,0,0,0,0,0,0,0,0,0,0
1956,112,5.4,9,0,0,0,0,0,0,0,0,0,0,0,0,0,0,0,0,0,0,0,0
2017,110,4.0,20,0,0,0,0,0,0,0,0,0,0,1,0,0,0,0,0,0,0,0,0
1990,134,4.6,26,0,0,0,0,0,0,0,0,0,0,0,0,0,0,0,0,0,0,0,0
1998,134,5.4,8,0,0,0,0,0,0,0,0,0,0,0,0,0,0,0,0,0,0,0,0
1987,134,6.2,12,0,0,0,0,0,0,0,0,0,1,0,0,0,0,0,0,0,0,0,0
1999,125,5.1,56,0,0,0,0,0,0,0,0,0,0,0,0,0,0,0,0,0,0,0,0
1990,134,4.1,8,0,0,0,0,0,0,0,0,0,0,0,0,0,0,0,0,0,0,0,0
1985,134,8.1,17,0,0,0,0,0,0,0,0,0,0,0,0,0,0,0,0,0,0,0,0
1997,134,5.0,44,0,0,0,0,0,0,0,0,0,0,0,0,0,0,0,0,0,0,0,0
1988,134,4.6,45,0,0,0,0,0,0,0,0,0,0,0,0,0,0,0,0,0,0,0,0
1957,134,6.8,12,0,0,0,0,0,0,1,0,0,0,0,0,0,0,0,0,0,0,0,0
1990,145,4.5,81,0,0,0,0,0,0,0,0,0,0,0,0,0,0,0,0,0,0,0,0
1996,134,5.3,20,0,0,0,0,0,0,0,0,0,0,0,0,0,0,0,0,0,0,0,0
2004,134,4.9,34,0,0,0,0,0,0,0,0,0,0,0,0,0,0,0,0,0,0,0,0
2000,135,3.6,28,0,0,0,0,0,0,0,0,0,0,0,0,0,0,0,0,0,0,0,0
1968,139,6.6,111,0,0,0,0,0,0,0,0,0,0,0,0,0,1,0,0,0,0,0,0
2020,118,3.8,6399,0,0,0,0,0,0,1,0,0,0,0,0,0,0,0,0,0,0,0,0
2000,160,4.6,431,0,0,0,0,1,0,0,0,0,0,0,0,0,0,0,0,0,0,0,0
1963,139,5.7,41,0,0,0,0,0,0,0,0,0,0,0,0,0,0,0,0,0,0,0,0
1991,162,5.6,55,0,0,0,0,0,0,0,0,0,0,0,0,0,0,0,0,0,0,0,0
1953,110,7.0,41,0,0,0,0,0,0,1,0,0,0,0,0,0,0,0,0,0,0,0,0
2005,162,4.9,1061,0,0,0,0,0,0,1,0,0,0,0,0,0,0,0,0,0,0,0,0
1979,125,5.6,9,0,0,0,0,0,0,1,0,0,0,0,0,0,0,0,0,0,0,0,0
2020,129,4.6,1322,0,0,0,1,0,0,0,0,0,0,0,0,0,0,0,0,0,0,0,0
2012,139,8.1,6922,0,0,0,0,0,0,1,0,0,0,0,0,0,0,0,0,0,0,0,0
1977,140,7.0,229,0,0,1,0,0,0,0,0,0,0,0,0,0,0,0,0,0,0,0,0
2001,150,4.8,178,0,0,0,0,0,0,1,0,0,0,0,0,0,0,0,0,0,0,0,0
1956,134,7.2,30,1,0,0,0,0,0,0,0,0,0,0,0,0,0,0,0,0,0,0,0
2012,111,4.2,1023,0,0,0,0,0,0,0,0,0,0,0,0,0,0,1,0,0,0,0,0
1982,134,6.4,8,0,0,0,0,0,0,0,0,1,0,0,0,0,0,0,0,0,0,0,0
1991,134,4.3,24,0,0,0,0,0,0,0,0,0,0,0,0,0,0,0,0,0,0,0,0
1989,161,8.1,3399,0,0,0,0,0,0,0,0,0,0,0,0,0,0,0,0,0,0,0,0
2006,160,3.9,330,0,0,0,0,0,0,0,0,0,0,0,0,0,0,0,0,0,0,0,0
1991,134,5.8,8,0,0,0,0,0,0,0,0,0,0,0,0,0,0,0,0,0,0,0,0
1985,125,4.6,49,0,0,0,0,0,0,0,0,0,0,0,0,0,0,0,0,0,0,0,0
1988,153,4.7,29,0,0,0,0,0,0,0,0,0,0,0,0,0,0,0,0,0,0,0,0
2016,153,6.2,9909,0,0,0,0,0,0,0,0,0,0,0,0,0,0,0,0,0,0,0,0
2004,100,4.2,14,0,0,0,1,0,0,0,0,0,0,0,0,0,0,0,0,0,0,0,0
2012,105,6.2,19,0,0,0,0,0,0,1,0,0,0,0,0,0,0,0,0,0,0,0,0
1981,134,6.9,11,0,0,0,0,0,0,1,0,0,0,0,0,0,0,0,0,0,0,0,0
1996,134,6.4,5,0,0,0,0,0,0,1,0,0,0,0,0,0,0,0,0,0,0,0,0
2018,67,5.2,101,0,0,0,0,0,0,0,0,0,0,0,0,0,0,0,0,0,1,0,0
1961,135,7.3,48,0,0,0,0,0,0,1,0,0,0,0,0,0,0,0,0,0,0,0,0
1992,165,6.5,932,0,0,0,0,0,0,0,0,0,0,0,0,0,0,0,0,0,0,0,0
2002,134,2.8,15,0,0,0,0,0,0,0,0,0,0,0,0,0,0,0,0,0,0,0,0
1975,162,8.2,52511,0,0,0,0,0,0,0,0,0,0,0,0,0,0,0,0,0,0,0,0
1953,134,7.1,29,0,0,0,0,0,0,1,0,0,0,0,0,0,0,0,0,0,0,0,0
1999,138,7.7,2932,0,0,0,0,0,0,0,0,0,0,0,0,0,0,0,0,0,0,0,0
2006,100,6.8,31,0,0,0,0,0,0,1,0,0,0,0,0,0,0,0,0,0,0,0,0
1988,147,5.0,8,0,0,0,0,0,0,1,0,0,0,0,0,0,0,0,0,0,0,0,0
2007,122,7.1,9607,0,0,0,0,0,0,0,0,0,0,0,0,0,0,0,0,0,0,0,0
2013,155,5.9,6439,0,0,0,0,0,0,0,0,0,0,0,0,0,0,0,0,0,0,0,0
1972,170,7.2,337,0,0,0,0,0,0,1,0,0,0,0,0,0,0,0,0,0,0,0,0
2010,112,7.2,3502,0,0,0,0,1,0,0,0,0,0,0,0,0,0,0,0,0,0,0,0
2016,125,6.6,145,0,0,0,0,0,0,1,0,0,0,0,0,0,0,0,0,0,0,0,0
2016,132,5.7,268,0,0,0,0,0,0,1,0,0,0,0,0,0,0,0,0,0,0,0,0
2013,146,2.3,252,0,0,0,0,0,0,0,0,0,0,0,0,0,0,0,0,0,0,0,0
2016,101,6.4,70,1,0,0,0,0,0,0,0,0,0,0,0,0,0,0,0,0,0,0,0
2009,142,3.4,884,0,0,0,1,0,0,0,0,0,0,0,0,0,0,0,0,0,0,0,0
2013,95,6.5,444,0,0,0,0,0,0,1,0,0,0,0,0,0,0,0,0,0,0,0,0
2007,108,3.6,114,0,0,0,0,0,0,0,0,0,0,0,0,0,0,0,0,0,0,0,0
1981,139,7.3,18,0,0,0,0,0,0,1,0,0,0,0,0,0,0,0,0,0,0,0,0
1984,134,7.5,8,0,0,0,0,0,0,1,0,0,0,0,0,0,0,0,0,0,0,0,0
2013,109,6.3,269,0,0,0,0,0,0,0,0,0,0,0,0,0,0,0,1,0,0,0,0
1955,168,8.0,2612,0,0,0,1,0,0,0,0,0,0,0,0,0,0,0,0,0,0,0,0
1962,139,7.5,6,1,0,0,0,0,0,0,0,0,0,0,0,0,0,0,0,0,0,0,0
1971,136,7.0,6,1,0,0,0,0,0,0,0,0,0,0,0,0,0,0,0,0,0,0,0
1965,134,7.6,5,1,0,0,0,0,0,0,0,0,0,0,0,0,0,0,0,0,0,0,0
2017,93,7.2,92,0,0,0,0,0,0,1,0,0,0,0,0,0,0,0,0,0,0,0,0
1993,152,4.8,135,0,0,0,1,0,0,0,0,0,0,0,0,0,0,0,0,0,0,0,0
1965,134,6.0,26,0,0,0,1,0,0,0,0,0,0,0,0,0,0,0,0,0,0,0,0
1954,134,6.8,6,0,0,1,0,0,0,0,0,0,0,0,0,0,0,0,0,0,0,0,0
1985,143,8.2,19,0,0,0,0,0,0,0,0,0,0,0,0,1,0,0,0,0,0,0,0
1971,134,7.3,19,1,0,0,0,0,0,0,0,0,0,0,0,0,0,0,0,0,0,0,0
1943,134,6.5,8,0,0,0,0,0,0,0,0,0,0,0,0,0,0,0,0,0,0,1,0
2007,134,4.3,7,0,0,0,0,0,0,1,0,0,0,0,0,0,0,0,0,0,0,0,0
1960,146,7.0,68,0,0,0,0,0,0,0,0,0,0,0,0,0,0,0,0,0,0,0,0
1982,145,6.4,139,0,0,0,1,0,0,0,0,0,0,0,0,0,0,0,0,0,0,0,0
1968,160,6.6,29,0,0,0,0,0,0,1,0,0,0,0,0,0,0,0,0,0,0,0,0
1952,134,4.1,7,0,0,0,1,0,0,0,0,0,0,0,0,0,0,0,0,0,0,0,0
2013,126,5.0,7,0,0,0,0,0,0,1,0,0,0,0,0,0,0,0,0,0,0,0,0
1983,138,6.3,16,0,0,0,1,0,0,0,0,0,0,0,0,0,0,0,0,0,0,0,0
2017,119,6.9,9094,0,0,0,1,0,0,0,0,0,0,0,0,0,0,0,0,0,0,0,0
2020,117,5.8,8208,0,0,0,1,0,0,0,0,0,0,0,0,0,0,0,0,0,0,0,0
2020,52,4.5,67,0,0,0,0,0,0,0,0,0,0,1,0,0,0,0,0,0,0,0,0
2013,141,6.0,8447,0,0,0,1,0,0,0,0,0,0,0,0,0,0,0,0,0,0,0,0
2017,114,7.9,374,0,0,0,0,1,0,0,0,0,0,0,0,0,0,0,0,0,0,0,0
2012,134,6.8,215,0,0,0,0,0,0,0,0,0,1,0,0,0,0,0,0,0,0,0,0
2011,116,7.8,23,0,0,0,0,0,0,1,0,0,0,0,0,0,0,0,0,0,0,0,0
2020,90,6.4,678,0,0,0,0,0,0,1,0,0,0,0,0,0,0,0,0,0,0,0,0
2004,144,5.1,148,0,0,0,0,0,0,0,0,0,0,0,0,1,0,0,0,0,0,0,0
2014,99,7.2,68,0,0,0,0,0,0,1,0,0,0,0,0,0,0,0,0,0,0,0,0
2019,142,6.6,9,0,0,0,0,0,0,1,0,0,0,0,0,0,0,0,0,0,0,0,0
2020,85,7.1,19,0,0,0,0,0,1,0,0,0,0,0,0,0,0,0,0,0,0,0,0
2011,76,6.2,111,0,0,0,1,0,0,0,0,0,0,0,0,0,0,0,0,0,0,0,0
1990,123,7.5,77,0,0,0,0,0,1,0,0,0,0,0,0,0,0,0,0,0,0,0,0
2013,96,7.3,671,0,0,0,0,0,0,1,0,0,0,0,0,0,0,0,0,0,0,0,0
2009,134,6.6,105,0,0,0,0,1,0,0,0,0,0,0,0,0,0,0,0,0,0,0,0
2009,110,6.4,262,0,0,0,0,1,0,0,0,0,0,0,0,0,0,0,0,0,0,0,0
1965,134,7.9,35,1,0,0,0,0,0,0,0,0,0,0,0,0,0,0,0,0,0,0,0
1999,144,3.9,12,0,0,0,0,0,0,0,0,0,0,0,0,0,0,0,0,0,0,0,0
1989,180,4.5,35,0,0,0,0,0,0,0,0,0,0,0,0,0,0,0,0,0,0,0,0
2004,100,2.9,13,0,0,0,0,0,0,0,0,0,0,0,0,0,0,0,0,0,1,0,0
2015,105,6.2,13,0,0,0,0,0,0,1,0,0,0,0,0,0,0,0,0,0,0,0,0
2021,136,6.6,3324,0,0,0,0,1,0,0,0,0,0,0,0,0,0,0,0,0,0,0,0
2005,134,4.0,696,0,0,0,0,0,0,1,0,0,0,0,0,0,0,0,0,0,0,0,0
1981,182,7.3,2603,0,0,0,0,0,0,1,0,0,0,0,0,0,0,0,0,0,0,0,0
1999,150,2.5,209,0,0,0,1,0,0,0,0,0,0,0,0,0,0,0,0,0,0,0,0
2018,45,7.1,168,0,0,0,0,0,0,1,0,0,0,0,0,0,0,0,0,0,0,0,0
2002,157,8.5,66,0,0,0,0,0,0,0,0,0,0,0,0,0,0,0,0,0,0,0,0
1969,134,6.0,5,0,0,0,0,0,0,0,0,0,0,0,0,0,0,0,0,0,0,0,0
2018,158,5.6,15244,0,0,0,0,0,0,0,0,0,0,0,0,0,0,0,0,0,0,0,0
2017,124,5.1,3254,0,0,0,0,1,0,0,0,0,0,0,0,0,0,0,0,0,0,0,0
1952,134,4.0,8,1,0,0,0,0,0,0,0,0,0,0,0,0,0,0,0,0,0,0,0
1965,134,3.7,7,1,0,0,0,0,0,0,0,0,0,0,0,0,0,0,0,0,0,0,0
2019,64,9.3,36,0,0,0,0,0,1,0,0,0,0,0,0,0,0,0,0,0,0,0,0
1987,162,5.1,113,0,0,0,1,0,0,0,0,0,0,0,0,0,0,0,0,0,0,0,0
1949,134,6.8,9,0,0,0,0,0,0,1,0,0,0,0,0,0,0,0,0,0,0,0,0
1960,135,6.5,71,0,0,0,0,1,0,0,0,0,0,0,0,0,0,0,0,0,0,0,0
2015,141,5.0,7891,0,0,0,0,0,0,0,0,0,0,0,0,0,0,0,0,0,0,0,0
2008,135,5.7,14526,0,0,0,0,0,0,0,0,0,0,0,0,0,0,0,0,0,0,0,0
2013,134,5.6,2200,0,0,0,0,0,0,0,0,0,0,0,0,0,0,0,0,0,0,0,0
2011,143,6.8,14788,0,0,0,0,0,0,0,0,0,0,0,0,0,0,0,0,0,0,0,0
2019,141,5.5,96,0,0,0,0,0,0,0,0,0,0,0,0,0,0,0,0,0,0,0,0
2014,142,5.7,7675,0,0,0,0,0,0,0,0,0,0,0,0,0,0,0,0,0,0,0,0
1986,161,5.1,14,0,0,0,0,0,0,0,0,0,0,0,0,0,0,0,0,0,0,0,0
2016,88,7.5,48,0,0,0,0,0,1,0,0,0,0,0,0,0,0,0,0,0,0,0,0
2005,138,4.2,387,0,0,0,0,0,0,1,0,0,0,0,0,0,0,0,0,0,0,0,0
2018,99,7.7,5461,0,0,0,0,0,0,1,0,0,0,0,0,0,0,0,0,0,0,0,0
1993,151,6.2,336,0,0,0,0,1,0,0,0,0,0,0,0,0,0,0,0,0,0,0,0
2007,160,3.4,8,0,0,0,0,0,0,0,0,0,0,0,0,0,0,1,0,0,0,0,0
2008,135,5.8,96,0,0,0,0,0,0,1,0,0,0,0,0,0,0,0,0,0,0,0,0
2005,125,5.1,73,0,0,0,0,0,0,1,0,0,0,0,0,0,0,0,0,0,0,0,0
1976,134,8.2,29,1,0,0,0,0,0,0,0,0,0,0,0,0,0,0,0,0,0,0,0
1982,134,6.0,14,0,0,0,0,0,0,1,0,0,0,0,0,0,0,0,0,0,0,0,0
2005,134,2.6,20,0,0,0,0,0,0,1,0,0,0,0,0,0,0,0,0,0,0,0,0
1985,134,6.7,54,0,0,0,0,0,0,0,0,0,0,0,0,0,0,0,0,0,0,0,0
1987,134,5.5,31,0,0,0,0,0,0,0,0,0,0,0,0,0,0,0,0,0,0,0,0
1980,125,6.5,24,0,0,0,0,0,0,1,0,0,0,0,0,0,0,0,0,0,0,0,0
1999,134,5.7,144,0,0,0,0,0,0,0,0,0,0,0,0,0,0,0,0,0,0,0,0
1958,134,6.1,10,0,0,0,0,0,0,1,0,0,0,0,0,0,0,0,0,0,0,0,0
2007,188,7.5,18422,0,0,0,0,0,0,0,0,0,0,0,0,0,0,0,0,0,0,0,0
2006,112,5.5,86,0,0,0,0,0,0,0,0,0,0,0,0,0,0,0,0,0,0,0,0
2016,133,6.9,210,0,0,0,0,0,0,1,0,0,0,0,0,0,0,0,0,0,0,0,0
2013,138,6.3,1680,0,0,0,0,0,0,1,0,0,0,0,0,0,0,0,0,0,0,0,0
2012,97,5.3,63,0,0,0,0,0,0,0,0,0,0,1,0,0,0,0,0,0,0,0,0
1988,134,3.1,15,0,0,0,0,0,0,0,0,0,0,0,0,0,0,0,0,0,0,0,0
1992,134,5.8,5,0,0,0,0,0,0,0,0,0,0,0,0,0,0,0,0,0,0,0,0
2020,90,7.0,6,0,1,0,0,0,0,0,0,0,0,0,0,0,0,0,0,0,0,0,0
2021,107,6.6,1154,0,0,0,0,0,0,1,0,0,0,0,0,0,0,0,0,0,0,0,0
1973,118,7.1,49,0,0,0,0,0,0,0,0,0,0,0,0,0,0,0,0,0,0,0,0
1996,134,4.3,19,0,0,0,0,0,0,0,0,0,0,0,0,0,0,0,0,0,0,0,0
1966,134,6.7,6,0,0,0,0,0,0,0,0,0,0,0,0,0,0,0,0,0,0,0,0
2000,154,6.5,276,0,0,0,0,0,0,1,0,0,0,0,0,0,0,0,0,0,0,0,0
1999,169,6.5,270,0,0,0,0,0,0,0,0,0,0,0,0,0,0,0,0,0,0,0,0
2013,137,5.9,680,1,0,0,0,0,0,0,0,0,0,0,0,0,0,0,0,0,0,0,0
2000,134,4.7,124,0,0,0,1,0,0,0,0,0,0,0,0,0,0,0,0,0,0,0,0
2002,145,4.3,86,0,0,0,0,0,0,1,0,0,0,0,0,0,0,0,0,0,0,0,0
2010,134,6.5,86,0,0,0,0,0,0,0,0,0,0,0,0,0,0,0,0,0,0,0,0
2005,137,7.4,7475,0,0,0,1,0,0,0,0,0,0,0,0,0,0,0,0,0,0,0,0
2011,134,5.6,12,0,0,0,0,0,0,1,0,0,0,0,0,0,0,0,0,0,0,0,0
1948,143,7.2,6,0,0,0,0,0,0,1,0,0,0,0,0,0,0,0,0,0,0,0,0
1985,142,6.1,263,0,0,0,0,0,0,0,0,0,0,0,0,0,0,0,0,0,0,0,0
1958,104,5.9,9,0,0,0,0,0,0,0,0,0,0,0,0,1,0,0,0,0,0,0,0
2014,94,6.9,1589,0,0,0,0,0,0,1,0,0,0,0,0,0,0,0,0,0,0,0,0
1998,156,6.2,2757,0,0,0,0,0,0,0,0,0,0,0,0,0,0,0,0,0,0,0,0
1969,134,6.0,5,0,0,0,0,0,0,0,0,0,0,0,0,0,0,0,0,0,0,0,0
1958,135,7.0,140,0,0,0,1,0,0,0,0,0,0,0,0,0,0,0,0,0,0,0,0
1979,140,6.0,22,0,0,0,0,0,0,1,0,0,0,0,0,0,0,0,0,0,0,0,0
1956,128,5.1,9,0,0,0,1,0,0,0,0,0,0,0,0,0,0,0,0,0,0,0,0
2009,94,5.5,8,0,0,0,0,0,0,0,0,1,0,0,0,0,0,0,0,0,0,0,0
1964,80,2.8,28,0,0,0,0,0,0,0,0,0,0,0,0,0,0,0,0,0,0,0,0
1962,134,5.8,50,0,0,0,0,0,0,1,0,0,0,0,0,0,0,0,0,0,0,0,0
2012,141,4.0,9060,0,0,0,0,0,0,0,0,0,0,0,0,0,0,0,0,0,0,0,0
1958,134,2.3,24,1,0,0,0,0,0,0,0,0,0,0,0,0,0,0,0,0,0,0,0
2019,49,8.2,213,0,0,0,0,0,1,0,0,0,0,0,0,0,0,0,0,0,0,0,0
2013,102,3.5,189,0,0,0,0,0,0,1,0,0,0,0,0,0,0,0,0,0,0,0,0
2014,127,5.3,980,0,0,0,1,0,0,0,0,0,0,0,0,0,0,0,0,0,0,0,0
2011,55,6.3,82,0,0,0,0,0,0,1,0,0,0,0,0,0,0,0,0,0,0,0,0
2019,143,8.1,9572,0,0,0,0,0,0,0,0,0,0,0,0,0,0,0,0,0,0,0,0
1978,134,6.5,8,0,0,0,0,0,0,0,0,0,0,0,0,0,0,0,0,0,0,0,0
1958,171,6.0,34,0,0,0,0,0,0,1,0,0,0,0,0,0,0,0,0,0,0,0,0
1992,134,5.7,10,0,0,0,0,0,0,0,0,0,0,0,0,0,0,0,0,0,0,0,0
1988,163,4.8,90,0,0,0,0,0,0,0,0,0,0,0,0,0,0,0,0,0,0,0,0
2018,97,7.2,2528,0,0,0,0,1,0,0,0,0,0,0,0,0,0,0,0,0,0,0,0
2012,85,6.7,77,0,1,0,0,0,0,0,0,0,0,0,0,0,0,0,0,0,0,0,0
2018,138,7.1,20000,0,0,0,1,0,0,0,0,0,0,0,0,0,0,0,0,0,0,0,0
1983,119,6.6,9,0,0,0,0,0,0,1,0,0,0,0,0,0,0,0,0,0,0,0,0
2013,134,4.3,178,0,0,0,1,0,0,0,0,0,0,0,0,0,0,0,0,0,0,0,0
2020,153,9.1,83029,0,0,0,0,0,0,1,0,0,0,0,0,0,0,0,0,0,0,0,0
1962,134,7.2,14,0,0,0,0,0,0,1,0,0,0,0,0,0,0,0,0,0,0,0,0
2018,131,7.4,4648,0,0,1,0,0,0,0,0,0,0,0,0,0,0,0,0,0,0,0,0
1988,153,5.6,60,0,0,0,1,0,0,0,0,0,0,0,0,0,0,0,0,0,0,0,0
1999,168,6.3,2820,0,0,0,0,0,0,0,0,0,0,0,0,0,0,0,0,0,0,0,0
2008,154,6.1,1019,0,0,0,1,0,0,0,0,0,0,0,0,0,0,0,0,0,0,0,0
2015,134,4.7,6,0,0,0,0,0,0,0,0,0,0,0,0,0,0,0,0,0,0,0,0
2013,114,5.8,34,0,0,0,0,0,0,1,0,0,0,0,0,0,0,0,0,0,0,0,0
2014,108,3.5,31,0,0,0,0,0,0,1,0,0,0,0,0,0,0,0,0,0,0,0,0
2010,99,5.6,82,0,0,0,0,0,0,1,0,0,0,0,0,0,0,0,0,0,0,0,0
2011,132,7.1,826,0,0,0,0,0,0,1,0,0,0,0,0,0,0,0,0,0,0,0,0
2008,151,5.8,167,0,0,0,0,0,0,0,0,0,0,0,0,0,0,0,0,0,0,0,0
1983,160,5.7,196,0,0,0,0,0,0,1,0,0,0,0,0,0,0,0,0,0,0,0,0
1989,136,5.3,55,0,0,0,0,0,0,1,0,0,0,0,0,0,0,0,0,0,0,0,0
2006,131,4.7,43,0,0,0,0,0,0,0,0,0,0,0,0,0,0,0,0,0,1,0,0
1982,135,6.1,9,0,0,0,0,0,0,1,0,0,0,0,0,0,0,0,0,0,0,0,0
2014,134,5.9,31,0,0,0,0,0,0,0,0,0,0,0,0,0,0,0,0,0,0,0,0
2013,144,8.0,52354,0,0,0,0,1,0,0,0,0,0,0,0,0,0,0,0,0,0,0,0
2007,102,2.9,513,0,0,0,0,0,0,0,0,0,0,0,0,0,0,0,0,0,0,0,0
2010,61,5.8,6,0,0,0,0,0,1,0,0,0,0,0,0,0,0,0,0,0,0,0,0
1999,103,6.5,222,0,0,0,0,1,0,0,0,0,0,0,0,0,0,0,0,0,0,0,0
1968,155,4.9,8,0,0,0,0,0,0,0,0,0,0,0,0,0,0,0,0,0,0,0,0
1975,166,7.8,29,0,0,0,0,0,0,1,0,0,0,0,0,0,0,0,0,0,0,0,0
2004,174,4.6,203,0,0,0,0,0,0,0,0,0,0,0,0,0,0,0,0,0,0,0,0
1986,134,7.7,83,0,0,0,0,0,0,1,0,0,0,0,0,0,0,0,0,0,0,0,0
1960,204,8.5,52,0,0,0,0,0,0,1,0,0,0,0,0,0,0,0,0,0,0,0,0
2020,134,9.1,28,0,0,0,0,0,0,1,0,0,0,0,0,0,0,0,0,0,0,0,0
2003,163,4.4,330,0,0,0,0,0,0,0,0,0,0,1,0,0,0,0,0,0,0,0,0
2005,134,5.0,59,0,0,0,1,0,0,0,0,0,0,0,0,0,0,0,0,0,0,0,0
2012,134,3.5,8,0,0,0,0,0,0,0,0,0,0,0,0,0,0,0,0,0,1,0,0
2011,134,6.3,25,0,0,0,0,0,0,1,0,0,0,0,0,0,0,0,0,0,0,0,0
2011,96,7.8,6493,0,0,0,1,0,0,0,0,0,0,0,0,0,0,0,0,0,0,0,0
1982,134,7.7,53,0,0,0,0,0,0,1,0,0,0,0,0,0,0,0,0,0,0,0,0
1989,147,6.3,104,0,0,0,0,0,0,0,0,0,0,0,0,0,0,0,0,0,0,0,0
2018,134,7.1,67,0,0,0,0,1,0,0,0,0,0,0,0,0,0,0,0,0,0,0,0
2014,120,7.5,90,0,0,0,0,1,0,0,0,0,0,0,0,0,0,0,0,0,0,0,0
1956,153,8.2,913,0,0,0,1,0,0,0,0,0,0,0,0,0,0,0,0,0,0,0,0
2007,96,6.2,24,0,0,0,0,1,0,0,0,0,0,0,0,0,0,0,0,0,0,0,0
2012,89,5.6,29,0,0,0,0,0,0,1,0,0,0,0,0,0,0,0,0,0,0,0,0
2010,54,7.5,8,0,0,0,0,0,1,0,0,0,0,0,0,0,0,0,0,0,0,0,0
1991,148,6.2,65,0,0,0,0,0,0,0,0,0,0,0,0,0,0,0,0,0,0,0,0
2004,134,4.4,33,0,0,0,1,0,0,0,0,0,0,0,0,0,0,0,0,0,0,0,0
2009,110,5.8,350,0,0,0,1,0,0,0,0,0,0,0,0,0,0,0,0,0,0,0,0
2007,100,4.9,338,0,0,0,0,0,0,1,0,0,0,0,0,0,0,0,0,0,0,0,0
2020,134,7.8,5,0,0,0,0,0,0,0,0,0,0,0,0,0,0,0,0,0,1,0,0
1961,139,7.5,21,0,0,0,0,0,0,0,0,1,0,0,0,0,0,0,0,0,0,0,0
2018,128,7.6,29900,0,0,0,1,0,0,0,0,0,0,0,0,0,0,0,0,0,0,0,0
2020,146,3.6,5930,0,0,0,0,0,0,1,0,0,0,0,0,0,0,0,0,0,0,0,0
1995,148,5.2,16,0,0,0,0,0,0,0,0,0,0,0,0,0,0,0,0,0,0,0,0
2009,96,3.7,23206,0,0,0,0,0,0,0,0,0,0,0,0,0,0,0,0,0,0,0,0
1938,135,6.3,15,0,0,0,0,0,0,1,0,0,0,0,0,0,0,0,0,0,0,0,0
2010,128,6.9,1014,0,0,0,0,0,0,0,0,0,0,0,0,0,0,0,0,0,0,0,0
2014,100,6.5,31,0,0,0,0,0,0,1,0,0,0,0,0,0,0,0,0,0,0,0,0
2006,134,6.0,10,0,0,0,0,0,0,0,0,0,0,0,0,0,0,0,0,0,1,0,0
2012,146,5.3,16038,0,0,0,1,0,0,0,0,0,0,0,0,0,0,0,0,0,0,0,0
2019,146,2.2,17483,0,0,0,0,0,0,0,0,0,0,0,0,0,0,0,0,0,0,0,0
2003,121,2.6,121,0,0,0,1,0,0,0,0,0,0,0,0,0,0,0,0,0,0,0,0
1994,134,4.8,20,0,0,0,0,0,0,0,0,0,0,0,0,0,0,0,0,0,0,0,0
2001,157,6.7,1859,0,0,0,1,0,0,0,0,0,0,0,0,0,0,0,0,0,0,0,0
1972,134,6.5,6,0,0,0,0,0,0,1,0,0,0,0,0,0,0,0,0,0,0,0,0
1954,107,5.4,9,0,0,0,0,0,0,0,0,0,0,0,0,0,0,1,0,0,0,0,0
1983,134,8.0,83,0,0,0,0,0,0,0,0,0,0,0,0,0,0,1,0,0,0,0,0
1971,180,6.5,31,0,0,0,0,0,0,0,0,0,0,0,0,0,0,0,0,0,0,0,0
1966,130,8.2,41,0,0,1,0,0,0,0,0,0,0,0,0,0,0,0,0,0,0,0,0
2005,134,3.1,245,0,0,0,0,0,0,0,0,0,0,0,0,0,0,0,0,0,0,0,0
2005,105,7.2,13,0,0,0,0,0,0,1,0,0,0,0,0,0,0,0,0,0,0,0,0
2005,139,3.7,35,0,0,0,0,0,0,0,0,0,0,0,0,0,0,0,0,0,0,0,0
2000,145,4.0,44,0,0,0,0,0,0,0,0,0,0,0,0,0,0,0,0,0,0,0,0
1979,164,6.7,1053,0,0,0,0,0,0,0,0,0,0,0,0,0,0,0,0,0,0,0,0
1994,145,5.7,1755,0,0,0,0,0,0,0,0,0,0,0,0,0,0,0,0,0,0,0,0
1968,160,4.8,29,0,0,0,0,0,0,1,0,0,0,0,0,0,0,0,0,0,0,0,0
1961,134,5.0,5,0,0,0,0,0,0,1,0,0,0,0,0,0,0,0,0,0,0,0,0
1954,134,6.3,6,0,0,0,0,0,0,1,0,0,0,0,0,0,0,0,0,0,0,0,0
1986,143,6.1,43,0,0,0,0,0,0,0,0,0,0,0,0,0,0,1,0,0,0,0,0
1964,134,6.2,17,0,0,0,0,0,0,1,0,0,0,0,0,0,0,0,0,0,0,0,0
1970,130,6.4,45,0,0,0,1,0,0,0,0,0,0,0,0,0,0,0,0,0,0,0,0
2018,122,6.8,7421,0,0,0,1,0,0,0,0,0,0,0,0,0,0,0,0,0,0,0,0
1960,161,7.3,326,0,0,0,0,0,0,1,0,0,0,0,0,0,0,0,0,0,0,0,0
2014,89,7.1,2478,0,0,0,1,0,0,0,0,0,0,0,0,0,0,0,0,0,0,0,0
2004,138,3.2,359,0,0,0,0,0,0,0,0,0,0,0,0,0,0,0,0,0,0,0,0
2000,120,5.6,54,0,0,0,0,0,0,0,0,0,0,0,0,0,0,0,0,0,0,0,0
2016,170,7.0,41777,0,0,0,0,0,0,0,0,0,0,0,0,0,0,0,0,0,0,0,0
1972,134,8.7,6,0,0,0,0,0,0,0,0,0,0,0,0,0,0,0,0,0,0,0,0
1982,134,5.2,5,0,0,0,0,0,0,0,0,0,0,0,0,0,0,0,0,0,0,0,0
1982,134,5.9,10,0,0,0,0,0,0,0,0,0,0,0,0,0,0,0,0,0,0,0,0
2008,166,6.2,238,0,0,0,0,1,0,0,0,0,0,0,0,0,0,0,0,0,0,0,0
2018,128,7.1,16,0,0,0,1,0,0,0,0,0,0,0,0,0,0,0,0,0,0,0,0
1983,143,6.9,11,0,0,0,0,0,0,0,0,0,0,0,0,0,0,1,0,0,0,0,0
1982,138,6.3,21,0,0,0,0,0,0,1,0,0,0,0,0,0,0,0,0,0,0,0,0
2006,125,5.4,18,0,0,0,0,0,0,1,0,0,0,0,0,0,0,0,0,0,0,0,0
1979,131,5.9,39,0,0,0,1,0,0,0,0,0,0,0,0,0,0,0,0,0,0,0,0
2008,135,5.3,2619,0,0,0,0,0,0,0,0,0,0,0,0,0,0,0,0,0,0,0,0
1993,134,6.7,6,0,0,0,1,0,0,0,0,0,0,0,0,0,0,0,0,0,0,0,0
1975,134,5.4,22,0,0,0,0,0,0,1,0,0,0,0,0,0,0,0,0,0,0,0,0
1949,143,6.6,30,0,0,0,0,0,0,1,0,0,0,0,0,0,0,0,0,0,0,0,0
1968,175,6.8,93,0,0,0,0,0,0,0,0,0,0,0,0,0,0,0,0,0,0,0,0
2013,100,5.4,30,0,0,0,1,0,0,0,0,0,0,0,0,0,0,0,0,0,0,0,0
1963,134,5.7,6,0,0,0,0,0,0,0,0,0,0,0,0,0,0,0,0,0,0,1,0
2017,56,6.1,7,0,0,0,0,0,0,1,0,0,0,0,0,0,0,0,0,0,0,0,0
1984,114,5.6,128,0,0,0,0,0,0,1,0,0,0,0,0,0,0,0,0,0,0,0,0
2009,127,4.5,6,0,0,0,0,0,0,1,0,0,0,0,0,0,0,0,0,0,0,0,0
2004,169,2.5,147,0,0,0,0,0,0,0,0,0,0,0,0,0,0,0,0,0,0,0,0
2005,60,8.6,663,0,0,0,0,0,1,0,0,0,0,0,0,0,0,0,0,0,0,0,0
2016,110,6.5,31,0,0,0,1,0,0,0,0,0,0,0,0,0,0,0,0,0,0,0,0
1976,121,6.8,20,0,0,0,0,0,0,1,0,0,0,0,0,0,0,0,0,0,0,0,0
2003,142,4.3,136,0,0,0,0,0,0,0,0,0,0,0,0,0,0,0,0,0,0,0,0
2014,90,5.9,33,0,0,0,0,1,0,0,0,0,0,0,0,0,0,0,0,0,0,0,0
2019,154,8.0,23000,0,0,1,0,0,0,0,0,0,0,0,0,0,0,0,0,0,0,0,0
2016,134,5.8,5,0,1,0,0,0,0,0,0,0,0,0,0,0,0,0,0,0,0,0,0
2016,134,5.8,5,0,1,0,0,0,0,0,0,0,0,0,0,0,0,0,0,0,0,0,0
2016,134,5.5,11,0,1,0,0,0,0,0,0,0,0,0,0,0,0,0,0,0,0,0,0
2013,83,1.9,180,0,0,0,0,0,0,1,0,0,0,0,0,0,0,0,0,0,0,0,0
2014,133,4.6,398,0,0,0,1,0,0,0,0,0,0,0,0,0,0,0,0,0,0,0,0
1994,95,5.5,70,0,0,0,0,0,0,0,0,0,0,0,0,0,0,0,0,0,0,0,0
1960,134,4.8,18,0,0,0,0,0,0,0,0,0,0,0,0,0,0,0,0,0,0,0,0
1987,123,4.5,301,0,0,0,0,0,0,0,0,0,0,0,0,0,0,0,0,0,0,0,0
2008,66,8.0,648,0,0,0,0,0,1,0,0,0,0,0,0,0,0,0,0,0,0,0,0
2008,120,6.0,707,0,0,0,0,0,0,1,0,0,0,0,0,0,0,0,0,0,0,0,0
2002,136,6.4,475,0,0,0,0,0,0,1,0,0,0,0,0,0,0,0,0,0,0,0,0
1990,134,6.0,8,0,0,0,1,0,0,0,0,0,0,0,0,0,0,0,0,0,0,0,0
1985,149,6.8,45,0,0,0,1,0,0,0,0,0,0,0,0,0,0,0,0,0,0,0,0
1982,134,7.3,58,0,0,0,0,0,0,0,0,0,0,0,0,0,0,0,0,0,1,0,0
1966,155,6.7,124,0,0,0,0,0,0,0,0,0,0,0,0,0,0,1,0,0,0,0,0
1997,134,3.3,18,0,0,0,0,0,0,0,0,0,0,0,0,0,0,0,0,0,0,0,0
1973,131,5.7,10,0,0,0,0,0,0,0,0,0,0,0,0,0,0,0,0,0,0,0,0
2020,139,5.9,3011,0,0,0,1,0,0,0,0,0,0,0,0,0,0,0,0,0,0,0,0
1979,132,7.3,95,0,0,0,0,0,0,0,0,0,0,0,0,0,0,0,0,0,0,0,0
1995,148,4.1,188,0,0,0,0,0,0,0,0,0,0,0,0,0,0,0,0,0,0,0,0
2014,100,6.3,68,1,0,0,0,0,0,0,0,0,0,0,0,0,0,0,0,0,0,0,0
1985,134,5.4,16,0,0,0,0,0,0,0,0,0,0,0,0,0,0,0,0,0,0,0,0
2004,134,5.6,5,0,0,0,0,0,0,0,0,0,0,0,0,0,0,1,0,0,0,0,0
1989,134,6.5,43,0,0,0,0,0,0,0,0,0,0,0,0,0,0,0,0,0,0,0,0
1992,161,4.5,923,0,0,0,0,0,0,0,0,1,0,0,0,0,0,0,0,0,0,0,0
1987,140,7.3,26,0,0,0,0,0,0,1,0,0,0,0,0,0,0,0,0,0,0,0,0
1987,134,6.3,37,0,0,0,0,0,0,1,0,0,0,0,0,0,0,0,0,0,0,0,0
1957,134,7.1,15,0,0,0,0,0,0,0,0,0,0,0,0,1,0,0,0,0,0,0,0
2004,189,8.2,85340,0,0,0,0,0,0,1,0,0,0,0,0,0,0,0,0,0,0,0,0
2010,134,3.7,18,0,0,0,0,0,0,1,0,0,0,0,0,0,0,0,0,0,0,0,0
1977,129,6.5,196,0,0,0,0,0,0,1,0,0,0,0,0,0,0,0,0,0,0,0,0
2007,140,6.8,374,0,0,0,0,0,0,1,0,0,0,0,0,0,0,0,0,0,0,0,0
2012,90,7.6,37,0,1,0,0,0,0,0,0,0,0,0,0,0,0,0,0,0,0,0,0
1982,151,6.3,87,0,0,0,0,0,0,0,0,0,0,0,0,0,0,0,0,0,0,0,0
1955,134,6.5,12,0,0,1,0,0,0,0,0,0,0,0,0,0,0,0,0,0,0,0,0
2003,90,6.9,19,0,0,0,0,0,0,0,0,0,0,0,0,0,0,0,0,0,0,1,0
1986,134,5.1,106,0,0,0,0,0,0,1,0,0,0,0,0,0,0,0,0,0,0,0,0
1990,160,6.7,1255,0,0,0,0,0,0,1,0,0,0,0,0,0,0,0,0,0,0,0,0
1991,134,2.8,9,0,0,0,0,0,0,1,0,0,0,0,0,0,0,0,0,0,0,0,0
1978,164,5.5,57,0,0,0,1,0,0,0,0,0,0,0,0,0,0,0,0,0,0,0,0
1945,134,5.9,9,0,0,0,0,0,0,0,0,0,0,0,0,0,0,0,0,0,0,1,0
1991,134,6.2,64,0,0,0,0,0,0,0,0,0,0,0,0,0,0,0,0,0,0,0,0
1986,151,6.7,103,0,0,0,0,0,0,1,0,0,0,0,0,0,0,0,0,0,0,0,0
1991,134,3.9,13,0,0,0,0,0,0,1,0,0,0,0,0,0,0,0,0,0,0,0,0
1980,161,7.4,85,0,0,0,1,0,0,0,0,0,0,0,0,0,0,0,0,0,0,0,0
1973,134,6.9,14,0,0,0,0,0,0,1,0,0,0,0,0,0,0,0,0,0,0,0,0
1983,170,6.1,22,0,0,0,1,0,0,0,0,0,0,0,0,0,0,0,0,0,0,0,0
2017,116,3.4,244,0,0,0,1,0,0,0,0,0,0,0,0,0,0,0,0,0,0,0,0
2021,130,4.2,11,0,0,0,0,0,0,0,0,0,0,0,0,0,0,0,0,0,0,0,0
2018,104,8.7,93,0,0,0,0,0,0,1,0,0,0,0,0,0,0,0,0,0,0,0,0
2007,153,5.6,4409,0,0,0,1,0,0,0,0,0,0,0,0,0,0,0,0,0,0,0,0
1999,179,6.7,5068,0,0,0,0,0,0,1,0,0,0,0,0,0,0,0,0,0,0,0,0
2020,101,7.3,25,0,0,0,0,0,0,0,0,0,0,0,0,0,0,0,0,0,0,0,0
2001,134,2.9,14,0,0,0,0,0,0,0,0,0,0,0,0,1,0,0,0,0,0,0,0
1982,134,5.9,7,0,0,0,0,0,0,0,0,0,0,0,0,0,0,0,0,0,0,0,0
1995,180,4.8,90,0,0,0,0,1,0,0,0,0,0,0,0,0,0,0,0,0,0,0,0
1989,134,5.5,98,0,0,0,0,0,0,0,0,0,0,0,0,0,0,0,0,0,0,0,0
2004,163,4.5,2781,0,0,0,0,0,0,0,0,0,0,0,0,0,0,0,0,0,0,0,0
1999,133,4.4,21,0,0,0,0,0,0,0,0,0,0,0,0,0,0,0,0,0,0,0,0
2013,108,7.2,11709,1,0,0,0,0,0,0,0,0,0,0,0,0,0,0,0,0,0,0,0
2003,154,4.7,24,0,0,0,0,0,0,0,0,0,0,0,0,0,0,0,0,0,0,0,0
1990,135,5.6,8,0,0,0,0,0,0,1,0,0,0,0,0,0,0,0,0,0,0,0,0
1993,134,4.7,142,0,0,0,0,0,0,0,0,0,0,0,0,0,0,0,0,0,0,0,0
1992,168,5.7,316,0,0,0,0,0,0,0,0,0,0,0,0,0,0,0,0,0,0,0,0
1986,117,5.4,169,0,0,0,0,0,0,0,0,0,0,0,0,0,0,0,0,0,0,0,0
1993,139,5.3,26,0,0,0,0,1,0,0,0,0,0,0,0,0,0,0,0,0,0,0,0
2020,143,7.5,3703,0,0,0,0,0,0,0,0,0,0,0,0,0,0,0,0,0,0,0,0
1956,138,6.6,8,0,0,0,0,0,0,1,0,0,0,0,0,0,0,0,0,0,0,0,0
2003,235,6.7,51,0,0,0,0,0,0,1,0,0,0,0,0,0,0,0,0,0,0,0,0
2005,164,5.0,161,0,0,0,0,0,0,1,0,0,0,0,0,0,0,0,0,0,0,0,0
1981,140,5.7,12,0,0,0,0,0,0,0,0,0,0,0,0,0,0,0,0,0,0,0,0
2015,134,7.4,19,0,0,0,0,0,0,1,0,0,0,0,0,0,0,0,0,0,0,0,0
2019,121,6.1,50,0,0,0,0,0,0,1,0,0,0,0,0,0,0,0,0,0,0,0,0
1995,143,4.6,195,0,0,0,0,0,0,0,0,0,0,0,0,0,0,0,0,0,0,0,0
1980,157,5.4,36,0,0,0,0,0,0,1,0,0,0,0,0,0,0,0,0,0,0,0,0
1958,182,6.7,19,0,0,0,0,0,0,1,0,0,0,0,0,0,0,0,0,0,0,0,0
2012,140,7.2,40234,0,0,0,0,1,0,0,0,0,0,0,0,0,0,0,0,0,0,0,0
2003,153,4.7,1411,0,0,0,0,0,0,0,0,0,0,0,0,0,0,0,0,0,0,0,0
1996,157,4.3,34,0,0,0,0,1,0,0,0,0,0,0,0,0,0,0,0,0,0,0,0
1969,175,6.6,155,0,0,0,0,0,0,0,0,0,0,0,0,0,0,1,0,0,0,0,0
1935,134,6.8,11,0,0,0,0,0,0,0,0,0,0,0,0,0,0,0,0,0,0,1,0
2009,65,5.5,6,0,1,0,0,0,0,0,0,0,0,0,0,0,0,0,0,0,0,0,0
2009,66,6.3,6,0,1,0,0,0,0,0,0,0,0,0,0,0,0,0,0,0,0,0,0
2020,83,5.4,56,0,0,0,0,1,0,0,0,0,0,0,0,0,0,0,0,0,0,0,0
2015,132,8.2,32313,0,0,0,0,1,0,0,0,0,0,0,0,0,0,0,0,0,0,0,0
1988,165,4.0,50,0,0,0,0,0,0,0,0,0,0,0,0,0,0,0,0,0,0,0,0
2014,113,4.4,308,0,0,0,0,1,0,0,0,0,0,0,0,0,0,0,0,0,0,0,0
1969,134,6.2,12,0,0,0,0,0,0,1,0,0,0,0,0,0,0,0,0,0,0,0,0
1998,127,6.8,302,0,0,0,0,0,0,1,0,0,0,0,0,0,0,0,0,0,0,0,0
1952,127,7.6,38,0,0,0,0,0,0,1,0,0,0,0,0,0,0,0,0,0,0,0,0
2015,139,7.3,24623,0,0,0,1,0,0,0,0,0,0,0,0,0,0,0,0,0,0,0,0
2001,134,6.5,13,0,0,0,0,0,0,1,0,0,0,0,0,0,0,0,0,0,0,0,0
1986,115,5.1,37,0,0,0,0,0,0,1,0,0,0,0,0,0,0,0,0,0,0,0,0
1972,139,5.6,29,0,0,0,0,0,0,0,0,0,0,0,0,0,0,0,0,0,0,0,0
1955,120,8.4,5,0,0,0,0,0,0,1,0,0,0,0,0,0,0,0,0,0,0,0,0
2005,142,6.0,1789,0,0,0,0,0,0,0,0,0,0,0,0,0,0,0,0,0,0,0,0
2020,135,7.6,22344,0,0,0,0,0,0,0,0,0,0,0,0,0,0,0,0,0,0,0,0
2021,155,8.7,20,0,0,0,0,0,0,0,0,0,0,0,0,0,0,0,0,0,1,0,0
1943,122,7.5,26,0,0,0,0,0,0,1,0,0,0,0,0,0,0,0,0,0,0,0,0
2011,113,6.8,13804,0,0,0,1,0,0,0,0,0,0,0,0,0,0,0,0,0,0,0,0
2015,128,7.6,26843,0,0,0,1,0,0,0,0,0,0,0,0,0,0,0,0,0,0,0,0
1976,133,7.2,48,0,0,0,0,0,0,1,0,0,0,0,0,0,0,0,0,0,0,0,0
2000,144,6.0,20,0,0,0,0,0,0,1,0,0,0,0,0,0,0,0,0,0,0,0,0
1983,134,5.8,88,0,0,0,0,0,0,0,0,0,0,0,0,0,0,0,0,0,0,0,0
1967,108,6.3,35,0,0,0,0,0,0,1,0,0,0,0,0,0,0,0,0,0,0,0,0
1982,134,4.9,18,0,0,0,0,0,0,0,0,0,0,0,0,0,0,0,0,0,0,0,0
2002,134,5.1,7,0,0,0,0,0,0,0,0,0,0,0,0,0,0,0,0,0,0,0,0
1990,217,4.2,40,0,0,0,0,0,0,0,0,0,0,0,0,0,0,0,0,0,0,0,0
1995,162,6.5,414,0,0,0,0,0,0,0,0,0,0,0,0,0,0,0,0,0,0,0,0
2019,120,7.3,31,0,0,0,0,0,0,1,0,0,0,0,0,0,0,0,0,0,0,0,0
2013,110,5.5,43,0,0,0,0,0,0,1,0,0,0,0,0,0,0,0,0,0,0,0,0
1979,111,6.9,37,0,0,0,0,0,0,0,0,0,0,0,0,1,0,0,0,0,0,0,0
1951,134,7.1,135,0,0,0,0,0,0,1,0,0,0,0,0,0,0,0,0,0,0,0,0
1984,171,6.9,47,0,0,0,0,0,0,1,0,0,0,0,0,0,0,0,0,0,0,0,0
1997,144,4.5,589,0,0,0,0,0,0,0,0,0,0,0,0,0,0,0,0,0,0,0,0
1995,122,7.6,73,0,0,0,0,0,0,1,0,0,0,0,0,0,0,0,0,0,0,0,0
1984,136,4.6,9,0,0,0,0,0,0,0,0,0,0,0,0,0,0,0,0,0,0,0,0
2000,156,5.0,233,0,0,0,0,0,0,0,0,0,0,0,0,0,1,0,0,0,0,0,0
1995,140,7.2,67,0,0,0,0,0,0,1,0,0,0,0,0,0,0,0,0,0,0,0,0
2019,104,8.1,31,0,0,0,0,0,0,1,0,0,0,0,0,0,0,0,0,0,0,0,0
1970,131,3.8,6,0,0,0,0,0,0,0,0,0,0,0,0,0,0,0,0,0,0,0,0
1965,128,5.6,27,0,0,0,0,0,0,0,0,0,0,0,0,0,0,0,0,0,0,0,0
1966,136,3.8,9,1,0,0,0,0,0,0,0,0,0,0,0,0,0,0,0,0,0,0,0
1965,134,6.7,15,0,0,0,0,0,0,0,0,0,0,0,0,0,0,0,0,0,0,0,0
2002,99,4.5,11,0,0,0,0,0,0,0,0,0,0,0,0,0,0,0,0,0,0,0,0
2008,120,3.9,5037,0,0,0,0,0,0,0,0,0,0,0,0,0,0,0,0,0,0,0,0
1966,134,6.0,8,0,0,0,0,0,0,0,0,0,0,0,0,0,0,0,0,0,0,0,0
2008,127,6.9,14,0,0,1,0,0,0,0,0,0,0,0,0,0,0,0,0,0,0,0,0
2006,113,4.4,460,0,0,0,0,1,0,0,0,0,0,0,0,0,0,0,0,0,0,0,0
2004,121,2.6,93,0,0,0,1,0,0,0,0,0,0,0,0,0,0,0,0,0,0,0,0
2017,101,7.4,238,0,0,0,0,0,1,0,0,0,0,0,0,0,0,0,0,0,0,0,0
1985,160,7.1,104,0,0,0,1,0,0,0,0,0,0,0,0,0,0,0,0,0,0,0,0
1980,103,5.2,20,0,0,0,0,1,0,0,0,0,0,0,0,0,0,0,0,0,0,0,0
1954,133,6.9,257,0,0,0,0,0,0,0,0,0,0,0,0,1,0,0,0,0,0,0,0
1973,118,6.3,30,0,0,0,0,0,0,0,0,0,0,0,0,0,0,1,0,0,0,0,0
1944,134,2.5,16,0,0,0,1,0,0,0,0,0,0,0,0,0,0,0,0,0,0,0,0
2006,116,7.3,9418,0,0,0,1,0,0,0,0,0,0,0,0,0,0,0,0,0,0,0,0
1977,123,6.4,37,1,0,0,0,0,0,0,0,0,0,0,0,0,0,0,0,0,0,0,0
2016,136,7.3,12118,0,0,0,0,0,0,1,0,0,0,0,0,0,0,0,0,0,0,0,0
2009,115,4.0,68,0,0,0,0,0,0,0,0,0,0,0,0,0,0,0,0,0,0,0,0
1968,160,6.8,53,0,0,0,1,0,0,0,0,0,0,0,0,0,0,0,0,0,0,0,0
1953,134,7.3,17,0,0,0,0,0,0,1,0,0,0,0,0,0,0,0,0,0,0,0,0
1973,126,5.8,9,0,0,0,0,0,0,0,0,0,0,0,0,0,0,0,0,0,0,0,0
1965,121,6.9,182,0,0,0,0,0,0,0,0,0,0,0,0,1,0,0,0,0,0,0,0
1980,134,3.3,7,0,0,0,0,0,0,0,0,0,0,0,0,0,0,0,0,0,0,0,0
2010,140,4.1,1457,0,0,0,0,1,0,0,0,0,0,0,0,0,0,0,0,0,0,0,0
1965,125,6.3,10,0,0,0,0,0,0,0,0,0,0,0,0,0,0,0,0,0,0,0,0
1938,158,6.4,10,1,0,0,0,0,0,0,0,0,0,0,0,0,0,0,0,0,0,0,0
2016,120,7.5,27,0,0,0,0,0,0,1,0,0,0,0,0,0,0,0,0,0,0,0,0
2011,134,4.2,325,0,0,0,1,0,0,0,0,0,0,0,0,0,0,0,0,0,0,0,0
1995,134,4.9,11,0,0,0,0,0,0,0,0,0,0,0,0,0,0,0,0,0,0,0,0
2010,135,2.6,11981,0,0,0,1,0,0,0,0,0,0,0,0,0,0,0,0,0,0,0,0
1965,127,6.3,17,0,0,0,0,0,0,0,0,0,0,0,0,0,0,0,0,0,0,0,0
1994,160,5.2,133,0,0,0,1,0,0,0,0,0,0,0,0,0,0,0,0,0,0,0,0
1986,134,6.8,14,0,0,0,0,0,0,0,0,0,0,0,0,0,0,1,0,0,0,0,0
1982,151,6.4,73,0,0,0,0,0,0,0,0,0,0,0,0,0,0,0,0,0,0,0,0
2006,111,2.6,300,0,0,0,0,0,0,0,0,0,0,0,0,0,0,0,0,0,0,0,0
1966,159,7.9,746,0,0,0,1,0,0,0,0,0,0,0,0,0,0,0,0,0,0,0,0
1966,172,7.7,1135,0,0,0,1,0,0,0,0,0,0,0,0,0,0,0,0,0,0,0,0
2003,143,5.9,525,0,0,0,0,0,0,1,0,0,0,0,0,0,0,0,0,0,0,0,0
1990,134,4.5,52,0,0,0,0,0,0,0,0,0,0,0,0,0,0,0,0,0,0,0,0
1994,169,6.3,89,0,0,0,0,0,0,0,0,0,0,0,0,0,0,0,0,0,0,0,0
1961,134,3.9,15,0,0,0,0,0,0,0,0,0,0,0,0,0,0,0,0,0,0,0,0
1985,116,6.3,27,0,0,0,0,0,0,0,0,0,0,0,0,0,0,0,0,0,1,0,0
2011,125,2.5,351,0,0,0,0,0,0,0,0,0,0,0,0,0,0,0,0,0,0,0,0
2005,152,5.5,3182,0,0,0,0,0,0,0,0,0,0,0,0,0,0,0,0,0,0,0,0
2019,153,5.4,43,0,0,0,0,0,0,1,0,0,0,0,0,0,0,0,0,0,0,0,0
2017,108,1.8,262,0,0,0,0,0,0,0,0,0,0,0,0,0,0,1,0,0,0,0,0
2000,143,3.0,560,0,0,0,0,0,0,0,0,0,0,0,0,1,0,0,0,0,0,0,0
2009,155,6.0,210,0,0,0,0,1,0,0,0,0,0,0,0,0,0,0,0,0,0,0,0
2001,148,4.9,311,0,0,0,0,0,0,1,0,0,0,0,0,0,0,0,0,0,0,0,0
2015,107,4.0,9,0,0,0,1,0,0,0,0,0,0,0,0,0,0,0,0,0,0,0,0
2016,106,2.6,840,0,0,0,0,0,0,0,0,0,0,0,0,0,0,0,0,0,0,0,0
2010,95,7.2,10234,0,0,0,1,0,0,0,0,0,0,0,0,0,0,0,0,0,0,0,0
2016,104,4.3,860,0,0,0,1,0,0,0,0,0,0,0,0,0,0,0,0,0,0,0,0
1989,127,5.1,13,0,0,0,0,0,0,0,1,0,0,0,0,0,0,0,0,0,0,0,0
1963,149,7.4,394,0,0,0,0,0,0,0,0,0,0,0,0,0,0,1,0,0,0,0,0
2010,122,2.4,8,0,0,0,0,0,0,0,0,0,0,0,0,0,0,1,0,0,0,0,0
2001,138,5.3,52,0,0,0,0,0,0,1,0,0,0,0,0,0,0,0,0,0,0,0,0
1984,134,6.2,20,0,0,0,1,0,0,0,0,0,0,0,0,0,0,0,0,0,0,0,0
2011,120,5.3,243,0,0,0,1,0,0,0,0,0,0,0,0,0,0,0,0,0,0,0,0
1971,175,7.2,223,0,0,0,0,0,0,1,0,0,0,0,0,0,0,0,0,0,0,0,0
1996,146,6.2,483,0,0,0,0,0,0,0,0,0,0,0,0,0,0,0,0,0,0,0,0
2012,130,5.8,4120,0,0,0,1,0,0,0,0,0,0,0,0,0,0,0,0,0,0,0,0
1978,103,5.9,7,0,0,0,0,0,0,0,0,0,0,0,0,1,0,0,0,0,0,0,0
2009,132,6.2,589,0,0,0,0,0,0,1,0,0,0,0,0,0,0,0,0,0,0,0,0
1984,120,6.1,22,0,0,0,0,0,0,0,0,0,0,0,0,0,0,1,0,0,0,0,0
2018,125,3.1,125,0,0,0,0,0,0,0,0,0,0,0,0,0,0,0,0,0,0,0,0
2014,73,7.0,10,0,0,0,0,0,0,1,0,0,0,0,0,0,0,0,0,0,0,0,0
2020,68,5.7,23,1,0,0,0,0,0,0,0,0,0,0,0,0,0,0,0,0,0,0,0
1982,195,6.7,48,0,0,0,0,0,0,0,0,0,0,0,0,0,0,1,0,0,0,0,0
1982,155,5.0,11,0,0,0,0,0,0,0,1,0,0,0,0,0,0,0,0,0,0,0,0
1985,140,5.4,236,0,0,0,0,0,0,0,0,0,0,0,0,0,0,0,0,0,0,0,0
2012,117,4.7,3873,0,0,0,1,0,0,0,0,0,0,0,0,0,0,0,0,0,0,0,0
1993,120,5.3,36,0,0,0,0,0,0,1,0,0,0,0,0,0,0,0,0,0,0,0,0
1990,134,3.0,8,0,0,0,0,1,0,0,0,0,0,0,0,0,0,0,0,0,0,0,0
2016,130,6.8,71,0,0,0,0,0,0,0,0,0,0,0,0,0,0,0,0,0,0,0,0
2018,104,6.2,9,0,0,0,0,0,0,0,0,0,0,0,0,0,0,0,0,0,0,0,0
2015,157,4.0,3014,0,0,0,0,0,0,0,0,0,0,0,0,0,0,0,0,0,0,0,0
1988,173,7.0,2026,0,0,0,0,0,0,0,0,0,0,0,0,0,0,0,0,0,0,0,0
2012,121,3.9,2254,0,0,0,0,0,0,0,0,0,0,0,0,0,0,0,0,0,0,0,0
2019,120,5.2,3005,0,0,1,0,0,0,0,0,0,0,0,0,0,0,0,0,0,0,0,0
1999,163,5.9,583,0,0,0,0,0,0,0,0,0,0,0,0,0,0,0,0,0,0,0,0
1966,134,5.0,9,0,0,0,0,0,0,0,0,0,0,0,0,0,0,0,0,0,0,0,0
2002,162,5.7,1633,0,0,0,0,0,0,0,0,0,0,0,0,0,0,0,0,0,0,0,0
1990,151,5.6,368,0,0,0,0,0,0,0,0,0,0,0,0,0,0,0,0,0,0,0,0
1983,141,6.1,100,0,0,0,0,0,0,0,0,0,0,0,0,0,0,0,0,0,0,0,0
1982,134,5.0,81,0,0,0,0,0,0,0,0,0,0,0,0,0,0,0,0,0,0,0,0
2011,125,4.7,5433,0,0,0,1,0,0,0,0,0,0,0,0,0,0,0,0,0,0,0,0
2009,120,7.9,698,0,0,0,0,1,0,0,0,0,0,0,0,0,0,0,0,0,0,0,0
2020,142,6.8,15063,0,0,0,0,0,0,1,0,0,0,0,0,0,0,0,0,0,0,0,0
2010,103,6.7,3608,0,0,0,0,1,0,0,0,0,0,0,0,0,0,0,0,0,0,0,0
1951,134,7.0,6,0,0,0,0,0,0,1,0,0,0,0,0,0,0,0,0,0,0,0,0
2016,65,4.2,10,0,0,0,0,0,1,0,0,0,0,0,0,0,0,0,0,0,0,0,0
2001,165,4.8,100,0,0,0,0,0,0,0,0,0,0,0,0,0,0,0,0,0,0,0,0
1979,135,6.3,60,0,0,0,0,0,0,0,0,0,0,0,0,0,0,0,0,0,0,0,0
2019,112,6.0,6373,0,0,1,0,0,0,0,0,0,0,0,0,0,0,0,0,0,0,0,0
2005,110,7.3,425,0,0,0,1,0,0,0,0,0,0,0,0,0,0,0,0,0,0,0,0
2015,99,7.1,57,0,0,0,0,0,0,0,0,0,0,0,0,0,0,0,0,0,0,0,0
1989,149,5.7,81,0,0,0,0,0,0,0,0,0,0,0,0,0,0,0,0,0,0,0,0
2014,94,6.8,139,0,0,0,0,0,1,0,0,0,0,0,0,0,0,0,0,0,0,0,0
2011,100,6.4,9,0,0,0,0,0,0,0,0,0,0,0,0,0,0,0,0,0,1,0,0
2013,116,6.9,4752,0,0,0,0,0,0,0,0,0,0,0,0,0,0,0,0,0,0,0,0
2016,117,6.4,79642,1,0,0,0,0,0,0,0,0,0,0,0,0,0,0,0,0,0,0,0
2012,134,6.6,11,0,0,0,0,0,0,0,0,0,0,0,0,0,0,0,0,0,0,0,0
2021,153,6.1,11536,0,0,1,0,0,0,0,0,0,0,0,0,0,0,0,0,0,0,0,0
2005,90,7.4,1952,0,0,0,1,0,0,0,0,0,0,0,0,0,0,0,0,0,0,0,0
2016,110,5.6,198,0,0,0,0,0,0,0,0,0,0,0,0,0,0,0,0,0,0,0,0
2019,101,5.4,2965,0,0,0,0,0,0,0,0,0,0,0,0,0,1,0,0,0,0,0,0
2017,154,8.0,6847,0,0,0,0,0,0,0,0,0,0,0,0,0,0,0,0,0,0,0,0
2013,90,5.9,126,0,0,0,0,0,0,1,0,0,0,0,0,0,0,0,0,0,0,0,0
1980,142,6.8,1442,0,0,0,0,0,0,0,0,0,0,0,0,0,0,0,0,0,0,0,0
2020,134,7.5,22,0,0,0,0,0,0,1,0,0,0,0,0,0,0,0,0,0,0,0,0
2010,134,6.1,12,1,0,0,0,0,0,0,0,0,0,0,0,0,0,0,0,0,0,0,0
1997,137,8.3,49,0,0,0,0,0,0,0,0,0,0,0,0,0,0,0,0,0,0,0,0
1974,134,6.3,9,0,0,0,0,0,0,1,0,0,0,0,0,0,0,0,0,0,0,0,0
1977,129,7.6,3316,0,0,0,1,0,0,0,0,0,0,0,0,0,0,0,0,0,0,0,0
1976,134,7.7,540,0,0,0,0,0,0,1,0,0,0,0,0,0,0,0,0,0,0,0,0
2016,96,7.7,98,0,0,0,0,0,1,0,0,0,0,0,0,0,0,0,0,0,0,0,0
1970,134,4.9,7,0,1,0,0,0,0,0,0,0,0,0,0,0,0,0,0,0,0,0,0
1941,144,6.4,19,0,0,0,0,0,0,1,0,0,0,0,0,0,0,0,0,0,0,0,0
2007,91,7.2,185127,1,0,0,0,0,0,0,0,0,0,0,0,0,0,0,0,0,0,0,0
2018,125,5.9,478,0,0,0,0,0,0,1,0,0,0,0,0,0,0,0,0,0,0,0,0
1988,102,6.1,944,1,0,0,0,0,0,0,0,0,0,0,0,0,0,0,0,0,0,0,0
2019,134,7.3,10,0,0,0,0,0,0,1,0,0,0,0,0,0,0,0,0,0,0,0,0
2014,93,2.4,18,0,0,0,0,0,0,1,0,0,0,0,0,0,0,0,0,0,0,0,0
2011,144,6.6,8931,0,0,1,0,0,0,0,0,0,0,0,0,0,0,0,0,0,0,0,0
2013,121,3.6,12,0,0,0,0,0,0,0,0,0,0,0,0,0,0,0,0,0,1,0,0
1995,135,6.0,85,0,0,0,0,1,0,0,0,0,0,0,0,0,0,0,0,0,0,0,0
2017,138,6.0,14,0,0,0,0,0,0,1,0,0,0,0,0,0,0,0,0,0,0,0,0
2019,125,7.5,1707,0,0,0,0,0,0,0,0,0,0,0,0,0,0,0,0,0,0,0,0
2020,134,8.9,60,0,0,0,0,0,0,0,0,0,0,0,0,0,0,0,0,0,1,0,0
2009,87,5.1,265,0,0,0,0,0,0,1,0,0,0,0,0,0,0,0,0,0,0,0,0
1953,151,6.9,137,0,0,0,0,0,0,1,0,0,0,0,0,0,0,0,0,0,0,0,0
2005,144,6.4,84,0,0,0,0,1,0,0,0,0,0,0,0,0,0,0,0,0,0,0,0
2010,87,6.0,291,0,0,0,1,0,0,0,0,0,0,0,0,0,0,0,0,0,0,0,0
2010,92,3.4,16,0,0,0,0,0,0,0,0,0,0,0,0,0,0,0,0,0,0,0,0
2017,119,6.2,41,0,0,0,0,0,0,0,0,0,0,1,0,0,0,0,0,0,0,0,0
2008,95,5.4,13,0,0,0,0,0,0,1,0,0,0,0,0,0,0,0,0,0,0,0,0
2015,48,9.2,97,0,0,0,0,0,1,0,0,0,0,0,0,0,0,0,0,0,0,0,0
2009,88,5.0,114,0,0,0,0,0,0,1,0,0,0,0,0,0,0,0,0,0,0,0,0
1994,161,5.2,192,0,0,0,0,0,0,0,0,0,0,0,0,0,0,0,0,0,0,0,0
2017,116,7.6,12367,0,0,0,0,0,0,0,0,0,0,0,0,0,0,0,0,0,0,0,0
2021,120,4.4,7312,0,0,0,0,1,0,0,0,0,0,0,0,0,0,0,0,0,0,0,0
2014,112,7.1,58,0,0,0,0,0,0,0,0,0,0,0,0,0,0,0,0,0,0,0,0
1984,134,4.3,18,0,0,0,0,0,0,0,0,0,0,0,0,0,0,0,0,0,0,0,0
2013,92,6.1,532,0,0,0,0,0,0,1,0,0,0,0,0,0,0,0,0,0,0,0,0
1979,105,6.5,619,0,0,0,0,0,0,0,0,0,0,0,0,0,0,0,0,0,0,0,0
2007,110,6.2,179,0,0,0,0,0,0,1,0,0,0,0,0,0,0,0,0,0,0,0,0
2019,117,7.1,39,1,0,0,0,0,0,0,0,0,0,0,0,0,0,0,0,0,0,0,0
2011,60,6.5,14,0,0,0,0,0,1,0,0,0,0,0,0,0,0,0,0,0,0,0,0
2017,134,2.8,9,0,0,0,0,0,0,1,0,0,0,0,0,0,0,0,0,0,0,0,0
2017,134,7.0,6,0,0,1,0,0,0,0,0,0,0,0,0,0,0,0,0,0,0,0,0
2020,90,6.5,60,0,0,0,0,0,0,1,0,0,0,0,0,0,0,0,0,0,0,0,0
2014,77,4.1,528,0,1,0,0,0,0,0,0,0,0,0,0,0,0,0,0,0,0,0,0
2003,160,5.3,2133,0,0,0,0,0,0,0,0,0,0,0,0,0,0,0,0,0,0,0,0
2020,100,3.5,41,0,0,0,0,0,0,0,0,0,0,0,0,0,0,0,0,0,0,0,1
2019,80,8.0,9,0,0,0,1,0,0,0,0,0,0,0,0,0,0,0,0,0,0,0,0
2017,89,7.2,16,0,0,0,0,0,0,1,0,0,0,0,0,0,0,0,0,0,0,0,0
2010,76,8.0,19,0,0,0,0,0,1,0,0,0,0,0,0,0,0,0,0,0,0,0,0
2017,137,6.8,2139,0,0,0,0,0,0,0,0,0,0,1,0,0,0,0,0,0,0,0,0
2020,102,6.8,10,0,0,0,0,0,0,1,0,0,0,0,0,0,0,0,0,0,0,0,0
2014,122,7.3,78340,0,0,0,1,0,0,0,0,0,0,0,0,0,0,0,0,0,0,0,0
2017,100,7.2,894,0,0,0,0,0,0,1,0,0,0,0,0,0,0,0,0,0,0,0,0
2011,106,6.4,27,0,0,0,1,0,0,0,0,0,0,0,0,0,0,0,0,0,0,0,0
2010,82,6.4,34,0,0,0,0,0,0,0,0,0,0,0,0,0,1,0,0,0,0,0,0
2018,105,4.2,8,0,0,0,0,0,0,1,0,0,0,0,0,0,0,0,0,0,0,0,0
2017,118,6.0,12,0,0,0,0,0,0,0,0,0,0,0,0,0,0,0,0,0,1,0,0
2018,98,6.6,89,0,0,0,0,0,0,1,0,0,0,0,0,0,0,0,0,0,0,0,0
2020,122,6.1,7,0,0,0,0,0,0,0,0,0,0,0,0,0,0,0,0,0,1,0,0
2016,83,6.9,169,0,0,0,0,0,1,0,0,0,0,0,0,0,0,0,0,0,0,0,0
2006,117,4.7,1069,0,0,0,0,0,0,0,0,0,0,0,0,0,0,0,0,0,0,0,0
2012,134,5.0,7,0,0,0,0,0,0,0,0,0,0,0,0,0,0,0,0,0,1,0,0
2019,90,7.9,778,0,0,0,0,0,0,1,0,0,0,0,0,0,0,0,0,0,0,0,0
2014,134,5.3,6,0,0,0,0,1,0,0,0,0,0,0,0,0,0,0,0,0,0,0,0
2016,140,5.9,22,0,0,0,0,0,0,0,0,0,0,0,0,0,0,0,0,0,1,0,0
2014,147,7.3,29,0,0,1,0,0,0,0,0,0,0,0,0,0,0,0,0,0,0,0,0
2002,155,8.1,15250,0,0,0,0,0,0,0,0,0,0,0,0,0,0,0,0,0,0,0,0
2008,138,2.0,2442,0,0,0,0,0,0,0,0,0,0,0,0,0,0,0,0,0,0,0,0
2019,107,7.2,2375,0,0,0,1,0,0,0,0,0,0,0,0,0,0,0,0,0,0,0,0
1931,124,6.2,112,0,0,0,0,0,0,1,0,0,0,0,0,0,0,0,0,0,0,0,0
2013,117,7.8,10,0,0,1,0,0,0,0,0,0,0,0,0,0,0,0,0,0,0,0,0
2014,97,7.9,39,1,0,0,0,0,0,0,0,0,0,0,0,0,0,0,0,0,0,0,0
2012,134,4.9,13,1,0,0,0,0,0,0,0,0,0,0,0,0,0,0,0,0,0,0,0
2015,109,4.6,3105,0,0,0,0,0,0,0,0,0,0,0,0,0,0,0,0,0,0,0,0
2013,104,7.8,52120,0,0,0,0,0,0,1,0,0,0,0,0,0,0,0,0,0,0,0,0
1994,132,4.4,252,0,0,0,1,0,0,0,0,0,0,0,0,0,0,0,0,0,0,0,0
1995,89,7.0,243,0,0,0,0,0,0,1,0,0,0,0,0,0,0,0,0,0,0,0,0
2011,108,4.0,10,0,0,0,0,0,0,0,0,0,0,0,0,0,0,0,0,0,0,0,0
2001,117,5.8,439,0,0,0,1,0,0,0,0,0,0,0,0,0,0,0,0,0,0,0,0
1980,141,6.4,17,0,0,0,0,0,0,1,0,0,0,0,0,0,0,0,0,0,0,0,0
1970,134,6.4,19,0,0,0,0,0,0,1,0,0,0,0,0,0,0,0,0,0,0,0,0
2013,107,6.8,21,0,0,0,1,0,0,0,0,0,0,0,0,0,0,0,0,0,0,0,0
2007,106,6.2,5868,0,0,0,1,0,0,0,0,0,0,0,0,0,0,0,0,0,0,0,0
2016,96,5.3,17337,0,0,0,0,0,0,0,0,0,0,1,0,0,0,0,0,0,0,0,0
2018,120,3.5,164,0,0,0,0,0,0,1,0,0,0,0,0,0,0,0,0,0,0,0,0
2015,97,5.7,123,0,0,0,0,0,0,0,0,0,0,0,0,0,0,1,0,0,0,0,0
2019,111,8.7,85,0,0,0,0,1,0,0,0,0,0,0,0,0,0,0,0,0,0,0,0
2021,154,5.7,1544,0,0,0,0,0,0,0,0,0,0,0,0,0,0,0,0,0,0,0,0
2009,90,6.8,640,0,0,0,1,0,0,0,0,0,0,0,0,0,0,0,0,0,0,0,0
2000,97,6.8,84,0,1,0,0,0,0,0,0,0,0,0,0,0,0,0,0,0,0,0,0
1935,164,4.5,22,0,0,0,0,0,0,0,0,0,0,0,0,0,0,0,0,0,0,0,0
2020,115,8.6,14,0,0,0,0,0,0,1,0,0,0,0,0,0,0,0,0,0,0,0,0
2017,130,7.3,249,0,0,0,0,0,0,0,0,0,0,0,0,0,0,0,0,0,0,0,0
2012,52,6.4,52,0,0,0,0,0,1,0,0,0,0,0,0,0,0,0,0,0,0,0,0
2020,113,9.4,16,0,0,0,0,0,0,1,0,0,0,0,0,0,0,0,0,0,0,0,0
2000,108,2.9,15,0,0,0,0,0,0,0,0,0,0,0,0,0,0,0,0,0,0,0,0
2012,68,5.2,14,0,1,0,0,0,0,0,0,0,0,0,0,0,0,0,0,0,0,0,0
2014,110,6.9,793,0,0,0,0,0,0,0,0,0,0,0,0,0,0,0,0,0,1,0,0
1975,134,7.2,261,0,0,0,0,0,0,0,0,0,0,0,0,0,0,0,0,0,0,0,0
1952,101,7.0,280,0,0,0,0,0,0,0,0,0,0,0,0,0,0,0,0,0,0,0,0
2015,122,6.6,32007,0,0,0,1,0,0,0,0,0,0,0,0,0,0,0,0,0,0,0,0
1992,130,8.0,814,0,0,0,0,0,0,1,0,0,0,0,0,0,0,0,0,0,0,0,0
2013,72,7.0,83,0,0,0,0,0,1,0,0,0,0,0,0,0,0,0,0,0,0,0,0
2014,124,4.9,2906,0,0,0,1,0,0,0,0,0,0,0,0,0,0,0,0,0,0,0,0
2020,96,6.7,87,0,0,0,0,0,0,1,0,0,0,0,0,0,0,0,0,0,0,0,0
2019,106,7.7,92,0,0,0,0,0,0,0,0,0,0,0,0,0,0,0,0,0,0,0,0
2015,91,7.3,293,0,0,0,0,0,0,1,0,0,0,0,0,0,0,0,0,0,0,0,0
2015,115,6.4,64,1,0,0,0,0,0,0,0,0,0,0,0,0,0,0,0,0,0,0,0
1968,160,6.8,157,0,0,0,1,0,0,0,0,0,0,0,0,0,0,0,0,0,0,0,0
2019,143,7.6,7683,0,0,0,0,0,0,1,0,0,0,0,0,0,0,0,0,0,0,0,0
2017,119,5.9,294,0,0,0,0,0,0,1,0,0,0,0,0,0,0,0,0,0,0,0,0
2015,128,5.7,19,0,0,0,1,0,0,0,0,0,0,0,0,0,0,0,0,0,0,0,0
1996,107,7.2,72,0,0,0,0,0,0,1,0,0,0,0,0,0,0,0,0,0,0,0,0
2009,95,7.4,2808,0,0,0,0,1,0,0,0,0,0,0,0,0,0,0,0,0,0,0,0
2017,90,7.1,21,0,0,0,0,0,0,0,0,0,0,1,0,0,0,0,0,0,0,0,0
2019,134,7.8,9579,0,0,0,0,0,0,1,0,0,0,0,0,0,0,0,0,0,0,0,0
1960,134,6.9,121,0,0,0,1,0,0,0,0,0,0,0,0,0,0,0,0,0,0,0,0
1969,134,6.0,8,0,0,0,0,0,0,0,0,0,0,0,0,0,0,0,0,0,0,0,0
2015,87,7.3,55,0,0,0,0,0,0,1,0,0,0,0,0,0,0,0,0,0,0,0,0
1980,145,8.1,755,0,0,0,0,0,0,1,0,0,0,0,0,0,0,0,0,0,0,0,0
1970,138,6.4,155,0,0,0,0,0,0,0,0,0,0,0,0,0,0,0,0,0,0,0,0
2011,133,4.4,133,0,0,0,0,0,0,1,0,0,0,0,0,0,0,0,0,0,0,0,0
2007,134,4.3,1082,0,0,0,0,1,0,0,0,0,0,0,0,0,0,0,0,0,0,0,0
2017,99,5.7,81,0,0,0,0,0,0,1,0,0,0,0,0,0,0,0,0,0,0,0,0
2002,134,5.2,8,0,0,0,0,0,0,1,0,0,0,0,0,0,0,0,0,0,0,0,0
2017,60,9.0,45,0,0,0,0,0,1,0,0,0,0,0,0,0,0,0,0,0,0,0,0
2013,105,4.6,24,0,0,0,0,0,0,0,0,0,0,0,0,0,0,0,0,0,1,0,0
2010,75,5.7,62,0,0,0,0,0,0,1,0,0,0,0,0,0,0,0,0,0,0,0,0
2014,129,6.5,17169,0,0,0,0,0,0,0,0,0,0,0,0,0,0,0,0,0,0,0,0
2015,72,6.9,363,0,0,0,0,0,0,1,0,0,0,0,0,0,0,0,0,0,0,0,0
2010,90,6.0,99,0,0,0,0,1,0,0,0,0,0,0,0,0,0,0,0,0,0,0,0
2001,86,6.7,2541,1,0,0,0,0,0,0,0,0,0,0,0,0,0,0,0,0,0,0,0
2002,90,7.4,1789,0,0,0,1,0,0,0,0,0,0,0,0,0,0,0,0,0,0,0,0
2009,115,5.2,17,0,0,0,0,0,0,0,0,0,0,0,0,0,1,0,0,0,0,0,0
2021,125,7.1,49877,0,0,0,0,1,0,0,0,0,0,0,0,0,0,0,0,0,0,0,0
2021,106,4.5,235,0,0,0,0,1,0,0,0,0,0,0,0,0,0,0,0,0,0,0,0
2018,118,7.0,33,0,0,0,0,0,0,1,0,0,0,0,0,0,0,0,0,0,0,0,0
2017,134,7.2,9,0,0,0,0,0,0,0,0,0,0,1,0,0,0,0,0,0,0,0,0
2013,120,6.8,6,0,0,0,0,0,0,1,0,0,0,0,0,0,0,0,0,0,0,0,0
2015,107,5.9,15,0,0,0,0,1,0,0,0,0,0,0,0,0,0,0,0,0,0,0,0
2014,113,3.3,1608,0,0,0,0,0,0,0,0,0,0,0,0,0,1,0,0,0,0,0,0
2017,134,6.5,11,0,0,0,0,0,0,0,0,0,0,0,0,0,0,0,0,0,1,0,0
1967,125,7.3,847,0,0,0,0,1,0,0,0,0,0,0,0,0,0,0,0,0,0,0,0
2019,134,4.2,2119,0,0,0,1,0,0,0,0,0,0,0,0,0,0,0,0,0,0,0,0
1981,160,6.6,130,0,0,0,0,0,0,0,0,0,0,0,0,0,0,0,0,0,0,0,0
1977,134,6.6,19,1,0,0,0,0,0,0,0,0,0,0,0,0,0,0,0,0,0,0,0
1987,138,5.5,76,0,0,0,0,1,0,0,0,0,0,0,0,0,0,0,0,0,0,0,0
2016,140,4.4,147,0,0,0,0,0,0,0,0,0,0,0,0,0,0,0,0,0,0,0,0
1992,140,4.4,14,0,0,0,0,0,0,1,0,0,0,0,0,0,0,0,0,0,0,0,0
2012,134,2.2,11,0,0,0,0,0,0,0,0,0,0,0,0,0,0,0,0,0,1,0,0
2015,134,4.1,53,0,0,0,1,0,0,0,0,0,0,0,0,0,0,0,0,0,0,0,0
2008,145,4.9,2390,0,0,0,1,0,0,0,0,0,0,0,0,0,0,0,0,0,0,0,0
2004,134,4.6,19,0,0,0,0,0,0,1,0,0,0,0,0,0,0,0,0,0,0,0,0
1990,160,7.0,188,0,0,0,1,0,0,0,0,0,0,0,0,0,0,0,0,0,0,0,0
2008,134,3.9,42,0,0,0,0,0,0,1,0,0,0,0,0,0,0,0,0,0,0,0,0
2017,135,5.9,38,0,0,0,0,0,0,1,0,0,0,0,0,0,0,0,0,0,0,0,0
1980,150,5.9,101,0,0,0,0,0,0,1,0,0,0,0,0,0,0,0,0,0,0,0,0
1953,140,7.3,13,0,0,0,0,0,0,1,0,0,0,0,0,0,0,0,0,0,0,0,0
1974,134,5.6,9,0,0,0,0,0,0,0,0,0,0,0,0,0,0,0,0,0,0,0,0
2004,142,7.5,15,0,0,0,0,0,0,0,0,0,0,0,0,0,0,0,0,0,0,0,0
1983,137,6.4,108,0,0,0,0,0,0,1,0,0,0,0,0,0,0,0,0,0,0,0,0
2018,121,6.6,228,0,0,0,0,0,0,1,0,0,0,0,0,0,0,0,0,0,0,0,0
2015,124,5.9,7,0,0,0,1,0,0,0,0,0,0,0,0,0,0,0,0,0,0,0,0
2009,121,5.8,68,0,0,0,0,0,0,1,0,0,0,0,0,0,0,0,0,0,0,0,0
1990,134,7.6,23,0,0,0,0,0,0,1,0,0,0,0,0,0,0,0,0,0,0,0,0
1978,135,7.1,378,0,0,0,0,0,0,1,0,0,0,0,0,0,0,0,0,0,0,0,0
2018,164,4.1,18219,0,0,0,0,0,0,0,0,0,0,0,0,0,0,0,0,0,0,0,0
2007,134,5.4,419,0,0,0,0,0,0,0,0,0,0,0,0,0,0,0,0,0,0,0,0
1969,155,4.8,8,0,0,0,0,0,0,0,0,0,0,0,0,0,0,0,0,0,0,1,0
2016,130,6.4,45,0,0,0,0,0,0,0,0,0,0,0,0,0,0,0,0,0,0,0,0
2017,161,5.9,25732,0,0,0,0,0,0,0,0,0,0,0,0,0,0,0,0,0,0,0,0
2014,94,7.3,1553,0,0,0,0,0,0,1,0,0,0,0,0,0,0,0,0,0,0,0,0
2017,151,7.9,1785,0,0,0,0,0,0,1,0,0,0,0,0,0,0,0,0,0,0,0,0
1992,134,5.6,7,0,0,0,0,0,0,0,0,0,0,0,0,0,0,0,0,0,0,0,0
2015,98,5.9,338,0,0,0,0,0,0,1,0,0,0,0,0,0,0,0,0,0,0,0,0
2005,88,4.1,35,0,0,0,0,0,0,0,0,0,0,0,0,0,0,1,0,0,0,0,0
2021,113,1.8,730,0,0,0,0,0,0,0,0,0,0,0,0,1,0,0,0,0,0,0,0
2019,113,5.4,19,0,0,0,0,1,0,0,0,0,0,0,0,0,0,0,0,0,0,0,0
1977,135,6.3,22,0,0,0,0,0,0,1,0,0,0,0,0,0,0,0,0,0,0,0,0
1959,134,3.2,12,0,0,0,0,0,0,0,0,0,0,0,0,0,0,0,0,0,0,0,0
1992,168,6.9,1874,0,0,0,0,0,0,0,0,0,0,0,0,0,0,0,0,0,0,0,0
1998,144,5.0,53,0,0,0,1,0,0,0,0,0,0,0,0,0,0,0,0,0,0,0,0
2018,136,4.1,27,0,0,0,0,0,0,0,0,0,0,0,0,0,0,1,0,0,0,0,0
2014,116,7.6,4483,0,0,0,0,0,0,0,0,0,0,0,0,0,0,0,0,0,0,0,0
2014,111,4.3,100,0,0,0,1,0,0,0,0,0,0,0,0,0,0,0,0,0,0,0,0
2016,113,6.7,10,0,0,0,0,0,0,1,0,0,0,0,0,0,0,0,0,0,0,0,0
2000,159,4.4,2099,0,0,0,1,0,0,0,0,0,0,0,0,0,0,0,0,0,0,0,0
2018,75,6.9,118,0,0,0,0,0,0,1,0,0,0,0,0,0,0,0,0,0,0,0,0
2010,122,5.1,374,0,0,0,1,0,0,0,0,0,0,0,0,0,0,0,0,0,0,0,0
1984,159,5.2,121,0,0,0,0,0,0,1,0,0,0,0,0,0,0,0,0,0,0,0,0
1988,150,5.5,30,0,0,0,0,0,0,1,0,0,0,0,0,0,0,0,0,0,0,0,0
2017,155,7.2,18889,0,0,0,1,0,0,0,0,0,0,0,0,0,0,0,0,0,0,0,0
2006,137,3.2,557,0,0,0,0,0,0,0,0,0,0,0,0,0,0,0,0,0,0,0,0
2014,80,8.0,80,0,0,0,0,0,1,0,0,0,0,0,0,0,0,0,0,0,0,0,0
2018,124,7.9,485,0,0,0,0,0,0,0,0,0,0,0,0,0,0,0,0,0,1,0,0
1989,174,4.9,719,0,0,0,0,0,0,0,0,0,0,0,0,0,0,0,0,0,0,0,0
1975,138,5.7,34,0,0,0,0,0,0,0,0,0,0,0,0,0,0,0,0,0,0,0,0
1956,134,6.7,59,0,0,0,0,0,0,1,0,0,0,0,0,0,0,0,0,0,0,0,0
1937,112,3.4,11,1,0,0,0,0,0,0,0,0,0,0,0,0,0,0,0,0,0,0,0
2010,95,4.2,746,0,1,0,0,0,0,0,0,0,0,0,0,0,0,0,0,0,0,0,0
1978,136,5.7,12,0,0,0,0,0,0,1,0,0,0,0,0,0,0,0,0,0,0,0,0
1994,134,6.0,64,0,0,0,0,0,0,1,0,0,0,0,0,0,0,0,0,0,0,0,0
2016,87,5.4,34,0,0,0,0,0,0,1,0,0,0,0,0,0,0,0,0,0,0,0,0
2005,112,2.6,11,0,0,0,0,0,0,1,0,0,0,0,0,0,0,0,0,0,0,0,0
2020,133,6.8,5289,0,0,0,0,0,0,0,0,0,0,0,0,0,0,0,0,0,0,0,0
2009,134,5.8,11,0,0,0,0,1,0,0,0,0,0,0,0,0,0,0,0,0,0,0,0
2019,130,4.2,5649,0,0,0,0,0,0,0,0,0,0,0,0,0,0,0,0,0,0,0,0
2014,108,5.0,2881,0,0,0,1,0,0,0,0,0,0,0,0,0,0,0,0,0,0,0,0
2019,107,7.6,1361,0,0,0,0,0,0,1,0,0,0,0,0,0,0,0,0,0,0,0,0
1989,135,6.3,9,0,0,0,0,0,0,1,0,0,0,0,0,0,0,0,0,0,0,0,0
1962,134,5.2,25,0,0,0,0,0,0,1,0,0,0,0,0,0,0,0,0,0,0,0,0
2016,104,6.7,2478,1,0,0,0,0,0,0,0,0,0,0,0,0,0,0,0,0,0,0,0
2007,130,6.5,1544,0,0,0,0,0,0,1,0,0,0,0,0,0,0,0,0,0,0,0,0
2015,57,8.0,16,0,0,0,0,0,1,0,0,0,0,0,0,0,0,0,0,0,0,0,0
2015,97,5.6,144,0,0,0,0,1,0,0,0,0,0,0,0,0,0,0,0,0,0,0,0
1998,111,6.7,245,0,0,0,0,0,0,1,0,0,0,0,0,0,0,0,0,0,0,0,0
2016,105,7.6,11216,0,0,0,0,0,0,1,0,0,0,0,0,0,0,0,0,0,0,0,0
2011,107,5.3,89,0,0,0,0,1,0,0,0,0,0,0,0,0,0,0,0,0,0,0,0
2021,95,6.1,2508,0,0,0,0,0,0,1,0,0,0,0,0,0,0,0,0,0,0,0,0
1989,173,6.3,1873,0,0,0,0,0,0,0,0,0,0,0,0,0,0,0,0,0,0,0,0
1985,137,7.0,255,0,0,0,0,0,0,1,0,0,0,0,0,0,0,0,0,0,0,0,0
1986,134,6.5,11,0,0,0,0,0,0,1,0,0,0,0,0,0,0,0,0,0,0,0,0
1980,134,8.4,31,0,0,0,0,0,0,0,0,0,0,0,0,0,0,0,0,0,0,1,0
1974,134,6.0,20,0,0,0,0,1,0,0,0,0,0,0,0,0,0,0,0,0,0,0,0
1995,187,4.8,2516,0,0,0,0,0,0,0,0,0,0,0,0,0,0,0,0,0,0,0,0
1991,157,5.1,75,0,0,0,0,0,0,0,0,0,0,0,0,0,0,0,0,0,0,0,0
2014,113,2.4,266,0,0,0,0,0,0,0,0,0,0,1,0,0,0,0,0,0,0,0,0
1988,114,7.3,63,0,0,0,0,0,0,1,0,0,0,0,0,0,0,0,0,0,0,0,0
1999,134,4.3,20,0,0,0,0,0,0,0,0,0,0,0,0,0,0,0,0,0,0,0,0
1978,127,7.2,48,0,0,0,0,0,0,1,0,0,0,0,0,0,0,0,0,0,0,0,0
2011,117,6.0,3021,0,0,0,0,0,0,1,0,0,0,0,0,0,0,0,0,0,0,0,0
1978,167,7.7,2086,0,0,0,0,0,0,0,0,0,0,0,0,0,0,0,0,0,0,0,0
1985,131,5.2,6,0,0,0,0,1,0,0,0,0,0,0,0,0,0,0,0,0,0,0,0
1994,120,7.3,73,0,0,0,0,0,0,1,0,0,0,0,0,0,0,0,0,0,0,0,0
2010,134,3.0,20,0,0,0,0,0,0,0,0,0,0,0,0,0,0,0,0,0,0,0,0
2020,96,8.0,13,0,0,0,0,0,0,1,0,0,0,0,0,0,0,0,0,0,0,0,0
2003,134,4.7,6,0,0,0,0,0,0,1,0,0,0,0,0,0,0,0,0,0,0,0,0
1996,153,5.2,1307,0,0,0,0,0,0,0,0,0,0,0,0,0,0,0,0,0,0,0,0
1965,134,6.0,7,0,0,0,0,0,0,1,0,0,0,0,0,0,0,0,0,0,0,0,0
1989,134,4.3,9,0,0,0,0,0,0,0,0,0,0,0,0,0,0,0,0,0,0,0,0
1960,134,5.4,8,0,0,0,0,0,0,1,0,0,0,0,0,0,0,0,0,0,0,0,0
2017,136,3.8,17774,0,0,0,0,0,0,1,0,0,0,0,0,0,0,0,0,0,0,0,0
2021,106,4.5,574,0,0,0,1,0,0,0,0,0,0,0,0,0,0,0,0,0,0,0,0
2003,155,6.4,370,0,0,0,0,0,0,0,0,0,0,0,0,0,0,1,0,0,0,0,0
1989,134,4.7,6,0,0,0,0,0,0,0,0,0,0,0,0,0,0,0,0,0,0,0,0
2015,88,6.2,11,0,0,0,0,0,0,1,0,0,0,0,0,0,0,0,0,0,0,0,0
2018,134,6.5,13,0,0,0,0,0,0,1,0,0,0,0,0,0,0,0,0,0,0,0,0
1941,134,6.3,9,0,0,0,0,0,0,0,0,0,0,0,0,0,0,0,0,0,0,1,0
1971,162,6.6,18,1,0,0,0,0,0,0,0,0,0,0,0,0,0,0,0,0,0,0,0
2008,134,6.0,83,0,0,0,0,0,0,1,0,0,0,0,0,0,0,0,0,0,0,0,0
1954,134,6.6,14,0,0,0,0,0,0,1,0,0,0,0,0,0,0,0,0,0,0,0,0
2016,147,4.8,1187,0,0,0,0,0,0,1,0,0,0,0,0,0,0,0,0,0,0,0,0
2001,158,7.5,3259,0,0,0,0,0,0,1,0,0,0,0,0,0,0,0,0,0,0,0,0
1970,148,7.0,87,0,0,0,1,0,0,0,0,0,0,0,0,0,0,0,0,0,0,0,0
2011,134,3.9,10,0,0,0,0,0,0,1,0,0,0,0,0,0,0,0,0,0,0,0,0
2011,135,3.9,24,0,0,0,0,0,0,1,0,0,0,0,0,0,0,0,0,0,0,0,0
2002,134,5.3,6,0,0,0,0,0,0,0,0,0,0,0,0,0,0,1,0,0,0,0,0
1993,134,6.4,18,0,0,0,0,0,0,0,0,0,0,0,0,0,0,1,0,0,0,0,0
1990,129,4.7,879,0,0,0,0,0,0,0,0,1,0,0,0,0,0,0,0,0,0,0,0
2009,140,5.0,1530,0,0,0,0,0,0,1,0,0,0,0,0,0,0,0,0,0,0,0,0
2010,128,5.6,463,0,0,0,1,0,0,0,0,0,0,0,0,0,0,0,0,0,0,0,0
2002,150,4.6,200,0,0,0,0,0,0,1,0,0,0,0,0,0,0,0,0,0,0,0,0
2005,134,4.9,37,0,0,0,0,0,0,0,0,0,0,0,0,0,0,1,0,0,0,0,0
2004,150,2.4,182,0,0,0,0,0,0,1,0,0,0,0,0,0,0,0,0,0,0,0,0
2018,104,8.3,32920,0,0,0,0,0,0,1,0,0,0,0,0,0,0,0,0,0,0,0,0
1975,134,6.3,6,0,0,0,0,0,0,1,0,0,0,0,0,0,0,0,0,0,0,0,0
1982,139,5.6,11,0,0,0,0,0,0,1,0,0,0,0,0,0,0,0,0,0,0,0,0
1978,134,6.0,36,0,0,0,0,0,0,1,0,0,0,0,0,0,0,0,0,0,0,0,0
1978,136,6.1,19,0,0,0,0,0,0,0,0,0,0,0,0,0,0,1,0,0,0,0,0
2017,150,7.0,4761,0,0,0,1,0,0,0,0,0,0,0,0,0,0,0,0,0,0,0,0
2002,160,5.6,2787,0,0,0,0,0,0,0,0,0,0,0,0,0,0,0,0,0,0,0,0
1957,156,7.0,121,0,0,0,0,0,0,0,0,0,0,0,0,1,0,0,0,0,0,0,0
2004,128,4.5,717,0,0,0,0,0,0,0,0,0,0,0,0,1,0,0,0,0,0,0,0
1969,108,6.5,80,0,0,0,1,0,0,0,0,0,0,0,0,0,0,0,0,0,0,0,0
2000,134,3.4,13,0,0,0,0,0,0,1,0,0,0,0,0,0,0,0,0,0,0,0,0
1996,120,5.9,16,0,0,0,1,0,0,0,0,0,0,0,0,0,0,0,0,0,0,0,0
2011,121,5.1,369,0,0,0,1,0,0,0,0,0,0,0,0,0,0,0,0,0,0,0,0
2018,142,6.2,20,0,0,0,0,0,0,0,0,0,0,0,0,0,0,0,0,0,0,0,0
2018,134,8.6,9,0,0,0,0,0,0,1,0,0,0,0,0,0,0,0,0,0,0,0,0
2017,72,8.1,43,0,0,0,0,0,0,1,0,0,0,0,0,0,0,0,0,0,0,0,0
2016,138,5.5,744,0,0,0,1,0,0,0,0,0,0,0,0,0,0,0,0,0,0,0,0
2012,127,5.0,34,0,0,0,0,0,0,0,0,0,0,0,0,0,0,1,0,0,0,0,0
2005,134,4.6,8,0,0,0,0,0,0,0,0,1,0,0,0,0,0,0,0,0,0,0,0
2013,92,6.9,75,0,0,0,1,0,0,0,0,0,0,0,0,0,0,0,0,0,0,0,0
1977,134,7.2,29,0,0,0,0,0,0,1,0,0,0,0,0,0,0,0,0,0,0,0,0
1992,145,4.8,57,0,0,0,0,0,0,1,0,0,0,0,0,0,0,0,0,0,0,0,0
2017,100,6.8,45,0,0,0,1,0,0,0,0,0,0,0,0,0,0,0,0,0,0,0,0
2008,156,5.9,2443,0,0,0,0,0,0,1,0,0,0,0,0,0,0,0,0,0,0,0,0
2011,140,5.8,95,0,0,0,0,0,0,0,0,0,0,0,0,0,0,1,0,0,0,0,0
2005,134,6.9,14,0,0,0,1,0,0,0,0,0,0,0,0,0,0,0,0,0,0,0,0
2017,90,6.6,56,0,0,0,0,0,0,0,0,0,0,0,0,0,0,1,0,0,0,0,0
1997,128,4.5,142,0,0,0,0,0,0,0,0,0,0,0,0,0,0,0,0,0,0,0,0
2010,134,8.1,43199,0,0,0,0,0,0,1,0,0,0,0,0,0,0,0,0,0,0,0,0
2018,123,3.5,43,0,0,0,1,0,0,0,0,0,0,0,0,0,0,0,0,0,0,0,0
1949,134,8.9,9,0,0,0,0,0,0,1,0,0,0,0,0,0,0,0,0,0,0,0,0
1994,134,5.7,130,0,0,0,0,0,0,1,0,0,0,0,0,0,0,0,0,0,0,0,0
2021,134,8.2,29,0,0,0,0,1,0,0,0,0,0,0,0,0,0,0,0,0,0,0,0
1976,136,5.0,21,0,0,0,0,0,0,1,0,0,0,0,0,0,0,0,0,0,0,0,0
2016,148,7.8,28010,0,0,0,0,0,0,0,0,0,0,0,0,0,0,0,0,0,0,0,0
1997,134,4.7,52,0,0,0,0,0,0,0,1,0,0,0,0,0,0,0,0,0,0,0,0
2013,128,8.0,20709,0,0,0,0,1,0,0,0,0,0,0,0,0,0,0,0,0,0,0,0
2008,117,3.7,710,0,0,0,1,0,0,0,0,0,0,0,0,0,0,0,0,0,0,0,0
2016,120,6.1,8,0,0,0,0,0,0,1,0,0,0,0,0,0,0,0,0,0,0,0,0
1959,109,6.8,61,0,0,0,0,1,0,0,0,0,0,0,0,0,0,0,0,0,0,0,0
1974,124,6.2,10,0,0,0,0,0,0,1,0,0,0,0,0,0,0,0,0,0,0,0,0
2019,120,6.9,4944,0,0,0,1,0,0,0,0,0,0,0,0,0,0,0,0,0,0,0,0
1994,134,5.0,7,0,0,0,0,0,0,1,0,0,0,0,0,0,0,0,0,0,0,0,0
1975,137,6.5,86,0,0,0,0,0,0,0,0,0,0,0,0,0,1,0,0,0,0,0,0
2001,134,4.5,21,0,0,0,0,0,0,1,0,0,0,0,0,0,0,0,0,0,0,0,0
1985,134,5.3,22,0,0,0,1,0,0,0,0,0,0,0,0,0,0,0,0,0,0,0,0
2019,120,7.0,49,0,0,1,0,0,0,0,0,0,0,0,0,0,0,0,0,0,0,0,0
1970,134,4.4,7,0,0,0,0,0,0,1,0,0,0,0,0,0,0,0,0,0,0,0,0
2006,135,5.5,68,0,0,0,0,1,0,0,0,0,0,0,0,0,0,0,0,0,0,0,0
1992,151,4.2,44,0,0,0,1,0,0,0,0,0,0,0,0,0,0,0,0,0,0,0,0
1975,134,5.6,19,0,0,0,0,0,0,0,0,0,0,0,0,0,0,0,0,0,0,0,0
1982,151,6.6,128,0,0,0,0,0,0,1,0,0,0,0,0,0,0,0,0,0,0,0,0
1962,134,4.9,7,0,0,0,0,0,0,1,0,0,0,0,0,0,0,0,0,0,0,0,0
2014,126,5.5,10,0,0,0,0,0,0,1,0,0,0,0,0,0,0,0,0,0,0,0,0
2006,188,5.5,1858,0,0,0,0,0,0,1,0,0,0,0,0,0,0,0,0,0,0,0,0
2015,98,6.6,1328,0,0,0,1,0,0,0,0,0,0,0,0,0,0,0,0,0,0,0,0
1990,60,8.2,20,0,0,0,0,0,1,0,0,0,0,0,0,0,0,0,0,0,0,0,0
2015,93,8.2,20,0,0,0,0,0,0,1,0,0,0,0,0,0,0,0,0,0,0,0,0
2007,142,6.6,242,0,0,0,0,1,0,0,0,0,0,0,0,0,0,0,0,0,0,0,0
1980,125,5.8,17,0,0,0,0,0,0,1,0,0,0,0,0,0,0,0,0,0,0,0,0
2014,102,5.1,1885,0,0,0,0,1,0,0,0,0,0,0,0,0,0,0,0,0,0,0,0
2014,114,5.7,3663,0,0,0,0,1,0,0,0,0,0,0,0,0,0,0,0,0,0,0,0
1996,90,4.2,19,0,0,0,0,0,0,1,0,0,0,0,0,0,0,0,0,0,0,0,0
2017,106,7.3,694,0,0,0,0,0,0,1,0,0,0,0,0,0,0,0,0,0,0,0,0
2011,134,3.9,45,0,0,0,0,0,0,0,0,0,0,0,0,0,0,0,0,0,0,0,0
2020,134,5.4,9,0,0,0,0,1,0,0,0,0,0,0,0,0,0,0,0,0,0,0,0
2018,134,8.3,7,0,0,0,0,0,0,1,0,0,0,0,0,0,0,0,0,0,0,0,0
2019,106,6.5,19,0,0,0,0,0,0,0,0,0,0,0,0,0,0,0,0,0,0,0,0
2006,145,3.3,39,0,0,0,0,0,0,1,0,0,0,0,0,0,0,0,0,0,0,0,0
2020,113,7.0,2057,0,0,0,0,0,0,1,0,0,0,0,0,0,0,0,0,0,0,0,0
1971,134,6.7,28,0,0,0,0,0,0,1,0,0,0,0,0,0,0,0,0,0,0,0,0
2019,137,7.8,9,0,0,0,0,0,0,0,1,0,0,0,0,0,0,0,0,0,0,0,0
1971,122,7.2,78,0,0,0,0,0,0,0,1,0,0,0,0,0,0,0,0,0,0,0,0
1967,175,7.5,550,0,0,0,0,0,0,1,0,0,0,0,0,0,0,0,0,0,0,0,0
2019,112,6.7,736,0,0,0,0,0,0,1,0,0,0,0,0,0,0,0,0,0,0,0,0
1955,151,7.4,64,0,0,0,1,0,0,0,0,0,0,0,0,0,0,0,0,0,0,0,0
2018,138,8.2,45981,0,0,0,0,0,0,0,0,0,0,0,0,0,0,0,0,0,0,0,0
2019,57,7.1,20,0,0,0,0,0,0,1,0,0,0,0,0,0,0,0,0,0,0,0,0
1970,110,6.9,420,0,0,0,0,0,0,1,0,0,0,0,0,0,0,0,0,0,0,0,0
1960,150,6.8,28,0,0,0,0,0,0,1,0,0,0,0,0,0,0,0,0,0,0,0,0
1974,134,6.5,21,0,0,0,0,0,0,1,0,0,0,0,0,0,0,0,0,0,0,0,0
1989,153,5.2,13,0,0,0,0,0,0,1,0,0,0,0,0,0,0,0,0,0,0,0,0
1982,134,3.8,34,0,0,0,0,0,0,0,0,0,0,0,0,0,0,0,0,0,0,0,0
1963,144,7.4,35,0,0,0,0,0,0,0,0,0,0,0,0,0,0,0,0,0,0,0,0
1998,139,4.4,39,0,0,0,0,0,0,0,0,0,0,0,0,0,0,0,0,0,0,0,0
2015,85,5.6,101,0,0,0,0,0,0,1,0,0,0,0,0,0,0,0,0,0,0,0,0
1984,145,6.9,361,0,0,0,0,0,0,1,0,0,0,0,0,0,0,0,0,0,0,0,0
2011,120,6.0,306,0,0,0,1,0,0,0,0,0,0,0,0,0,0,0,0,0,0,0,0
1987,155,4.2,101,0,0,0,0,0,0,0,0,0,0,0,0,0,0,0,0,0,0,0,0
2006,180,4.1,32,0,0,0,0,0,0,1,0,0,0,0,0,0,0,0,0,0,0,0,0
2004,134,4.8,42,0,0,0,1,0,0,0,0,0,0,0,0,0,0,0,0,0,0,0,0
2015,138,4.9,151,0,0,0,1,0,0,0,0,0,0,0,0,0,0,0,0,0,0,0,0
2000,134,6.9,221,0,0,0,0,0,0,0,0,0,0,0,0,0,0,0,0,0,1,0,0
2020,140,6.9,6758,0,0,0,0,0,0,0,0,0,0,0,0,0,0,0,0,0,0,0,0
2005,122,5.6,826,0,0,0,0,1,0,0,0,0,0,0,0,0,0,0,0,0,0,0,0
2009,101,4.8,395,0,0,0,0,0,0,1,0,0,0,0,0,0,0,0,0,0,0,0,0
1994,134,4.8,17,0,0,0,0,0,0,1,0,0,0,0,0,0,0,0,0,0,0,0,0
2005,153,4.5,2293,0,0,0,1,0,0,0,0,0,0,0,0,0,0,0,0,0,0,0,0
1968,150,5.8,10,0,0,0,0,0,0,0,0,0,0,0,0,0,0,0,0,0,0,0,0
1999,145,8.0,12996,0,0,0,0,0,0,0,0,0,0,0,0,0,0,0,0,0,0,0,0
2004,106,5.0,639,0,0,0,0,0,0,0,0,0,0,1,0,0,0,0,0,0,0,0,0
1955,118,5.3,18,0,0,0,0,0,0,1,0,0,0,0,0,0,0,0,0,0,0,0,0
1974,121,6.8,20,0,0,0,0,0,0,1,0,0,0,0,0,0,0,0,0,0,0,0,0
2018,164,8.5,13120,0,0,0,0,0,0,0,0,0,0,0,0,0,0,0,0,0,0,0,0
2002,134,6.1,137,0,0,0,0,0,0,0,0,0,0,0,0,0,1,0,0,0,0,0,0
2018,61,6.9,187,0,0,0,1,0,0,0,0,0,0,0,0,0,0,0,0,0,0,0,0
1988,133,7.7,373,0,0,0,0,0,0,0,0,0,0,0,0,1,0,0,0,0,0,0,0
1995,134,4.8,36,0,0,0,0,0,0,0,0,0,0,0,0,0,0,0,0,0,0,1,0
1982,150,7.3,85,0,0,0,0,0,0,1,0,0,0,0,0,0,0,0,0,0,0,0,0
2003,134,1.9,42,0,0,0,0,0,0,0,0,0,0,0,0,0,0,1,0,0,0,0,0
2012,134,2.3,29,0,0,0,0,0,0,0,0,0,0,0,0,0,0,1,0,0,0,0,0
1962,135,5.5,47,0,0,0,0,0,0,0,0,0,0,0,0,0,0,0,0,0,0,0,0
2006,155,7.0,1779,1,0,0,0,0,0,0,0,0,0,0,0,0,0,0,0,0,0,0,0
1946,98,7.0,18,0,0,0,0,0,0,1,0,0,0,0,0,0,0,0,0,0,0,0,0
2000,145,4.7,706,0,0,0,0,0,0,0,0,0,0,0,0,0,0,0,0,0,0,0,0
1975,134,7.5,26,0,0,0,0,0,0,0,1,0,0,0,0,0,0,0,0,0,0,0,0
2021,134,7.8,5,0,0,0,0,0,1,0,0,0,0,0,0,0,0,0,0,0,0,0,0
2021,93,8.2,32,0,0,0,0,0,0,1,0,0,0,0,0,0,0,0,0,0,0,0,0
1992,135,6.0,78,0,0,0,0,0,0,0,0,0,0,0,0,0,0,0,0,0,0,0,0
1975,136,7.4,7,0,0,0,0,0,0,1,0,0,0,0,0,0,0,0,0,0,0,0,0
1989,161,4.5,158,0,0,0,0,0,0,0,0,0,0,0,0,0,0,0,0,0,0,0,0
2004,134,5.1,18,0,0,0,0,0,0,0,0,0,0,0,0,0,0,0,0,0,0,0,0
1991,134,2.5,6,0,0,0,0,0,0,0,0,0,0,0,0,0,0,0,0,0,0,0,0
2001,158,5.1,9,0,0,0,0,0,0,0,0,0,0,0,0,0,0,0,0,0,1,0,0
1982,134,6.8,229,0,0,0,0,0,0,1,0,0,0,0,0,0,0,0,0,0,0,0,0
2011,132,3.7,311,0,0,0,0,0,0,0,0,0,0,0,0,0,0,0,0,0,0,0,0
1995,134,3.7,31,0,0,0,0,0,0,0,0,0,0,0,0,0,0,0,0,0,0,0,0
2010,169,4.5,7598,0,0,0,0,0,0,0,0,0,0,0,0,0,0,0,0,0,0,0,0
1970,130,7.0,8,0,0,0,0,0,0,0,0,0,0,0,0,0,0,0,0,0,0,0,0
1977,134,8.1,7,0,0,0,0,0,0,1,0,0,0,0,0,0,0,0,0,0,0,0,0
2005,134,4.3,9,0,0,0,0,0,0,0,0,0,0,0,0,0,0,0,0,0,0,0,0
1986,134,4.8,5,1,0,0,0,0,0,0,0,0,0,0,0,0,0,0,0,0,0,0,0
1949,134,4.9,9,0,0,0,0,0,0,0,0,0,0,0,0,0,0,0,0,0,0,0,0
1970,134,6.8,9,1,0,0,0,0,0,0,0,0,0,0,0,0,0,0,0,0,0,0,0
1945,134,4.6,5,1,0,0,0,0,0,0,0,0,0,0,0,0,0,0,0,0,0,0,0
2001,165,6.8,115,0,0,1,0,0,0,0,0,0,0,0,0,0,0,0,0,0,0,0,0
2008,85,7.2,34,0,1,0,0,0,0,0,0,0,0,0,0,0,0,0,0,0,0,0,0
1994,240,6.6,571,0,0,0,1,0,0,0,0,0,0,0,0,0,0,0,0,0,0,0,0
2009,175,6.5,257,0,0,0,0,0,0,0,0,0,0,0,0,0,0,0,0,0,0,0,0
2010,134,6.8,79,0,0,0,0,0,0,1,0,0,0,0,0,0,0,0,0,0,0,0,0
2017,100,6.4,222,0,0,0,0,0,0,0,0,0,0,0,0,0,0,0,0,0,0,0,0
1988,135,6.6,718,0,0,0,0,0,0,0,0,0,0,0,0,0,0,0,0,0,0,0,0
2016,125,5.3,711,0,0,0,0,0,0,0,0,0,0,0,0,0,0,0,0,0,0,0,0
2018,135,3.2,12000,0,0,0,1,0,0,0,0,0,0,0,0,0,0,0,0,0,0,0,0
2018,131,2.8,498,0,0,0,1,0,0,0,0,0,0,0,0,0,0,0,0,0,0,0,0
2016,134,4.7,10,0,0,0,0,0,0,0,0,0,1,0,0,0,0,0,0,0,0,0,0
1995,166,5.7,1533,0,0,0,0,0,0,0,0,0,0,0,0,0,0,0,0,0,0,0,0
2019,61,6.0,21,0,0,0,0,0,0,0,0,0,0,0,0,0,0,0,0,0,0,0,0
1993,129,5.8,84,0,0,0,0,0,0,0,0,0,0,0,0,0,0,0,0,0,0,0,0
1990,134,4.6,28,0,0,0,0,0,0,0,0,0,0,0,0,0,0,0,0,0,0,0,0
1975,127,5.0,5,0,0,0,0,0,0,1,0,0,0,0,0,0,0,0,0,0,0,0,0
2004,192,7.8,50101,0,0,0,0,0,0,1,0,0,0,0,0,0,0,0,0,0,0,0,0
2011,95,6.7,165,0,0,0,0,0,0,1,0,0,0,0,0,0,0,0,0,0,0,0,0
2011,144,6.0,26,0,0,0,0,0,0,0,0,0,0,0,0,0,0,0,0,0,0,0,0
2019,78,4.7,11,0,0,0,0,0,0,0,0,0,0,0,0,0,1,0,0,0,0,0,0
1989,142,6.7,299,0,0,0,0,0,0,0,0,0,0,0,0,0,0,0,0,0,0,0,0
2008,104,5.4,159,0,0,0,0,0,0,1,0,0,0,0,0,0,0,0,0,0,0,0,0
2017,106,6.7,7117,0,0,1,0,0,0,0,0,0,0,0,0,0,0,0,0,0,0,0,0
1989,122,6.9,57,0,0,0,0,0,0,0,0,0,0,0,0,0,0,0,0,0,0,0,0
2012,126,7.8,40589,0,0,0,1,0,0,0,0,0,0,0,0,0,0,0,0,0,0,0,0
1972,100,7.1,191,0,0,0,0,0,0,0,0,0,0,0,0,0,0,0,0,0,0,0,0
2007,134,3.5,149,0,0,0,1,0,0,0,0,0,0,0,0,0,0,0,0,0,0,0,0
2017,78,5.3,34,0,0,0,1,0,0,0,0,0,0,0,0,0,0,0,0,0,0,0,0
2009,160,3.8,481,0,0,0,0,0,0,1,0,0,0,0,0,0,0,0,0,0,0,0,0
1977,134,5.5,6,0,0,0,0,0,0,0,0,0,0,0,0,0,0,0,0,0,0,0,0
1982,168,7.2,360,0,0,0,0,0,0,0,0,0,0,0,0,0,0,0,0,0,0,0,0
2006,250,5.2,12,0,0,0,0,0,0,0,0,0,0,0,0,0,0,0,0,0,0,0,0
1990,135,5.2,12,0,0,0,0,0,0,0,0,0,0,0,0,0,0,0,0,0,0,0,0
1986,148,6.5,57,0,0,0,0,0,0,0,0,0,0,0,0,0,0,0,0,0,0,0,0
1948,134,7.7,33,0,0,0,0,0,0,1,0,0,0,0,0,0,0,0,0,0,0,0,0
1952,134,8.0,13,0,0,0,0,0,0,0,0,0,0,0,0,0,0,0,0,0,0,1,0
2018,108,9.2,35,0,0,0,0,0,1,0,0,0,0,0,0,0,0,0,0,0,0,0,0
2005,118,7.1,488,0,0,0,0,0,0,1,0,0,0,0,0,0,0,0,0,0,0,0,0
2009,120,7.2,254,0,0,0,0,0,0,1,0,0,0,0,0,0,0,0,0,0,0,0,0
1988,172,5.6,219,0,0,0,0,0,0,0,0,0,0,0,0,0,0,0,0,0,0,0,0
1994,163,5.0,648,0,0,0,0,0,0,0,0,0,0,0,0,0,0,0,0,0,0,0,0
1982,151,7.3,275,0,0,0,0,0,0,1,0,0,0,0,0,0,0,0,0,0,0,0,0
1996,134,4.1,76,0,0,0,0,0,0,0,0,0,0,0,0,0,0,0,0,0,0,0,0
2011,130,6.1,15,0,0,0,0,1,0,0,0,0,0,0,0,0,0,0,0,0,0,0,0
1986,136,7.3,504,0,0,0,0,0,0,0,0,0,0,0,0,0,0,0,0,0,0,0,0
1986,134,7.1,38,0,0,0,0,0,0,0,0,0,0,0,0,0,0,0,0,0,0,0,0
1991,134,5.3,9,0,0,0,0,0,0,0,0,0,0,0,0,0,0,0,0,0,0,0,0
2004,134,6.1,12,0,1,0,0,0,0,0,0,0,0,0,0,0,0,0,0,0,0,0,0
1986,134,6.8,5,0,0,0,0,0,0,0,0,1,0,0,0,0,0,0,0,0,0,0,0
2009,146,3.7,3820,0,0,0,0,0,0,0,0,0,0,0,0,0,0,0,0,0,0,0,0
2020,82,6.2,56,0,0,0,0,0,0,1,0,0,0,0,0,0,0,0,0,0,0,0,0
2020,134,5.0,5,0,0,0,0,0,0,0,0,0,0,1,0,0,0,0,0,0,0,0,0
1998,159,5.3,254,0,0,0,0,0,0,0,0,0,0,0,0,0,0,0,0,0,0,0,0
2017,110,5.6,36,0,0,0,0,0,0,1,0,0,0,0,0,0,0,0,0,0,0,0,0
2021,150,8.9,294,0,0,0,0,1,0,0,0,0,0,0,0,0,0,0,0,0,0,0,0
1997,165,7.5,2533,0,0,0,0,0,0,1,0,0,0,0,0,0,0,0,0,0,0,0,0
2020,111,2.9,1097,0,0,0,1,0,0,0,0,0,0,0,0,0,0,0,0,0,0,0,0
1992,143,4.3,60,0,0,0,0,0,0,1,0,0,0,0,0,0,0,0,0,0,0,0,0
2005,132,7.1,2050,0,0,0,0,0,0,1,0,0,0,0,0,0,0,0,0,0,0,0,0
2008,99,4.9,66,0,0,0,0,0,0,0,0,0,0,0,0,0,0,0,0,0,0,0,0
1991,134,4.2,36,0,0,0,0,0,0,0,0,0,0,0,0,0,0,0,0,0,0,0,0
1991,152,5.1,65,0,0,0,0,0,0,0,0,0,0,0,0,0,0,0,0,0,0,0,0
2011,169,7.2,636,0,0,0,0,0,0,0,0,0,0,0,0,0,0,0,0,0,0,0,0
1978,134,6.3,136,0,0,0,0,0,0,0,0,0,0,0,0,0,0,0,0,0,0,0,0
2013,148,8.1,39098,0,0,0,0,0,0,0,0,0,0,0,0,0,0,0,0,0,0,0,0
2018,145,5.9,2314,0,0,0,0,0,0,0,0,0,0,0,0,0,0,0,0,0,0,0,0
1969,134,5.5,15,0,0,0,1,0,0,0,0,0,0,0,0,0,0,0,0,0,0,0,0
1977,134,5.1,37,0,0,0,0,0,0,0,0,0,0,0,0,0,0,0,0,0,0,0,0
1996,128,5.3,73,0,0,0,0,0,0,0,0,0,0,0,0,0,0,0,0,0,0,0,0
1992,174,6.5,1215,0,0,0,0,0,0,0,0,0,0,0,0,0,0,0,0,0,0,0,0
1997,134,4.9,38,0,0,0,0,0,0,0,0,0,0,0,0,0,0,0,0,0,0,0,0
2006,160,6.6,9288,0,0,0,0,0,0,1,0,0,0,0,0,0,0,0,0,0,0,0,0
1998,240,6.6,144,0,0,1,0,0,0,0,0,0,0,0,0,0,0,0,0,0,0,0,0
2018,120,5.6,1287,0,0,0,0,0,0,0,0,0,0,0,0,0,1,0,0,0,0,0,0
2010,130,5.4,30,0,0,0,0,0,0,0,0,0,0,0,0,0,0,0,0,0,0,0,0
2014,137,6.6,47,0,0,0,0,1,0,0,0,0,0,0,0,0,0,0,0,0,0,0,0
2002,100,3.7,257,0,0,0,0,0,0,0,0,0,0,0,0,0,0,0,0,0,0,0,0
1986,134,5.6,9,0,0,0,0,0,0,0,0,0,0,0,0,0,1,0,0,0,0,0,0
1988,150,6.7,142,0,0,0,0,0,0,1,0,0,0,0,0,0,0,0,0,0,0,0,0
1972,110,3.8,11,0,0,0,0,0,0,0,0,0,0,0,0,0,0,0,0,0,0,0,0
2008,120,3.7,77,0,0,0,0,0,0,1,0,0,0,0,0,0,0,0,0,0,0,0,0
1985,190,4.5,31,0,0,0,1,0,0,0,0,0,0,0,0,0,0,0,0,0,0,0,0
2016,125,5.4,118,0,0,0,0,0,0,1,0,0,0,0,0,0,0,0,0,0,0,0,0
1967,130,5.5,33,0,0,0,0,0,0,0,0,0,0,0,0,0,0,0,0,0,0,0,0
1987,134,5.0,7,0,0,0,0,0,0,0,0,0,0,0,0,0,0,0,0,0,1,0,0
2015,92,7.2,1699,0,0,0,1,0,0,0,0,0,0,0,0,0,0,0,0,0,0,0,0
2016,136,4.4,1153,0,0,0,0,0,0,1,0,0,0,0,0,0,0,0,0,0,0,0,0
2004,134,4.3,73,0,0,0,0,0,0,0,0,0,0,0,0,0,0,0,0,0,1,0,0
1998,180,6.9,584,0,0,0,0,0,0,0,0,0,0,0,0,0,0,0,0,0,0,0,0
2013,130,6.7,14,0,0,0,0,0,0,1,0,0,0,0,0,0,0,0,0,0,0,0,0
2009,138,7.6,29167,0,0,0,1,0,0,0,0,0,0,0,0,0,0,0,0,0,0,0,0
2017,79,6.6,28,0,0,0,0,0,0,1,0,0,0,0,0,0,0,0,0,0,0,0,0
1955,134,6.2,6,0,0,0,0,0,0,0,0,0,0,0,0,1,0,0,0,0,0,0,0
2009,147,6.6,22173,0,0,0,0,0,0,0,0,0,0,0,0,0,0,0,0,0,0,0,0
1984,145,6.5,36,0,0,0,0,0,0,0,0,0,0,0,0,0,0,0,0,0,0,0,0
2020,90,4.5,124,0,0,0,0,1,0,0,0,0,0,0,0,0,0,0,0,0,0,0,0
1969,134,7.4,8,0,0,0,0,0,0,1,0,0,0,0,0,0,0,0,0,0,0,0,0
1965,178,7.8,1244,0,0,0,0,0,0,1,0,0,0,0,0,0,0,0,0,0,0,0,0
1993,148,6.0,1478,0,0,0,0,0,0,0,0,0,0,0,0,0,0,0,0,0,0,0,0
1992,134,3.9,9,0,0,0,0,0,0,0,0,0,0,0,0,0,0,0,0,0,0,0,0
1987,134,4.8,12,0,0,0,0,0,0,0,0,0,0,0,0,0,0,0,0,0,0,0,0
1982,134,3.6,5,0,0,0,0,0,0,0,0,0,0,0,0,1,0,0,0,0,0,0,0
1988,156,6.3,97,0,0,0,0,0,0,0,0,0,0,0,0,0,0,0,0,0,0,0,0
1981,156,5.9,27,0,0,0,0,0,0,0,0,0,0,0,0,0,0,0,0,0,0,0,0
1984,134,5.9,9,0,0,0,0,0,0,0,0,0,0,0,0,0,0,0,0,0,0,0,0
2005,153,6.8,9478,0,0,0,1,0,0,0,0,0,0,0,0,0,0,0,0,0,0,0,0
1982,134,7.5,6,0,0,0,0,0,0,0,0,0,0,0,0,0,0,0,0,0,0,0,0
2019,154,6.5,20894,0,0,0,0,0,0,0,0,0,0,0,0,0,0,0,0,0,0,0,0
2002,148,8.0,129,0,0,0,0,0,1,0,0,0,0,0,0,0,0,0,0,0,0,0,0
2013,119,5.4,936,0,0,0,1,0,0,0,0,0,0,0,0,0,0,0,0,0,0,0,0
1981,133,6.8,51,0,0,0,0,0,0,0,0,0,0,0,0,0,0,0,0,0,0,0,0
1969,134,5.9,48,0,0,0,1,0,0,0,0,0,0,0,0,0,0,0,0,0,0,0,0
1954,122,6.4,9,0,0,0,0,0,0,1,0,0,0,0,0,0,0,0,0,0,0,0,0
2013,109,4.6,236,1,0,0,0,0,0,0,0,0,0,0,0,0,0,0,0,0,0,0,0
1975,95,7.1,97,0,0,0,0,0,0,0,0,0,0,0,0,0,0,0,0,0,0,0,0
1961,134,4.7,12,0,0,0,0,0,0,0,0,0,0,0,0,0,0,0,0,0,0,1,0
2016,136,4.1,294,0,0,0,0,0,0,0,0,0,0,0,0,0,0,0,0,0,0,0,0
1987,149,5.7,108,0,0,0,0,0,0,0,0,0,0,0,0,0,0,0,0,0,0,0,0
2005,117,7.7,14461,0,0,0,0,0,0,1,0,0,0,0,0,0,0,0,0,0,0,0,0
2018,67,6.3,60,0,0,0,0,0,1,0,0,0,0,0,0,0,0,0,0,0,0,0,0
2016,103,7.1,17809,0,0,0,0,0,0,0,0,0,0,0,0,0,0,0,0,0,0,0,0
2010,115,5.6,2975,0,0,0,1,0,0,0,0,0,0,0,0,0,0,0,0,0,0,0,0
2006,110,4.8,13,0,0,0,0,0,0,1,0,0,0,0,0,0,0,0,0,0,0,0,0
2017,108,4.9,82,0,0,0,0,0,0,1,0,0,0,0,0,0,0,0,0,0,0,0,0
2015,124,3.8,185,0,0,0,1,0,0,0,0,0,0,0,0,0,0,0,0,0,0,0,0
2007,159,6.9,19527,0,0,0,1,0,0,0,0,0,0,0,0,0,0,0,0,0,0,0,0
2015,131,4.3,1123,0,0,0,0,0,0,0,0,0,0,0,0,0,0,0,0,0,0,0,0
2015,152,4.2,5656,0,0,0,0,0,0,0,0,0,0,0,0,0,0,0,0,0,0,0,0
2020,126,7.5,2413,0,0,0,0,1,0,0,0,0,0,0,0,0,0,0,0,0,0,0,0
2018,117,6.0,11,0,0,0,0,1,0,0,0,0,0,0,0,0,0,0,0,0,0,0,0
2020,78,7.9,9,0,0,0,0,0,0,1,0,0,0,0,0,0,0,0,0,0,0,0,0
2012,109,5.2,133,0,0,0,0,0,0,1,0,0,0,0,0,0,0,0,0,0,0,0,0
2018,118,1.6,774,0,0,0,1,0,0,0,0,0,0,0,0,0,0,0,0,0,0,0,0
2008,133,6.9,3096,0,0,0,1,0,0,0,0,0,0,0,0,0,0,0,0,0,0,0,0
2009,144,7.3,1747,0,0,0,1,0,0,0,0,0,0,0,0,0,0,0,0,0,0,0,0
2019,92,5.4,597,0,0,0,0,0,0,1,0,0,0,0,0,0,0,0,0,0,0,0,0
2006,115,6.5,673,0,0,0,0,0,0,1,0,0,0,0,0,0,0,0,0,0,0,0,0
2013,98,5.0,191,1,0,0,0,0,0,0,0,0,0,0,0,0,0,0,0,0,0,0,0
2009,195,4.6,2627,0,0,0,1,0,0,0,0,0,0,0,0,0,0,0,0,0,0,0,0
2013,75,7.0,168,0,0,0,0,0,1,0,0,0,0,0,0,0,0,0,0,0,0,0,0
2008,101,4.9,87,0,0,0,0,0,0,1,0,0,0,0,0,0,0,0,0,0,0,0,0
1989,192,7.3,11486,0,0,0,0,0,0,1,0,0,0,0,0,0,0,0,0,0,0,0,0
2018,116,4.9,34,0,0,0,1,0,0,0,0,0,0,0,0,0,0,0,0,0,0,0,0
1998,154,5.8,2589,0,0,0,1,0,0,0,0,0,0,0,0,0,0,0,0,0,0,0,0
2017,112,5.5,83,0,0,0,0,0,0,1,0,0,0,0,0,0,0,0,0,0,0,0,0
2016,83,7.5,31,0,0,0,0,0,1,0,0,0,0,0,0,0,0,0,0,0,0,0,0
2004,94,6.8,107,0,0,0,0,0,0,1,0,0,0,0,0,0,0,0,0,0,0,0,0
2018,153,5.1,260,0,0,0,0,0,0,0,0,0,0,0,0,0,1,0,0,0,0,0,0
2011,130,3.9,15,0,0,0,0,0,0,0,0,0,0,1,0,0,0,0,0,0,0,0,0
2019,121,6.0,2442,0,0,0,0,1,0,0,0,0,0,0,0,0,0,0,0,0,0,0,0
2012,135,4.5,113,0,0,0,1,0,0,0,0,0,0,0,0,0,0,0,0,0,0,0,0
2018,94,9.0,70,0,0,0,0,0,0,1,0,0,0,0,0,0,0,0,0,0,0,0,0
2003,145,6.4,310,0,0,0,0,0,0,0,0,0,0,0,0,0,0,0,0,0,0,0,0
2020,93,4.8,122,0,0,0,0,0,0,1,0,0,0,0,0,0,0,0,0,0,0,0,0
2006,120,6.2,23,0,0,0,0,0,0,1,0,0,0,0,0,0,0,0,0,0,0,0,0
2004,134,4.4,40,0,0,0,0,1,0,0,0,0,0,0,0,0,0,0,0,0,0,0,0
1983,139,7.6,1145,0,0,0,0,0,0,1,0,0,0,0,0,0,0,0,0,0,0,0,0
1983,121,4.6,10,0,0,0,0,0,0,0,0,0,0,0,0,0,0,1,0,0,0,0,0
1964,140,7.6,960,0,0,0,0,0,0,1,0,0,0,0,0,0,0,0,0,0,0,0,0
1967,134,6.0,9,0,0,0,0,0,0,0,0,0,0,0,0,0,0,0,0,0,0,0,0
2006,156,6.4,1307,0,0,1,0,0,0,0,0,0,0,0,0,0,0,0,0,0,0,0,0
1974,142,7.1,30,0,0,0,0,0,0,0,0,0,0,0,0,0,0,0,0,0,1,0,0
1988,134,6.2,48,0,0,0,0,0,0,0,0,0,0,1,0,0,0,0,0,0,0,0,0
2004,150,6.4,32,0,0,0,0,0,0,0,0,0,0,0,0,0,0,1,0,0,0,0,0
1989,82,3.3,17,0,0,0,0,0,0,0,0,0,0,1,0,0,0,0,0,0,0,0,0
1986,134,7.8,28,0,0,0,0,0,0,0,0,0,0,0,0,0,0,0,0,0,0,0,0
2013,120,7.6,14,0,0,0,0,0,0,1,0,0,0,0,0,0,0,0,0,0,0,0,0
2008,134,3.3,395,0,0,0,0,0,0,1,0,0,0,0,0,0,0,0,0,0,0,0,0
2009,134,3.5,26,0,0,0,0,1,0,0,0,0,0,0,0,0,0,0,0,0,0,0,0
2007,134,5.7,11,0,0,1,0,0,0,0,0,0,0,0,0,0,0,0,0,0,0,0,0
2021,92,8.1,106,0,0,0,0,0,1,0,0,0,0,0,0,0,0,0,0,0,0,0,0
2003,121,3.9,57,0,0,0,0,0,0,0,0,0,0,0,0,0,1,0,0,0,0,0,0
2019,93,3.4,40,0,0,0,0,0,0,0,0,0,0,0,0,0,0,0,0,0,1,0,0
2020,97,2.7,50,0,0,0,0,0,0,0,0,0,0,0,0,0,0,0,0,0,1,0,0
2015,105,5.2,631,0,0,0,0,0,0,1,0,0,0,0,0,0,0,0,0,0,0,0,0
2003,152,5.7,798,0,0,0,1,0,0,0,0,0,0,0,0,0,0,0,0,0,0,0,0
2008,137,7.7,905,0,0,0,0,1,0,0,0,0,0,0,0,0,0,0,0,0,0,0,0
2014,120,5.9,278,0,0,0,0,0,0,0,0,0,0,0,0,0,0,0,0,0,0,0,0
1992,153,6.5,106,0,0,0,0,0,0,1,0,0,0,0,0,0,0,0,0,0,0,0,0
2001,171,4.4,3316,0,0,0,0,0,0,0,0,0,0,0,0,1,0,0,0,0,0,0,0
1970,134,6.3,26,0,0,0,0,0,0,0,0,0,0,0,0,1,0,0,0,0,0,0,0
1984,134,6.4,41,0,0,0,0,0,0,0,0,0,0,0,0,0,0,0,0,0,0,0,0
1990,134,5.0,10,0,0,0,0,0,0,0,0,0,0,0,0,0,0,1,0,0,0,0,0
1984,128,5.4,18,0,0,0,0,0,0,1,0,0,0,0,0,0,0,0,0,0,0,0,0
2014,153,3.5,341,0,0,0,0,0,0,0,0,0,0,0,0,0,0,0,0,0,0,0,0
1994,155,3.7,120,0,0,0,0,0,0,0,0,0,0,0,0,0,0,0,0,0,0,0,0
1985,134,6.6,7,0,0,0,0,0,0,0,0,0,0,0,0,0,0,0,0,0,0,0,0
1972,138,4.2,10,0,0,0,0,0,0,0,0,0,0,0,0,0,0,0,0,0,0,0,0
2008,134,4.8,40,0,0,0,0,0,0,1,0,0,0,0,0,0,0,0,0,0,0,0,0
2020,130,6.3,3955,0,0,0,0,0,0,0,0,0,0,0,0,0,0,0,0,0,0,0,0
1991,134,7.2,48,0,0,0,0,0,0,0,0,0,0,0,0,0,0,1,0,0,0,0,0
2015,108,5.6,239,0,0,0,0,0,0,0,0,0,0,0,0,0,0,1,0,0,0,0,0
1981,138,7.1,1676,0,0,0,0,0,0,0,0,0,0,0,0,0,0,0,0,0,0,0,0
2014,145,2.7,3187,0,0,0,0,0,0,1,0,0,0,0,0,0,0,0,0,0,0,0,0
1977,150,7.0,9,0,0,0,0,0,0,0,0,0,0,0,0,0,0,0,0,0,0,0,0
1985,137,6.0,32,0,0,0,0,0,0,0,0,0,0,0,0,0,0,0,0,0,0,0,0
2015,151,6.6,504,0,0,0,0,0,0,0,0,0,0,0,0,0,0,0,0,0,1,0,0
2020,115,5.1,244,0,0,0,1,0,0,0,0,0,0,0,0,0,0,0,0,0,0,0,0
1984,134,6.6,14,0,0,0,1,0,0,0,0,0,0,0,0,0,0,0,0,0,0,0,0
1958,170,7.2,216,0,0,0,0,0,0,0,0,0,0,0,0,0,0,0,0,0,0,0,0
1969,138,7.0,85,0,0,0,0,0,0,0,0,0,0,0,0,0,0,0,0,0,0,0,0
2005,116,5.1,698,0,0,0,0,0,0,1,0,0,0,0,0,0,0,0,0,0,0,0,0
2018,134,6.5,14,0,0,0,0,0,0,0,0,0,0,0,0,0,0,0,0,0,1,0,0
2012,90,3.3,29,0,0,0,0,0,0,0,0,0,0,1,0,0,0,0,0,0,0,0,0
1992,192,5.4,419,0,0,0,0,0,0,0,0,0,0,0,0,0,0,0,0,0,0,0,0
2014,77,6.7,15,0,0,0,0,0,0,1,0,0,0,0,0,0,0,0,0,0,0,0,0
2001,120,3.2,11,0,0,0,0,1,0,0,0,0,0,0,0,0,0,0,0,0,0,0,0
2013,154,3.4,1820,0,0,0,0,0,0,0,0,0,0,0,0,0,0,0,0,0,0,0,0
2018,145,4.5,1100,0,0,0,0,0,0,0,0,0,0,0,0,0,0,0,0,0,0,0,0
1998,134,5.6,55,0,0,0,0,0,0,0,0,0,0,0,0,0,0,0,0,0,0,0,0
1995,125,4.7,344,0,0,0,0,0,0,0,0,0,0,0,0,0,0,0,0,0,0,0,0
1980,134,4.9,16,0,0,0,0,0,0,0,0,0,0,0,0,0,0,0,0,0,0,0,0
1996,132,5.4,13,0,0,0,0,0,0,0,0,0,0,0,0,1,0,0,0,0,0,0,0
2015,117,6.1,14,0,0,0,1,0,0,0,0,0,0,0,0,0,0,0,0,0,0,0,0
1975,175,4.4,10,0,0,0,0,0,0,1,0,0,0,0,0,0,0,0,0,0,0,0,0
1955,134,5.9,12,0,0,0,0,0,0,0,0,0,0,0,0,1,0,0,0,0,0,0,0
1935,134,5.0,7,1,0,0,0,0,0,0,0,0,0,0,0,0,0,0,0,0,0,0,0
1988,173,6.3,197,0,0,0,0,0,0,0,0,0,0,0,0,0,0,0,0,0,0,0,0
2006,129,6.4,132,0,0,0,0,0,0,1,0,0,0,0,0,0,0,0,0,0,0,0,0
1952,134,8.8,8,0,0,0,0,0,0,1,0,0,0,0,0,0,0,0,0,0,0,0,0
1973,134,4.1,17,0,0,0,0,0,0,0,0,0,0,0,0,1,0,0,0,0,0,0,0
2011,106,4.6,10,0,0,0,0,0,0,0,0,0,0,0,0,0,0,1,0,0,0,0,0
2016,126,3.4,115,0,0,0,0,0,0,0,0,0,0,0,0,0,0,0,0,0,0,0,0
1991,134,5.8,36,0,0,0,0,0,0,1,0,0,0,0,0,0,0,0,0,0,0,0,0
2020,117,7.6,1126,0,0,0,0,0,0,1,0,0,0,0,0,0,0,0,0,0,0,0,0
1984,150,5.8,38,0,0,0,0,0,0,0,0,0,0,0,0,0,0,0,0,0,0,0,0
2003,147,3.9,200,0,0,0,0,0,0,1,0,0,0,0,0,0,0,0,0,0,0,0,0
2002,152,4.3,273,0,0,0,0,0,0,0,0,0,0,0,0,0,0,0,0,0,0,0,0
1963,116,5.4,19,0,0,0,0,0,0,1,0,0,0,0,0,0,0,0,0,0,0,0,0
2014,98,6.4,10,0,0,0,0,0,0,0,0,0,0,0,0,0,0,0,0,0,0,0,0
1994,155,6.0,4348,0,0,0,1,0,0,0,0,0,0,0,0,0,0,0,0,0,0,0,0
2011,107,4.7,86,0,0,0,0,0,0,1,0,0,0,0,0,0,0,0,0,0,0,0,0
2011,134,5.8,31,0,0,0,0,1,0,0,0,0,0,0,0,0,0,0,0,0,0,0,0
1972,134,6.8,29,0,0,0,0,0,0,0,0,0,0,0,0,0,0,0,0,0,0,0,0
2014,95,3.6,233,0,0,0,1,0,0,0,0,0,0,0,0,0,0,0,0,0,0,0,0
2003,90,6.6,9,1,0,0,0,0,0,0,0,0,0,0,0,0,0,0,0,0,0,0,0
2017,128,5.2,175,0,0,0,0,0,0,0,0,0,0,0,0,0,0,0,0,0,0,0,0
2002,165,4.7,2443,0,0,0,1,0,0,0,0,0,0,0,0,0,0,0,0,0,0,0,0
2016,134,6.0,35,0,0,0,1,0,0,0,0,0,0,0,0,0,0,0,0,0,0,0,0
2009,82,7.5,70,0,0,0,1,0,0,0,0,0,0,0,0,0,0,0,0,0,0,0,0
1999,148,4.4,263,0,0,0,0,0,0,0,0,0,0,0,0,0,0,0,0,0,0,0,0
2001,108,3.3,11,0,0,0,0,1,0,0,0,0,0,0,0,0,0,0,0,0,0,0,0
1984,134,6.3,39,0,0,0,0,0,0,0,0,0,0,0,0,0,0,1,0,0,0,0,0
2015,134,5.8,12,0,0,0,0,0,0,0,0,0,0,0,0,0,0,0,0,0,0,0,0
2013,160,7.1,39863,0,0,0,0,0,0,1,0,0,0,0,0,0,0,0,0,0,0,0,0
2012,147,5.2,76,0,0,0,0,0,0,1,0,0,0,0,0,0,0,0,0,0,0,0,0
1980,140,4.4,15,0,0,0,0,0,0,1,0,0,0,0,0,0,0,0,0,0,0,0,0
2018,133,6.1,10,0,0,0,0,0,0,1,0,0,0,0,0,0,0,0,0,0,0,0,0
2002,160,3.8,32,0,0,0,0,0,0,0,0,0,0,0,0,1,0,0,0,0,0,0,0
2012,134,6.8,26,0,0,0,0,0,0,0,1,0,0,0,0,0,0,0,0,0,0,0,0
2002,134,4.6,242,0,0,0,1,0,0,0,0,0,0,0,0,0,0,0,0,0,0,0,0
2004,135,3.7,1636,0,0,0,0,0,0,1,0,0,0,0,0,0,0,0,0,0,0,0,0
1996,139,4.9,1214,0,0,0,0,0,0,1,0,0,0,0,0,0,0,0,0,0,0,0,0
2002,134,5.0,69,0,0,0,0,0,0,0,0,0,0,0,0,0,0,0,0,0,0,0,0
1982,134,6.5,30,0,0,0,0,0,0,1,0,0,0,0,0,0,0,0,0,0,0,0,0
2001,149,4.1,685,0,0,0,0,0,0,0,0,0,0,0,0,0,0,0,0,0,0,0,0
1992,117,3.4,17,0,0,0,0,0,0,0,0,0,0,1,0,0,0,0,0,0,0,0,0
1966,134,6.8,65,0,0,0,0,0,0,1,0,0,0,0,0,0,0,0,0,0,0,0,0
1963,150,6.0,49,0,0,0,0,1,0,0,0,0,0,0,0,0,0,0,0,0,0,0,0
1981,134,5.3,9,0,0,0,0,1,0,0,0,0,0,0,0,0,0,0,0,0,0,0,0
2019,137,8.0,3265,0,0,0,0,0,0,1,0,0,0,0,0,0,0,0,0,0,0,0,0
2011,130,7.5,4489,0,0,0,0,1,0,0,0,0,0,0,0,0,0,0,0,0,0,0,0
2019,92,8.6,500,0,0,0,1,0,0,0,0,0,0,0,0,0,0,0,0,0,0,0,0
1982,136,6.5,34,0,0,0,0,0,0,0,0,0,0,0,0,0,0,0,0,0,0,0,0
1982,138,7.2,311,0,0,0,0,0,0,0,0,0,0,0,0,0,0,1,0,0,0,0,0
1987,134,7.7,36,0,0,0,0,0,0,1,0,0,0,0,0,0,0,0,0,0,0,0,0
2001,146,3.0,146,0,0,0,0,0,0,1,0,0,0,0,0,0,0,0,0,0,0,0,0
1966,159,5.2,9,0,0,0,0,0,0,1,0,0,0,0,0,0,0,0,0,0,0,0,0
2005,132,4.8,14,0,0,0,0,0,0,0,0,0,0,0,0,0,0,0,0,0,1,0,0
1977,133,6.4,115,0,0,0,1,0,0,0,0,0,0,0,0,0,0,0,0,0,0,0,0
2005,134,5.4,18,0,0,0,0,0,0,0,0,0,0,0,0,0,0,0,0,0,0,0,0
1997,163,6.8,12714,0,0,0,1,0,0,0,0,0,0,0,0,0,0,0,0,0,0,0,0
1997,145,7.2,1063,0,0,0,0,0,0,0,0,0,0,0,0,0,0,0,0,0,0,0,0
1991,142,4.6,162,0,0,0,0,0,0,0,0,0,0,0,0,0,0,0,0,0,0,0,0
2002,134,6.6,8,0,0,0,0,0,0,0,0,0,0,0,0,0,0,0,0,0,0,0,0
2016,119,7.8,1459,0,0,0,1,0,0,0,0,0,0,0,0,0,0,0,0,0,0,0,0
2014,133,5.1,1843,0,0,0,0,0,0,1,0,0,0,0,0,0,0,0,0,0,0,0,0
1949,134,5.4,5,0,0,0,0,0,0,0,0,0,0,0,0,0,0,0,0,0,0,1,0
2001,175,5.7,803,0,0,0,1,0,0,0,0,0,0,0,0,0,0,0,0,0,0,0,0
2018,84,5.9,102,0,0,0,0,0,0,1,0,0,0,0,0,0,0,0,0,0,0,0,0
2016,124,7.0,15,0,0,0,0,0,0,1,0,0,0,0,0,0,0,0,0,0,0,0,0
1985,155,6.2,174,0,0,0,0,0,0,0,0,0,0,0,0,0,0,0,0,0,0,0,0
2021,75,7.7,10,0,0,0,0,0,0,0,0,0,0,0,0,0,0,0,0,0,0,0,0
1993,134,7.0,43,0,0,0,0,0,0,0,0,0,0,0,0,0,0,0,0,0,0,0,0
1998,134,6.1,221,0,0,0,0,0,0,1,0,0,0,0,0,0,0,0,0,0,0,0,0
1994,134,5.5,12,0,0,0,1,0,0,0,0,0,0,0,0,0,0,0,0,0,0,0,0
2004,161,7.4,8588,0,0,0,0,0,0,0,0,0,0,0,0,0,0,0,0,0,0,0,0
1979,154,4.8,50,0,0,0,0,0,0,0,0,0,0,0,0,0,0,0,0,0,0,0,0
2008,151,4.1,4147,0,0,0,1,0,0,0,0,0,0,0,0,0,0,0,0,0,0,0,0
1994,131,4.9,561,0,0,0,0,0,0,0,0,0,0,0,0,0,0,0,0,0,0,0,0
1962,134,5.9,16,0,0,0,0,0,0,0,0,0,0,0,0,0,0,0,0,0,0,0,0
1985,159,5.3,101,0,0,0,0,0,0,0,0,0,0,0,0,0,0,0,0,0,0,0,0
2008,134,4.5,8,0,0,0,0,0,0,0,0,0,0,0,0,0,0,1,0,0,0,0,0
2001,134,4.7,45,0,0,0,0,0,0,0,0,0,0,0,0,0,0,0,0,0,0,0,0
1990,163,4.6,102,0,0,0,0,0,0,0,0,0,0,0,0,0,0,0,0,0,0,0,0
1998,125,7.9,3007,0,0,0,0,0,0,1,0,0,0,0,0,0,0,0,0,0,0,0,0
1989,134,4.4,7,0,0,0,0,0,0,0,0,0,0,0,0,0,0,0,0,0,0,0,0
1975,134,6.2,32,0,0,0,0,1,0,0,0,0,0,0,0,0,0,0,0,0,0,0,0
1982,134,4.9,7,0,0,0,0,0,0,0,0,0,0,0,0,0,0,0,0,0,0,0,0
1988,132,6.2,59,0,0,0,0,0,0,1,0,0,0,0,0,0,0,0,0,0,0,0,0
1994,151,4.0,453,0,0,0,0,0,0,0,0,0,0,0,0,0,0,0,0,0,0,0,0
1993,125,5.0,16,0,0,0,0,0,0,0,0,0,0,1,0,0,0,0,0,0,0,0,0
1984,134,4.5,25,0,0,0,0,0,0,0,0,0,0,0,0,0,0,0,0,0,0,0,0
2001,134,3.2,8,0,0,0,0,0,0,0,0,0,0,0,0,0,0,0,0,0,0,0,0
1995,134,5.5,34,0,0,0,0,0,0,0,0,0,0,0,0,0,0,0,0,0,0,0,0
1990,134,5.1,18,0,0,0,0,0,0,0,0,0,0,0,0,1,0,0,0,0,0,0,0
1993,131,4.7,32,0,0,0,0,0,0,0,0,0,0,0,0,0,0,0,0,0,0,0,0
2017,134,7.6,15,0,0,0,1,0,0,0,0,0,0,0,0,0,0,0,0,0,0,0,0
1980,120,5.6,9,0,0,0,0,0,0,0,0,0,0,0,0,0,0,0,0,0,0,0,0
1941,134,6.4,5,0,0,0,0,0,0,1,0,0,0,0,0,0,0,0,0,0,0,0,0
1952,134,7.6,8,0,0,0,0,0,0,1,0,0,0,0,0,0,0,0,0,0,0,0,0
1988,169,6.0,78,0,0,0,0,0,0,0,0,0,0,0,0,0,0,0,0,0,0,0,0
1995,162,4.9,1925,0,0,0,0,0,0,0,0,0,0,0,0,0,0,0,0,0,0,0,0
1977,127,3.8,9,0,0,0,0,0,0,0,0,0,0,0,0,0,0,0,0,0,0,0,0
1981,175,6.8,146,0,0,0,0,0,0,0,0,0,0,0,0,0,0,1,0,0,0,0,0
1985,154,6.3,47,0,0,0,0,0,0,0,0,0,0,0,0,0,0,0,0,0,0,0,0
1994,172,5.5,66,0,0,0,0,0,0,0,0,0,0,0,0,0,0,0,0,0,0,0,0
1939,134,6.3,7,1,0,0,0,0,0,0,0,0,0,0,0,0,0,0,0,0,0,0,0
1987,134,4.6,57,0,0,0,0,0,0,1,0,0,0,0,0,0,0,0,0,0,0,0,0
2003,154,5.3,1468,0,0,0,0,0,0,0,0,0,0,0,0,0,0,0,0,0,0,0,0
1972,134,6.0,18,0,0,0,0,0,0,1,0,0,0,0,0,0,0,0,0,0,0,0,0
1984,133,5.5,44,0,0,0,0,0,0,0,1,0,0,0,0,0,0,0,0,0,0,0,0
1960,134,5.9,10,0,0,0,0,0,0,1,0,0,0,0,0,0,0,0,0,0,0,0,0
1975,136,6.2,342,0,0,0,0,0,0,0,0,0,0,0,0,0,0,0,0,0,0,0,0
2005,137,3.0,329,0,0,0,0,0,0,1,0,0,0,0,0,0,0,0,0,0,0,0,0
1997,134,3.7,32,0,0,0,0,0,0,0,0,0,0,0,0,0,0,0,0,0,0,0,0
1943,166,3.3,6,0,0,0,0,0,0,0,0,0,0,0,0,0,1,0,0,0,0,0,0
1977,134,4.7,7,0,0,0,0,0,0,0,0,0,0,0,0,0,0,0,0,0,0,1,0
1973,145,7.6,3729,0,0,0,0,0,0,0,0,0,0,0,0,0,0,0,0,0,0,0,0
1998,134,6.0,14,0,0,0,0,0,0,0,0,0,0,0,0,0,0,0,0,0,0,0,0
2013,137,3.2,2416,0,0,0,0,0,0,0,0,0,0,0,0,0,0,0,0,0,0,0,0
1993,168,7.6,582,0,0,0,1,0,0,0,0,0,0,0,0,0,0,0,0,0,0,0,0
2013,115,6.3,7,0,0,0,0,0,0,1,0,0,0,0,0,0,0,0,0,0,0,0,0
1983,149,7.7,93,0,0,0,0,0,0,1,0,0,0,0,0,0,0,0,0,0,0,0,0
1972,140,6.4,14,0,0,0,0,0,0,1,0,0,0,0,0,0,0,0,0,0,0,0,0
2014,141,6.4,449,0,0,0,1,0,0,0,0,0,0,0,0,0,0,0,0,0,0,0,0
1945,134,6.8,15,0,0,0,1,0,0,0,0,0,0,0,0,0,0,0,0,0,0,0,0
2005,132,5.4,1937,0,0,0,0,1,0,0,0,0,0,0,0,0,0,0,0,0,0,0,0
1974,131,7.1,81,0,0,0,0,0,0,1,0,0,0,0,0,0,0,0,0,0,0,0,0
2018,164,5.4,24784,0,0,0,1,0,0,0,0,0,0,0,0,0,0,0,0,0,0,0,0
1987,134,6.7,38,0,0,0,0,0,0,1,0,0,0,0,0,0,0,0,0,0,0,0,0
1945,134,3.1,7,0,0,0,0,0,0,0,0,0,0,0,0,0,0,0,0,0,0,1,0
1994,129,4.7,18,0,0,0,0,0,0,1,0,0,0,0,0,0,0,0,0,0,0,0,0
2014,126,4.4,1105,0,0,0,0,1,0,0,0,0,0,0,0,0,0,0,0,0,0,0,0
1964,150,6.9,44,0,0,0,0,0,0,0,0,0,0,0,0,1,0,0,0,0,0,0,0
1997,170,5.8,1551,0,0,0,0,0,0,0,0,0,0,0,0,0,0,0,0,0,0,0,0
1948,134,7.8,37,0,0,0,0,0,0,1,0,0,0,0,0,0,0,0,0,0,0,0,0
2013,142,3.6,1301,0,0,0,0,0,0,0,0,0,0,0,0,0,0,0,0,0,0,0,0
1958,142,4.8,9,1,0,0,0,0,0,0,0,0,0,0,0,0,0,0,0,0,0,0,0
1960,136,5.3,6,0,0,0,0,0,0,1,0,0,0,0,0,0,0,0,0,0,0,0,0
1990,134,3.0,7,0,0,0,0,0,0,1,0,0,0,0,0,0,0,0,0,0,0,0,0
2006,116,4.9,3314,0,0,0,0,0,0,0,0,0,0,0,0,0,0,0,0,0,0,0,0
1975,125,7.1,51,0,0,0,0,0,0,0,0,0,0,0,0,0,0,0,0,0,0,0,0
1986,112,3.9,9,0,0,0,0,0,0,1,0,0,0,0,0,0,0,0,0,0,0,0,0
1986,131,7.1,27,0,0,0,0,0,0,1,0,0,0,0,0,0,0,0,0,0,0,0,0
2006,134,4.0,238,0,0,0,0,0,0,1,0,0,0,0,0,0,0,0,0,0,0,0,0
1964,157,6.5,50,0,0,0,0,0,0,0,0,0,0,0,0,1,0,0,0,0,0,0,0
1940,120,7.0,12,0,0,0,0,0,0,1,0,0,0,0,0,0,0,0,0,0,0,0,0
1976,139,6.8,26,0,0,0,0,0,0,1,0,0,0,0,0,0,0,0,0,0,0,0,0
2000,118,2.8,8,0,0,0,0,0,0,0,0,0,0,0,0,0,0,1,0,0,0,0,0
2013,130,2.7,219,0,0,0,1,0,0,0,0,0,0,0,0,0,0,0,0,0,0,0,0
1961,134,6.9,31,0,0,0,0,0,0,0,0,0,0,0,0,0,0,1,0,0,0,0,0
1965,134,6.0,5,0,0,0,0,0,0,1,0,0,0,0,0,0,0,0,0,0,0,0,0
1992,134,5.4,283,0,0,0,0,0,0,0,0,0,0,0,0,0,0,0,0,0,0,0,0
1988,120,8.2,33,0,0,0,0,0,1,0,0,0,0,0,0,0,0,0,0,0,0,0,0
2013,117,3.7,6,0,0,0,1,0,0,0,0,0,0,0,0,0,0,0,0,0,0,0,0
1984,134,6.8,5,0,0,0,0,0,0,1,0,0,0,0,0,0,0,0,0,0,0,0,0
2002,126,5.5,51,0,0,0,0,0,0,1,0,0,0,0,0,0,0,0,0,0,0,0,0
2011,155,8.2,70344,0,0,0,1,0,0,0,0,0,0,0,0,0,0,0,0,0,0,0,0
2012,120,4.4,33,0,0,0,0,0,0,0,0,0,0,0,0,0,0,1,0,0,0,0,0
2019,120,6.0,13,0,0,0,0,0,0,0,1,0,0,0,0,0,0,0,0,0,0,0,0
1958,134,6.3,7,0,0,0,0,0,0,1,0,0,0,0,0,0,0,0,0,0,0,0,0
2000,140,5.7,7,0,0,0,0,0,0,1,0,0,0,0,0,0,0,0,0,0,0,0,0
1972,134,6.5,20,0,0,0,0,0,0,1,0,0,0,0,0,0,0,0,0,0,0,0,0
2011,109,4.0,351,0,0,0,0,0,0,0,0,0,0,0,0,0,0,0,0,0,0,0,0
2018,100,5.7,78,0,0,0,0,0,0,1,0,0,0,0,0,0,0,0,0,0,0,0,0
2009,134,6.1,59,0,0,0,1,0,0,0,0,0,0,0,0,0,0,0,0,0,0,0,0
1998,157,4.3,268,0,0,0,0,0,0,0,0,0,0,0,0,0,0,0,0,0,0,0,0
1996,134,4.7,29,0,0,0,0,0,0,0,0,0,0,0,0,0,0,0,0,0,0,0,0
1975,150,5.6,33,0,0,0,0,0,0,0,0,0,0,0,0,0,0,0,0,0,0,0,0
2015,115,6.1,408,0,0,0,0,0,0,1,0,0,0,0,0,0,0,0,0,0,0,0,0
2001,153,6.2,1496,0,0,1,0,0,0,0,0,0,0,0,0,0,0,0,0,0,0,0,0
1985,134,4.9,11,0,0,0,0,0,0,0,0,0,0,0,0,0,0,0,0,0,0,0,0
1992,134,5.3,135,0,0,0,0,0,0,0,0,0,0,0,0,0,0,0,0,0,0,0,0
1989,125,5.8,44,0,0,0,0,0,0,0,0,0,0,0,0,0,0,0,0,0,0,0,0
1988,134,4.6,11,0,0,0,0,0,0,0,0,0,0,0,0,0,0,0,0,0,0,0,0
1999,129,4.5,655,0,0,0,0,0,0,0,0,0,0,0,0,0,0,0,0,0,0,0,0
1998,130,6.2,20,0,0,0,0,0,0,0,0,0,0,0,0,0,0,0,0,0,0,0,0
